PRAGMA foreign_keys=OFF;
BEGIN TRANSACTION;
CREATE TABLE source (source_id INTEGER PRIMARY KEY AUTOINCREMENT, sources TEXT UNIQUE NOT NULL);
INSERT INTO source VALUES(1,'1790 US Census');
INSERT INTO source VALUES(2,'1800 US Census');
INSERT INTO source VALUES(3,'1810 US Census');
INSERT INTO source VALUES(4,'1820 US Census');
INSERT INTO source VALUES(5,'1830 US Census');
INSERT INTO source VALUES(6,'1840 US Census');
INSERT INTO source VALUES(7,'1850 US Census');
INSERT INTO source VALUES(8,'1860 US Census');
INSERT INTO source VALUES(9,'1870 US Census');
INSERT INTO source VALUES(10,'1880 US Census');
INSERT INTO source VALUES(11,'1890 US Census');
INSERT INTO source VALUES(12,'1900 US Census');
INSERT INTO source VALUES(13,'1910 US Census');
INSERT INTO source VALUES(14,'1920 US Census');
INSERT INTO source VALUES(15,'1930 US Census');
INSERT INTO source VALUES(16,'1940 US Census');
INSERT INTO source VALUES(17,'1950 US Census');
INSERT INTO source VALUES(18,'1960 US Census');
INSERT INTO source VALUES(19,'1970 US Census');
INSERT INTO source VALUES(20,'1980 US Census');
INSERT INTO source VALUES(21,'1990 US Census');
INSERT INTO source VALUES(22,'2000 US Census');
INSERT INTO source VALUES(23,'2010 US Census');
INSERT INTO source VALUES(24,'2020 US Census');
INSERT INTO source VALUES(25,'2030 US Census');
INSERT INTO source VALUES(26,'2040 US Census');
INSERT INTO source VALUES(27,'2050 US Census');
INSERT INTO source VALUES(28,'2060 US Census');
INSERT INTO source VALUES(29,'2070 US Census');
CREATE TABLE image (image_id INTEGER PRIMARY KEY AUTOINCREMENT, images TEXT UNIQUE NOT NULL, caption TEXT);
INSERT INTO image VALUES(1,'sample_00001-a.jpg','shaping up');
INSERT INTO image VALUES(2,'sample_00001-b.gif','in 1939');
INSERT INTO image VALUES(3,'sample_00007-8-a.jpg','two peas in a pod');
INSERT INTO image VALUES(4,'sample_00006-a.jpg','Wyoming''s most beloved itinerant piano teacher');
INSERT INTO image VALUES(5,'sample_00002-a.png','popular soloist in his church');
INSERT INTO image VALUES(6,'sample_00004-a.jpg','rough day at the keyboard');
INSERT INTO image VALUES(7,'sample_00003-a.png','missing the old country');
INSERT INTO image VALUES(8,'sample_00292-293-a.jpg','lawmen of the Rockies');
INSERT INTO image VALUES(9,'no_photo_001.gif','Add a photo--how about a vintage photo of where this person lived?');
INSERT INTO image VALUES(10,'sample_00011-a.jpg','stern as Mother Nature');
INSERT INTO image VALUES(12,'sample_00005-a.jpg','inscription: "Don Don"');
INSERT INTO image VALUES(13,'sample_00012-a.jpg','early 20s');
INSERT INTO image VALUES(14,'0_default_image_unisex.jpg','Add a photo--how about a vintage photo of where this person lived?');
INSERT INTO image VALUES(15,'0_default_image_female.jpg','Add a photo--how about a vintage photo of where this person lived?');
INSERT INTO image VALUES(16,'sample_00001-c.jpg','how do you do (in Italian)');
INSERT INTO image VALUES(17,'0_default_image_male.gif','Add a photo--how about a vintage photo of where this person lived?');
INSERT INTO image VALUES(18,'0_default_image_source.jpg','Add a photo--how about a vintage photo of where this person lived?');
INSERT INTO image VALUES(19,'0_default_image_place.jpg','Add a photo--how about a vintage photo of where this person lived?');
INSERT INTO image VALUES(20,'sample_00001-d.jpg','bruised & beaten');
INSERT INTO image VALUES(21,'sample_00001-e.jpg','bruised & beaten profile');
INSERT INTO image VALUES(22,'sample_00001-f.jpg','borrowed hat');
INSERT INTO image VALUES(23,'sample_00001-g.jpg','shorn');
INSERT INTO image VALUES(24,'sample_00001-h.jpg','shorn profile');
INSERT INTO image VALUES(25,'sample_00001-i.jpg','before the storm');
INSERT INTO image VALUES(26,'sample_00001-j.jpg','1949');
INSERT INTO image VALUES(27,'colorado_1880_world_atlas_mapgeeks.org.jpg','1880 Colorado Map from Mitchells World Atlas');
INSERT INTO image VALUES(28,'wyoming_1893_crams_state_map_mapgeeks.org.jpg','1893 Cram''s State Map of Wyoming');
INSERT INTO image VALUES(29,'1920_aspen_pitkin-co_colo_sheet2b.jpg','1920 US Census, Aspen, Pitkin County, Colorado, Sheet 2B');
INSERT INTO image VALUES(30,'1910_ward2_aspen_pitkin-co_colo_sheet67a.jpg','1910 US Census, Ward 2, Aspen, Pitkin County, Colorado, Sheet 67A');
INSERT INTO image VALUES(31,'1900_ward1_cheyenne_laramie-co_wy_sheet7.jpg','1900 Ward 1, Cheyenne, Laramie County, Wyoming, Sheet 7');
INSERT INTO image VALUES(32,'1900_ward3_cheyenne_laramie-co_wy_sheet22.jpg','1900 Ward 3, Cheyenne, Laramie County, Wyoming, Sheet 22');
INSERT INTO image VALUES(33,'cheyenne_1867_wyohistory.org_first_union_pacific_loco.jpg','1867 First Union Pacific Locomotive in Cheyenne, Wyoming');
INSERT INTO image VALUES(34,'wyoming_1898_map.jpg','1898 Map of Wyoming');
INSERT INTO image VALUES(35,'cheyenne_1885_wyomingtalesandtrails.com_wheelmen.jpg','1885 Cheyenne, Wyoming wheelmen');
INSERT INTO image VALUES(36,'cheyenne_1909_wyomingtalesandtrails.com_carnegie_library.jpg','1909 Cheyenne, Wyoming Carnegie Library');
INSERT INTO image VALUES(37,'cheyenne_1882_wyomingtalesandtrails.com_laramie_county_courthouse.jpg','1882 Cheyenne, Laramie County, Wyoming County Courthouse');
INSERT INTO image VALUES(38,'cheyenne_wyomingtalesandtrails.com_beer_wagon.jpg','Cheyenne, Wyoming beer wagon');
INSERT INTO image VALUES(39,'aspen_1890_valleyfineart.com_burro_pack_train.jpg','1890 Aspen, Colorado burro pack train');
INSERT INTO image VALUES(40,'aspen_1918_valleyfineart.com_brand-bldg-celeb.jpg','1918 Aspen, Colorado Brand Building Celebration');
INSERT INTO image VALUES(41,'colorado_1880_world_atlas_mapgeeks.org_small.jpg','1880 Colorado Map from Mitchells World Atlas');
INSERT INTO image VALUES(46,'sample_wynne_hg.jpg','the distinguished gentleman');
INSERT INTO image VALUES(47,'sample_frantz-emilio-gerard.jpg','superintendent of camp school district');
INSERT INTO image VALUES(48,'sample_vanzandt-andrew-ellsworth.jpg','old school');
INSERT INTO image VALUES(49,'sample_bordeaux-edward-riley.jpg','log camp reverend');
INSERT INTO image VALUES(50,'sample_knoll_anastasia.jpg','Cheyenne 1909');
INSERT INTO image VALUES(51,'sample_bunker-roger.jpg','Cheyenne 1909');
INSERT INTO image VALUES(52,'sample_beamer-michael-vaughn.jpg','golf enthusiast');
INSERT INTO image VALUES(53,'sample_forbes-eleonora-renee.jpg','Ellie 1909 at a wedding');
INSERT INTO image VALUES(54,'sample_forbes-kirstin-leslie.jpg','Kirstin Forbes 1909');
INSERT INTO image VALUES(55,'sample_girl_at_piano_cezanne.jpg','Girl at Piano by Cezanne');
INSERT INTO image VALUES(56,'sample_hodgdon-sunny-renay.jpg','roommate Sunny');
INSERT INTO image VALUES(57,'sample_olszewski-audra-annice.jpg','Landlady Miss Aud we called her');
INSERT INTO image VALUES(58,'sample_petit-candice-kyra.jpg','Candy KP');
INSERT INTO image VALUES(59,'sample_hollingshead-joseph-blaine.jpg','Pastor Holly as they called him');
INSERT INTO image VALUES(60,'aspen_lumber_co_605x480.jpg','built circa 1882. 100 West Cooper Street, Aspen, Pitkin County, Colorado. Historic American Buildings Survey, US National Park Service. 1980 photo.');
INSERT INTO image VALUES(61,'aspen_silver_mines_1898_640x334.jpg','');
INSERT INTO image VALUES(62,'default_image_unisex.jpg','');
CREATE TABLE event_type (event_type_id INTEGER PRIMARY KEY AUTOINCREMENT, event_types TEXT UNIQUE NOT NULL, built_in BOOLEAN NOT NULL DEFAULT 0, hidden BOOLEAN NOT NULL DEFAULT 0, couple BOOLEAN NOT NULL DEFAULT 0, after_death BOOLEAN NOT NULL DEFAULT 0, marital BOOLEAN NOT NULL DEFAULT 0);
INSERT INTO event_type VALUES(1,'birth',1,0,0,0,0);
INSERT INTO event_type VALUES(2,'marriage',1,0,1,0,1);
INSERT INTO event_type VALUES(3,'illness',1,0,0,0,0);
INSERT INTO event_type VALUES(4,'death',1,0,0,0,0);
INSERT INTO event_type VALUES(5,'burial',1,0,0,1,0);
INSERT INTO event_type VALUES(6,'occupation',1,0,0,0,0);
INSERT INTO event_type VALUES(7,'imprisonment',1,0,0,0,0);
INSERT INTO event_type VALUES(8,'deportation',1,0,0,0,0);
INSERT INTO event_type VALUES(9,'invention',1,0,0,0,0);
INSERT INTO event_type VALUES(10,'religious conversion',1,0,0,0,0);
INSERT INTO event_type VALUES(11,'wedding',1,0,1,0,1);
INSERT INTO event_type VALUES(12,'ran away from home',1,0,0,0,0);
INSERT INTO event_type VALUES(13,'residence',1,0,0,0,0);
INSERT INTO event_type VALUES(14,'autopsy',1,0,0,1,0);
INSERT INTO event_type VALUES(15,'divorce',1,0,1,0,1);
INSERT INTO event_type VALUES(16,'engagement',1,0,1,0,0);
INSERT INTO event_type VALUES(17,'annulment',1,0,1,0,1);
INSERT INTO event_type VALUES(18,'separation',1,0,1,0,1);
INSERT INTO event_type VALUES(19,'eye color',1,0,0,0,0);
INSERT INTO event_type VALUES(20,'hair color',1,0,0,0,0);
INSERT INTO event_type VALUES(21,'height',1,0,0,0,0);
INSERT INTO event_type VALUES(22,'weight',1,0,0,0,0);
INSERT INTO event_type VALUES(23,'build',1,0,0,0,0);
INSERT INTO event_type VALUES(24,'complexion',1,0,0,0,0);
INSERT INTO event_type VALUES(25,'race',1,0,0,0,0);
INSERT INTO event_type VALUES(26,'ethnic origin',1,0,0,0,0);
INSERT INTO event_type VALUES(27,'marks, scars',1,0,0,0,0);
INSERT INTO event_type VALUES(28,'disability',1,0,0,0,0);
INSERT INTO event_type VALUES(29,'condition',1,0,0,0,0);
INSERT INTO event_type VALUES(30,'religion',1,0,0,0,0);
INSERT INTO event_type VALUES(31,'career',1,0,0,0,0);
INSERT INTO event_type VALUES(32,'number of children, total',1,0,0,0,0);
INSERT INTO event_type VALUES(33,'number of children, living',1,0,0,0,0);
INSERT INTO event_type VALUES(34,'marital status',1,0,0,0,0);
INSERT INTO event_type VALUES(35,'political affiliation',1,0,0,0,0);
INSERT INTO event_type VALUES(36,'special talent',1,0,0,0,0);
INSERT INTO event_type VALUES(37,'hobby',1,0,0,0,0);
INSERT INTO event_type VALUES(38,'able to read',1,0,0,0,0);
INSERT INTO event_type VALUES(39,'able to write',1,0,0,0,0);
INSERT INTO event_type VALUES(40,'first language',1,0,0,0,0);
INSERT INTO event_type VALUES(41,'nationality',1,0,0,0,0);
INSERT INTO event_type VALUES(42,'education level',1,0,0,0,0);
INSERT INTO event_type VALUES(43,'draft registration',1,0,0,0,0);
INSERT INTO event_type VALUES(44,'legal problem',1,0,0,0,0);
INSERT INTO event_type VALUES(45,'tobacco use',1,1,0,0,0);
INSERT INTO event_type VALUES(46,'alcohol use',1,1,0,0,0);
INSERT INTO event_type VALUES(47,'drug problem',1,1,0,0,0);
INSERT INTO event_type VALUES(48,'guardianship',1,0,0,0,0);
INSERT INTO event_type VALUES(49,'inquest',1,0,0,1,0);
INSERT INTO event_type VALUES(53,'jury duty',1,0,0,0,0);
INSERT INTO event_type VALUES(54,'baptism',1,0,0,0,0);
INSERT INTO event_type VALUES(55,'excommunication',1,0,0,0,0);
INSERT INTO event_type VALUES(56,'betrothal',1,0,1,0,0);
INSERT INTO event_type VALUES(57,'resignation',1,0,0,0,0);
INSERT INTO event_type VALUES(58,'naturalization',1,0,0,0,0);
INSERT INTO event_type VALUES(59,'marriage license',1,0,1,0,1);
INSERT INTO event_type VALUES(60,'christening',1,0,0,0,0);
INSERT INTO event_type VALUES(61,'confirmation',1,0,0,0,0);
INSERT INTO event_type VALUES(62,'cremation',1,0,0,1,0);
INSERT INTO event_type VALUES(63,'will',1,0,0,0,0);
INSERT INTO event_type VALUES(64,'retirement',1,0,0,0,0);
INSERT INTO event_type VALUES(65,'ordination',1,0,0,0,0);
INSERT INTO event_type VALUES(66,'graduation',1,0,0,0,0);
INSERT INTO event_type VALUES(67,'emigration',1,0,0,0,0);
INSERT INTO event_type VALUES(68,'probate',1,0,0,1,0);
INSERT INTO event_type VALUES(69,'enrollment',1,0,0,0,0);
INSERT INTO event_type VALUES(70,'execution',1,0,0,0,0);
INSERT INTO event_type VALUES(71,'employment',1,0,0,0,0);
INSERT INTO event_type VALUES(72,'land grant',1,0,0,0,0);
INSERT INTO event_type VALUES(73,'name change',1,0,0,0,0);
INSERT INTO event_type VALUES(74,'land purchase',1,0,0,0,0);
INSERT INTO event_type VALUES(75,'land sale',1,0,0,0,0);
INSERT INTO event_type VALUES(76,'military induction',1,0,0,0,0);
INSERT INTO event_type VALUES(77,'military enlistment',1,0,0,0,0);
INSERT INTO event_type VALUES(78,'military discharge',1,0,0,0,0);
INSERT INTO event_type VALUES(79,'military promotion',1,0,0,0,0);
INSERT INTO event_type VALUES(80,'military service',1,0,0,0,0);
INSERT INTO event_type VALUES(81,'marriage banns',1,0,1,0,0);
INSERT INTO event_type VALUES(82,'missing in action',1,0,0,0,0);
INSERT INTO event_type VALUES(83,'adoption',1,0,0,0,0);
INSERT INTO event_type VALUES(84,'reburial',1,0,0,1,0);
INSERT INTO event_type VALUES(85,'filing for divorce',1,0,1,0,1);
INSERT INTO event_type VALUES(86,'reading of the will',1,0,0,1,0);
INSERT INTO event_type VALUES(87,'exhumation',1,0,0,1,0);
INSERT INTO event_type VALUES(88,'funeral',1,0,0,1,0);
INSERT INTO event_type VALUES(89,'celebration of life',1,0,0,1,0);
INSERT INTO event_type VALUES(90,'partnership',1,0,1,0,1);
INSERT INTO event_type VALUES(91,'natural disaster',1,0,0,0,0);
INSERT INTO event_type VALUES(93,'anniversary celebration',1,0,1,0,1);
INSERT INTO event_type VALUES(95,'fosterage',1,0,0,0,0);
INSERT INTO event_type VALUES(96,'posthumous offspring',1,0,0,1,0);
INSERT INTO event_type VALUES(97,'acceleration',0,0,0,0,0);
INSERT INTO event_type VALUES(98,'marriage contract',1,0,1,0,1);
INSERT INTO event_type VALUES(99,'reunion',0,0,0,0,0);
INSERT INTO event_type VALUES(100,'scattering of ashes',1,0,0,1,0);
INSERT INTO event_type VALUES(101,'inurnment',1,0,0,1,0);
INSERT INTO event_type VALUES(102,'cohabitation',1,0,1,0,1);
INSERT INTO event_type VALUES(103,'living together',1,0,1,0,1);
INSERT INTO event_type VALUES(104,'wedding anniversary',1,0,1,0,1);
INSERT INTO event_type VALUES(105,'shacking up',1,1,1,0,1);
CREATE TABLE kin_type (kin_type_id INTEGER PRIMARY KEY AUTOINCREMENT, kin_types TEXT UNIQUE NOT NULL, kin_code TEXT NOT NULL, hidden BOOLEAN NOT NULL DEFAULT 0);
INSERT INTO kin_type VALUES(1,'father','B',0);
INSERT INTO kin_type VALUES(2,'mother','B',0);
INSERT INTO kin_type VALUES(3,'parent','B',1);
INSERT INTO kin_type VALUES(4,'son','E',0);
INSERT INTO kin_type VALUES(5,'daughter','E',0);
INSERT INTO kin_type VALUES(6,'child','E',0);
INSERT INTO kin_type VALUES(7,'husband','D',0);
INSERT INTO kin_type VALUES(8,'wife','D',0);
INSERT INTO kin_type VALUES(9,'spouse','D',0);
INSERT INTO kin_type VALUES(10,'mate','D',0);
INSERT INTO kin_type VALUES(11,'brother','C',0);
INSERT INTO kin_type VALUES(12,'sister','C',0);
INSERT INTO kin_type VALUES(13,'sibling','C',0);
INSERT INTO kin_type VALUES(14,'partner','D',0);
INSERT INTO kin_type VALUES(15,'common-law spouse','D',0);
INSERT INTO kin_type VALUES(16,'fiance','D',0);
INSERT INTO kin_type VALUES(17,'fiancee','D',0);
INSERT INTO kin_type VALUES(18,'boyfriend','D',0);
INSERT INTO kin_type VALUES(19,'girlfriend','D',0);
INSERT INTO kin_type VALUES(20,'lady friend','D',0);
INSERT INTO kin_type VALUES(21,'lover','D',1);
INSERT INTO kin_type VALUES(22,'mistress','D',0);
INSERT INTO kin_type VALUES(23,'betrothed','D',0);
INSERT INTO kin_type VALUES(24,'groom','D',0);
INSERT INTO kin_type VALUES(25,'bride','D',0);
INSERT INTO kin_type VALUES(26,'biological parent','B',1);
INSERT INTO kin_type VALUES(27,'biological father','B',1);
INSERT INTO kin_type VALUES(28,'biological mother','B',1);
INSERT INTO kin_type VALUES(110,'adoptive parent','B',0);
INSERT INTO kin_type VALUES(111,'adoptive father','B',0);
INSERT INTO kin_type VALUES(112,'adoptive mother','B',0);
INSERT INTO kin_type VALUES(120,'foster parent','B',0);
INSERT INTO kin_type VALUES(121,'foster father','B',0);
INSERT INTO kin_type VALUES(122,'foster mother','B',0);
INSERT INTO kin_type VALUES(128,'generic_partner1','D',0);
INSERT INTO kin_type VALUES(129,'generic_partner2','D',0);
INSERT INTO kin_type VALUES(130,'guardian','B',0);
INSERT INTO kin_type VALUES(131,'legal guardian','B',0);
CREATE TABLE name_type (name_type_id INTEGER PRIMARY KEY AUTOINCREMENT, name_types TEXT UNIQUE DEFAULT '', hierarchy INTEGER DEFAULT 999);
INSERT INTO name_type VALUES(1,'birth name',0);
INSERT INTO name_type VALUES(2,'also known as',3);
INSERT INTO name_type VALUES(3,'pseudonym',6);
INSERT INTO name_type VALUES(4,'ID number',16);
INSERT INTO name_type VALUES(5,'adoptive name',2);
INSERT INTO name_type VALUES(6,'married name',4);
INSERT INTO name_type VALUES(7,'handle',17);
INSERT INTO name_type VALUES(8,'alternate spelling',14);
INSERT INTO name_type VALUES(9,'mis-spelling',15);
INSERT INTO name_type VALUES(10,'legally changed name',5);
INSERT INTO name_type VALUES(11,'stage name',8);
INSERT INTO name_type VALUES(12,'nickname',9);
INSERT INTO name_type VALUES(13,'call name',10);
INSERT INTO name_type VALUES(14,'official name',11);
INSERT INTO name_type VALUES(15,'anglicized name',12);
INSERT INTO name_type VALUES(16,'unknown name',22);
INSERT INTO name_type VALUES(17,'religious order name',13);
INSERT INTO name_type VALUES(18,'other name type',19);
INSERT INTO name_type VALUES(19,'code name',18);
INSERT INTO name_type VALUES(20,'pen name',7);
INSERT INTO name_type VALUES(21,'given name',21);
INSERT INTO name_type VALUES(22,'reference name',1);
INSERT INTO name_type VALUES(23,'surname',20);
CREATE TABLE person (PERSON_ID integer primary key autoincrement, gender TEXT NOT NULL DEFAULT 'unknown');
INSERT INTO person VALUES(1,'male');
INSERT INTO person VALUES(2,'male');
INSERT INTO person VALUES(3,'female');
INSERT INTO person VALUES(4,'female');
INSERT INTO person VALUES(5,'male');
INSERT INTO person VALUES(6,'female');
INSERT INTO person VALUES(11,'female');
INSERT INTO person VALUES(12,'male');
INSERT INTO person VALUES(77,'female');
INSERT INTO person VALUES(88,'female');
INSERT INTO person VALUES(292,'male');
INSERT INTO person VALUES(293,'male');
INSERT INTO person VALUES(294,'male');
INSERT INTO person VALUES(295,'male');
INSERT INTO person VALUES(296,'male');
INSERT INTO person VALUES(297,'male');
INSERT INTO person VALUES(298,'female');
INSERT INTO person VALUES(299,'male');
INSERT INTO person VALUES(300,'male');
INSERT INTO person VALUES(301,'female');
INSERT INTO person VALUES(302,'female');
INSERT INTO person VALUES(303,'female');
INSERT INTO person VALUES(304,'female');
INSERT INTO person VALUES(305,'female');
INSERT INTO person VALUES(306,'female');
INSERT INTO person VALUES(307,'male');
INSERT INTO person VALUES(308,'male');
INSERT INTO person VALUES(309,'male');
INSERT INTO person VALUES(310,'male');
INSERT INTO person VALUES(311,'female');
INSERT INTO person VALUES(312,'male');
INSERT INTO person VALUES(322,'female');
INSERT INTO person VALUES(324,'male');
INSERT INTO person VALUES(379,'female');
INSERT INTO person VALUES(380,'female');
INSERT INTO person VALUES(381,'female');
INSERT INTO person VALUES(382,'female');
INSERT INTO person VALUES(383,'female');
INSERT INTO person VALUES(386,'male');
INSERT INTO person VALUES(387,'male');
INSERT INTO person VALUES(388,'male');
INSERT INTO person VALUES(389,'male');
INSERT INTO person VALUES(390,'male');
INSERT INTO person VALUES(391,'male');
INSERT INTO person VALUES(392,'male');
INSERT INTO person VALUES(393,'male');
INSERT INTO person VALUES(394,'male');
INSERT INTO person VALUES(395,'male');
INSERT INTO person VALUES(398,'female');
INSERT INTO person VALUES(399,'female');
INSERT INTO person VALUES(400,'female');
INSERT INTO person VALUES(401,'female');
INSERT INTO person VALUES(402,'female');
INSERT INTO person VALUES(403,'female');
INSERT INTO person VALUES(404,'female');
INSERT INTO person VALUES(405,'male');
INSERT INTO person VALUES(406,'female');
INSERT INTO person VALUES(407,'female');
INSERT INTO person VALUES(408,'female');
INSERT INTO person VALUES(409,'male');
INSERT INTO person VALUES(410,'female');
INSERT INTO person VALUES(411,'male');
INSERT INTO person VALUES(412,'male');
INSERT INTO person VALUES(413,'male');
INSERT INTO person VALUES(414,'male');
INSERT INTO person VALUES(415,'female');
INSERT INTO person VALUES(416,'female');
INSERT INTO person VALUES(418,'female');
INSERT INTO person VALUES(419,'female');
INSERT INTO person VALUES(420,'male');
INSERT INTO person VALUES(421,'female');
INSERT INTO person VALUES(422,'male');
INSERT INTO person VALUES(423,'male');
INSERT INTO person VALUES(424,'male');
INSERT INTO person VALUES(425,'female');
INSERT INTO person VALUES(426,'male');
INSERT INTO person VALUES(427,'female');
INSERT INTO person VALUES(428,'female');
INSERT INTO person VALUES(429,'female');
INSERT INTO person VALUES(430,'female');
INSERT INTO person VALUES(431,'male');
INSERT INTO person VALUES(432,'female');
INSERT INTO person VALUES(433,'male');
INSERT INTO person VALUES(434,'male');
INSERT INTO person VALUES(435,'female');
INSERT INTO person VALUES(437,'female');
INSERT INTO person VALUES(438,'female');
INSERT INTO person VALUES(440,'female');
INSERT INTO person VALUES(442,'male');
INSERT INTO person VALUES(443,'female');
INSERT INTO person VALUES(444,'male');
INSERT INTO person VALUES(448,'unknown');
INSERT INTO person VALUES(449,'unknown');
INSERT INTO person VALUES(450,'unknown');
INSERT INTO person VALUES(451,'unknown');
INSERT INTO person VALUES(452,'unknown');
INSERT INTO person VALUES(453,'female');
INSERT INTO person VALUES(454,'unknown');
INSERT INTO person VALUES(455,'unknown');
INSERT INTO person VALUES(456,'male');
INSERT INTO person VALUES(457,'unknown');
INSERT INTO person VALUES(556,'unknown');
INSERT INTO person VALUES(557,'unknown');
INSERT INTO person VALUES(558,'female');
INSERT INTO person VALUES(559,'male');
INSERT INTO person VALUES(560,'female');
INSERT INTO person VALUES(561,'female');
INSERT INTO person VALUES(562,'male');
INSERT INTO person VALUES(563,'female');
INSERT INTO person VALUES(564,'male');
INSERT INTO person VALUES(565,'female');
INSERT INTO person VALUES(566,'male');
INSERT INTO person VALUES(567,'female');
INSERT INTO person VALUES(568,'female');
INSERT INTO person VALUES(569,'female');
INSERT INTO person VALUES(570,'female');
INSERT INTO person VALUES(571,'male');
INSERT INTO person VALUES(572,'male');
INSERT INTO person VALUES(573,'female');
INSERT INTO person VALUES(574,'female');
INSERT INTO person VALUES(575,'female');
INSERT INTO person VALUES(576,'male');
INSERT INTO person VALUES(577,'male');
INSERT INTO person VALUES(578,'female');
INSERT INTO person VALUES(579,'female');
INSERT INTO person VALUES(580,'female');
INSERT INTO person VALUES(581,'female');
INSERT INTO person VALUES(582,'male');
INSERT INTO person VALUES(583,'female');
INSERT INTO person VALUES(584,'female');
INSERT INTO person VALUES(585,'female');
INSERT INTO person VALUES(586,'female');
INSERT INTO person VALUES(587,'male');
INSERT INTO person VALUES(588,'male');
INSERT INTO person VALUES(589,'female');
INSERT INTO person VALUES(590,'female');
INSERT INTO person VALUES(591,'male');
INSERT INTO person VALUES(592,'female');
INSERT INTO person VALUES(593,'male');
INSERT INTO person VALUES(594,'female');
INSERT INTO person VALUES(595,'male');
INSERT INTO person VALUES(596,'female');
INSERT INTO person VALUES(597,'female');
INSERT INTO person VALUES(598,'female');
INSERT INTO person VALUES(599,'female');
INSERT INTO person VALUES(600,'male');
INSERT INTO person VALUES(601,'male');
INSERT INTO person VALUES(602,'female');
INSERT INTO person VALUES(603,'male');
INSERT INTO person VALUES(604,'female');
INSERT INTO person VALUES(605,'male');
INSERT INTO person VALUES(606,'female');
INSERT INTO person VALUES(607,'male');
INSERT INTO person VALUES(608,'male');
INSERT INTO person VALUES(609,'male');
INSERT INTO person VALUES(610,'male');
INSERT INTO person VALUES(611,'female');
INSERT INTO person VALUES(612,'female');
INSERT INTO person VALUES(613,'male');
INSERT INTO person VALUES(614,'male');
INSERT INTO person VALUES(615,'male');
INSERT INTO person VALUES(616,'male');
INSERT INTO person VALUES(617,'male');
INSERT INTO person VALUES(618,'male');
INSERT INTO person VALUES(619,'male');
INSERT INTO person VALUES(620,'male');
INSERT INTO person VALUES(621,'male');
INSERT INTO person VALUES(622,'male');
INSERT INTO person VALUES(624,'male');
INSERT INTO person VALUES(625,'male');
INSERT INTO person VALUES(626,'male');
INSERT INTO person VALUES(628,'female');
INSERT INTO person VALUES(629,'female');
INSERT INTO person VALUES(630,'female');
INSERT INTO person VALUES(631,'male');
INSERT INTO person VALUES(632,'female');
INSERT INTO person VALUES(633,'male');
INSERT INTO person VALUES(634,'male');
INSERT INTO person VALUES(635,'male');
INSERT INTO person VALUES(636,'male');
INSERT INTO person VALUES(637,'male');
INSERT INTO person VALUES(638,'female');
INSERT INTO person VALUES(5554,'male');
INSERT INTO person VALUES(5555,'female');
INSERT INTO person VALUES(5556,'female');
INSERT INTO person VALUES(5557,'male');
INSERT INTO person VALUES(5558,'female');
INSERT INTO person VALUES(5559,'female');
INSERT INTO person VALUES(5560,'female');
INSERT INTO person VALUES(5561,'male');
INSERT INTO person VALUES(5562,'female');
INSERT INTO person VALUES(5563,'male');
INSERT INTO person VALUES(5564,'female');
INSERT INTO person VALUES(5565,'female');
INSERT INTO person VALUES(5566,'female');
INSERT INTO person VALUES(5567,'female');
INSERT INTO person VALUES(5568,'male');
INSERT INTO person VALUES(5569,'male');
INSERT INTO person VALUES(5570,'female');
INSERT INTO person VALUES(5571,'female');
INSERT INTO person VALUES(5573,'female');
INSERT INTO person VALUES(5576,'unknown');
INSERT INTO person VALUES(5580,'unknown');
INSERT INTO person VALUES(5585,'unknown');
INSERT INTO person VALUES(5586,'unknown');
INSERT INTO person VALUES(5587,'unknown');
INSERT INTO person VALUES(5588,'unknown');
INSERT INTO person VALUES(5589,'unknown');
INSERT INTO person VALUES(5590,'unknown');
INSERT INTO person VALUES(5593,'unknown');
INSERT INTO person VALUES(5594,'unknown');
INSERT INTO person VALUES(5595,'unknown');
INSERT INTO person VALUES(5597,'unknown');
INSERT INTO person VALUES(5599,'unknown');
INSERT INTO person VALUES(5600,'unknown');
INSERT INTO person VALUES(5601,'unknown');
INSERT INTO person VALUES(5602,'unknown');
INSERT INTO person VALUES(5603,'unknown');
INSERT INTO person VALUES(5604,'unknown');
INSERT INTO person VALUES(5605,'unknown');
INSERT INTO person VALUES(5606,'unknown');
INSERT INTO person VALUES(5608,'unknown');
INSERT INTO person VALUES(5610,'unknown');
INSERT INTO person VALUES(5623,'female');
INSERT INTO person VALUES(5624,'female');
INSERT INTO person VALUES(5625,'female');
INSERT INTO person VALUES(5626,'unknown');
INSERT INTO person VALUES(5627,'unknown');
INSERT INTO person VALUES(5629,'male');
INSERT INTO person VALUES(5630,'female');
INSERT INTO person VALUES(5631,'other');
INSERT INTO person VALUES(5634,'female');
INSERT INTO person VALUES(5635,'female');
INSERT INTO person VALUES(5636,'male');
INSERT INTO person VALUES(5637,'male');
INSERT INTO person VALUES(5638,'unknown');
INSERT INTO person VALUES(5639,'female');
INSERT INTO person VALUES(5640,'male');
INSERT INTO person VALUES(5641,'unknown');
INSERT INTO person VALUES(5642,'female');
INSERT INTO person VALUES(5643,'female');
INSERT INTO person VALUES(5644,'male');
INSERT INTO person VALUES(5645,'unknown');
INSERT INTO person VALUES(5646,'female');
INSERT INTO person VALUES(5647,'female');
INSERT INTO person VALUES(5650,'female');
INSERT INTO person VALUES(5651,'female');
INSERT INTO person VALUES(5652,'male');
INSERT INTO person VALUES(5653,'male');
INSERT INTO person VALUES(5654,'female');
INSERT INTO person VALUES(5655,'female');
INSERT INTO person VALUES(5656,'unknown');
INSERT INTO person VALUES(5657,'male');
INSERT INTO person VALUES(5658,'male');
INSERT INTO person VALUES(5659,'male');
INSERT INTO person VALUES(5660,'female');
INSERT INTO person VALUES(5661,'female');
INSERT INTO person VALUES(5662,'male');
INSERT INTO person VALUES(5663,'male');
INSERT INTO person VALUES(5664,'female');
INSERT INTO person VALUES(5665,'male');
INSERT INTO person VALUES(5666,'male');
INSERT INTO person VALUES(5667,'male');
INSERT INTO person VALUES(5668,'female');
INSERT INTO person VALUES(5669,'female');
INSERT INTO person VALUES(5670,'male');
INSERT INTO person VALUES(5671,'female');
INSERT INTO person VALUES(5672,'female');
INSERT INTO person VALUES(5673,'male');
INSERT INTO person VALUES(5674,'female');
INSERT INTO person VALUES(5675,'female');
INSERT INTO person VALUES(5676,'female');
INSERT INTO person VALUES(5677,'male');
INSERT INTO person VALUES(5678,'female');
INSERT INTO person VALUES(5679,'male');
INSERT INTO person VALUES(5680,'male');
INSERT INTO person VALUES(5681,'female');
INSERT INTO person VALUES(5683,'male');
INSERT INTO person VALUES(5684,'female');
INSERT INTO person VALUES(5685,'male');
INSERT INTO person VALUES(5686,'male');
INSERT INTO person VALUES(5687,'female');
INSERT INTO person VALUES(5688,'female');
INSERT INTO person VALUES(5689,'female');
INSERT INTO person VALUES(5690,'male');
INSERT INTO person VALUES(5691,'male');
INSERT INTO person VALUES(5692,'female');
INSERT INTO person VALUES(5693,'male');
INSERT INTO person VALUES(5694,'male');
INSERT INTO person VALUES(5695,'male');
INSERT INTO person VALUES(5696,'female');
INSERT INTO person VALUES(5697,'male');
INSERT INTO person VALUES(5698,'female');
INSERT INTO person VALUES(5699,'male');
INSERT INTO person VALUES(5700,'male');
INSERT INTO person VALUES(5701,'female');
INSERT INTO person VALUES(5702,'male');
INSERT INTO person VALUES(5703,'female');
INSERT INTO person VALUES(5704,'female');
INSERT INTO person VALUES(5705,'male');
INSERT INTO person VALUES(5706,'unknown');
INSERT INTO person VALUES(5707,'female');
INSERT INTO person VALUES(5708,'unknown');
INSERT INTO person VALUES(5709,'male');
INSERT INTO person VALUES(5710,'female');
INSERT INTO person VALUES(5711,'unknown');
INSERT INTO person VALUES(5712,'unknown');
INSERT INTO person VALUES(5713,'unknown');
INSERT INTO person VALUES(5714,'female');
INSERT INTO person VALUES(5715,'male');
INSERT INTO person VALUES(5719,'male');
INSERT INTO person VALUES(5722,'female');
INSERT INTO person VALUES(5732,'male');
INSERT INTO person VALUES(5733,'female');
INSERT INTO person VALUES(5734,'female');
INSERT INTO person VALUES(5735,'female');
INSERT INTO person VALUES(5736,'male');
INSERT INTO person VALUES(5737,'unknown');
INSERT INTO person VALUES(5738,'female');
INSERT INTO person VALUES(5739,'female');
INSERT INTO person VALUES(5740,'female');
INSERT INTO person VALUES(5741,'unknown');
INSERT INTO person VALUES(5742,'unknown');
INSERT INTO person VALUES(5743,'female');
INSERT INTO person VALUES(5744,'male');
INSERT INTO person VALUES(5745,'female');
INSERT INTO person VALUES(5746,'male');
INSERT INTO person VALUES(5748,'female');
INSERT INTO person VALUES(5749,'female');
INSERT INTO person VALUES(5750,'male');
INSERT INTO person VALUES(5751,'male');
INSERT INTO person VALUES(5752,'male');
INSERT INTO person VALUES(5753,'male');
INSERT INTO person VALUES(5754,'female');
INSERT INTO person VALUES(5755,'male');
INSERT INTO person VALUES(5756,'female');
INSERT INTO person VALUES(5757,'unknown');
INSERT INTO person VALUES(5758,'unknown');
INSERT INTO person VALUES(5759,'unknown');
INSERT INTO person VALUES(5760,'unknown');
INSERT INTO person VALUES(5762,'unknown');
INSERT INTO person VALUES(5763,'unknown');
INSERT INTO person VALUES(5764,'unknown');
INSERT INTO person VALUES(5765,'unknown');
INSERT INTO person VALUES(5766,'unknown');
INSERT INTO person VALUES(5767,'unknown');
INSERT INTO person VALUES(5768,'unknown');
INSERT INTO person VALUES(5769,'unknown');
INSERT INTO person VALUES(5770,'unknown');
INSERT INTO person VALUES(5771,'unknown');
INSERT INTO person VALUES(5772,'unknown');
INSERT INTO person VALUES(5773,'unknown');
INSERT INTO person VALUES(5774,'unknown');
INSERT INTO person VALUES(5775,'unknown');
INSERT INTO person VALUES(5776,'unknown');
INSERT INTO person VALUES(5777,'unknown');
INSERT INTO person VALUES(5778,'female');
INSERT INTO person VALUES(5779,'unknown');
INSERT INTO person VALUES(5780,'male');
INSERT INTO person VALUES(5781,'male');
INSERT INTO person VALUES(5782,'male');
INSERT INTO person VALUES(5783,'male');
INSERT INTO person VALUES(5784,'female');
INSERT INTO person VALUES(5785,'male');
INSERT INTO person VALUES(5786,'female');
INSERT INTO person VALUES(5787,'unknown');
INSERT INTO person VALUES(5788,'female');
INSERT INTO person VALUES(5789,'male');
INSERT INTO person VALUES(5790,'unknown');
INSERT INTO person VALUES(5791,'unknown');
INSERT INTO person VALUES(5792,'unknown');
INSERT INTO person VALUES(5793,'unknown');
INSERT INTO person VALUES(5794,'unknown');
INSERT INTO person VALUES(5795,'unknown');
INSERT INTO person VALUES(5796,'unknown');
INSERT INTO person VALUES(5797,'unknown');
INSERT INTO person VALUES(5798,'unknown');
INSERT INTO person VALUES(5799,'unknown');
INSERT INTO person VALUES(5800,'unknown');
INSERT INTO person VALUES(5801,'unknown');
INSERT INTO person VALUES(5802,'unknown');
INSERT INTO person VALUES(5803,'unknown');
INSERT INTO person VALUES(5804,'unknown');
INSERT INTO person VALUES(5805,'unknown');
INSERT INTO person VALUES(5806,'unknown');
INSERT INTO person VALUES(5807,'unknown');
INSERT INTO person VALUES(5808,'unknown');
INSERT INTO person VALUES(5809,'unknown');
INSERT INTO person VALUES(5810,'female');
INSERT INTO person VALUES(5811,'unknown');
INSERT INTO person VALUES(5812,'unknown');
INSERT INTO person VALUES(5813,'unknown');
INSERT INTO person VALUES(5814,'unknown');
INSERT INTO person VALUES(5815,'unknown');
INSERT INTO person VALUES(5816,'unknown');
INSERT INTO person VALUES(5817,'unknown');
INSERT INTO person VALUES(5818,'female');
INSERT INTO person VALUES(5819,'unknown');
INSERT INTO person VALUES(5820,'female');
INSERT INTO person VALUES(5821,'unknown');
INSERT INTO person VALUES(5822,'female');
INSERT INTO person VALUES(5823,'unknown');
INSERT INTO person VALUES(5824,'unknown');
INSERT INTO person VALUES(5825,'unknown');
INSERT INTO person VALUES(5826,'male');
INSERT INTO person VALUES(5827,'male');
INSERT INTO person VALUES(5828,'male');
INSERT INTO person VALUES(5829,'male');
INSERT INTO person VALUES(5830,'female');
INSERT INTO person VALUES(5831,'female');
INSERT INTO person VALUES(5832,'male');
INSERT INTO person VALUES(5833,'male');
INSERT INTO person VALUES(5834,'female');
INSERT INTO person VALUES(5835,'female');
INSERT INTO person VALUES(5836,'female');
INSERT INTO person VALUES(5837,'female');
INSERT INTO person VALUES(5838,'male');
INSERT INTO person VALUES(5839,'male');
INSERT INTO person VALUES(5840,'male');
INSERT INTO person VALUES(5841,'male');
INSERT INTO person VALUES(5842,'female');
INSERT INTO person VALUES(5843,'male');
INSERT INTO person VALUES(5844,'male');
INSERT INTO person VALUES(5845,'female');
INSERT INTO person VALUES(5846,'male');
INSERT INTO person VALUES(5847,'female');
INSERT INTO person VALUES(5848,'unknown');
INSERT INTO person VALUES(5849,'unknown');
INSERT INTO person VALUES(5850,'unknown');
INSERT INTO person VALUES(5851,'unknown');
INSERT INTO person VALUES(5852,'unknown');
INSERT INTO person VALUES(5853,'unknown');
INSERT INTO person VALUES(5854,'female');
INSERT INTO person VALUES(5855,'male');
INSERT INTO person VALUES(5856,'male');
INSERT INTO person VALUES(5857,'male');
INSERT INTO person VALUES(5858,'male');
INSERT INTO person VALUES(5859,'unknown');
INSERT INTO person VALUES(5860,'female');
INSERT INTO person VALUES(5861,'unknown');
INSERT INTO person VALUES(5862,'unknown');
INSERT INTO person VALUES(5863,'unknown');
INSERT INTO person VALUES(5864,'unknown');
INSERT INTO person VALUES(5865,'unknown');
INSERT INTO person VALUES(5866,'unknown');
INSERT INTO person VALUES(5867,'unknown');
INSERT INTO person VALUES(5868,'unknown');
INSERT INTO person VALUES(5869,'unknown');
INSERT INTO person VALUES(5870,'unknown');
INSERT INTO person VALUES(5871,'unknown');
INSERT INTO person VALUES(5872,'unknown');
INSERT INTO person VALUES(5873,'unknown');
INSERT INTO person VALUES(5874,'unknown');
INSERT INTO person VALUES(5875,'unknown');
INSERT INTO person VALUES(5876,'unknown');
INSERT INTO person VALUES(5877,'unknown');
INSERT INTO person VALUES(5878,'unknown');
INSERT INTO person VALUES(5879,'unknown');
INSERT INTO person VALUES(5880,'unknown');
INSERT INTO person VALUES(5881,'unknown');
INSERT INTO person VALUES(5882,'female');
INSERT INTO person VALUES(5883,'female');
INSERT INTO person VALUES(5884,'female');
INSERT INTO person VALUES(5885,'female');
INSERT INTO person VALUES(5886,'female');
INSERT INTO person VALUES(5887,'unknown');
INSERT INTO person VALUES(5888,'unknown');
INSERT INTO person VALUES(5889,'unknown');
INSERT INTO person VALUES(5890,'unknown');
INSERT INTO person VALUES(5891,'unknown');
INSERT INTO person VALUES(5892,'unknown');
INSERT INTO person VALUES(5893,'unknown');
INSERT INTO person VALUES(5894,'unknown');
INSERT INTO person VALUES(5895,'unknown');
INSERT INTO person VALUES(5896,'unknown');
INSERT INTO person VALUES(5897,'male');
INSERT INTO person VALUES(5898,'male');
INSERT INTO person VALUES(5899,'male');
INSERT INTO person VALUES(5900,'male');
INSERT INTO person VALUES(5901,'unknown');
INSERT INTO person VALUES(5902,'unknown');
INSERT INTO person VALUES(5903,'unknown');
INSERT INTO person VALUES(5904,'unknown');
INSERT INTO person VALUES(5905,'unknown');
INSERT INTO person VALUES(5906,'unknown');
INSERT INTO person VALUES(5907,'unknown');
INSERT INTO person VALUES(5908,'unknown');
INSERT INTO person VALUES(5909,'male');
INSERT INTO person VALUES(5910,'male');
INSERT INTO person VALUES(5911,'female');
INSERT INTO person VALUES(5912,'male');
INSERT INTO person VALUES(5913,'unknown');
INSERT INTO person VALUES(5914,'unknown');
INSERT INTO person VALUES(5915,'unknown');
INSERT INTO person VALUES(5916,'unknown');
INSERT INTO person VALUES(5917,'unknown');
INSERT INTO person VALUES(5918,'unknown');
INSERT INTO person VALUES(5919,'unknown');
INSERT INTO person VALUES(5920,'unknown');
INSERT INTO person VALUES(5921,'unknown');
INSERT INTO person VALUES(5922,'unknown');
INSERT INTO person VALUES(5923,'unknown');
INSERT INTO person VALUES(5924,'unknown');
INSERT INTO person VALUES(5925,'unknown');
INSERT INTO person VALUES(5926,'unknown');
INSERT INTO person VALUES(5927,'unknown');
INSERT INTO person VALUES(5928,'unknown');
INSERT INTO person VALUES(5929,'unknown');
INSERT INTO person VALUES(5930,'unknown');
INSERT INTO person VALUES(5931,'unknown');
INSERT INTO person VALUES(5932,'unknown');
INSERT INTO person VALUES(5933,'unknown');
INSERT INTO person VALUES(5934,'unknown');
INSERT INTO person VALUES(5935,'unknown');
INSERT INTO person VALUES(5936,'male');
INSERT INTO person VALUES(5937,'unknown');
INSERT INTO person VALUES(5938,'unknown');
INSERT INTO person VALUES(5939,'unknown');
INSERT INTO person VALUES(5940,'unknown');
INSERT INTO person VALUES(5941,'unknown');
INSERT INTO person VALUES(5942,'unknown');
INSERT INTO person VALUES(5943,'unknown');
INSERT INTO person VALUES(5944,'male');
INSERT INTO person VALUES(5945,'unknown');
INSERT INTO person VALUES(5946,'female');
INSERT INTO person VALUES(5947,'unknown');
INSERT INTO person VALUES(5948,'unknown');
INSERT INTO person VALUES(5949,'unknown');
INSERT INTO person VALUES(5950,'unknown');
INSERT INTO person VALUES(5951,'unknown');
INSERT INTO person VALUES(5952,'female');
INSERT INTO person VALUES(5953,'female');
INSERT INTO person VALUES(5954,'male');
INSERT INTO person VALUES(5955,'male');
INSERT INTO person VALUES(5956,'unknown');
INSERT INTO person VALUES(5957,'unknown');
INSERT INTO person VALUES(5958,'male');
INSERT INTO person VALUES(5959,'male');
INSERT INTO person VALUES(5960,'male');
INSERT INTO person VALUES(5961,'unknown');
INSERT INTO person VALUES(5962,'unknown');
INSERT INTO person VALUES(5963,'unknown');
INSERT INTO person VALUES(5964,'unknown');
INSERT INTO person VALUES(5965,'unknown');
INSERT INTO person VALUES(5966,'unknown');
INSERT INTO person VALUES(5967,'unknown');
INSERT INTO person VALUES(5968,'unknown');
INSERT INTO person VALUES(5969,'unknown');
INSERT INTO person VALUES(5970,'unknown');
INSERT INTO person VALUES(5971,'unknown');
INSERT INTO person VALUES(5972,'unknown');
INSERT INTO person VALUES(5973,'unknown');
INSERT INTO person VALUES(5974,'unknown');
INSERT INTO person VALUES(5975,'unknown');
INSERT INTO person VALUES(5976,'unknown');
INSERT INTO person VALUES(5977,'unknown');
INSERT INTO person VALUES(5978,'unknown');
INSERT INTO person VALUES(5979,'unknown');
INSERT INTO person VALUES(5980,'unknown');
INSERT INTO person VALUES(5981,'unknown');
INSERT INTO person VALUES(5982,'unknown');
INSERT INTO person VALUES(5983,'unknown');
INSERT INTO person VALUES(5984,'unknown');
INSERT INTO person VALUES(5985,'unknown');
INSERT INTO person VALUES(5986,'unknown');
INSERT INTO person VALUES(5987,'unknown');
INSERT INTO person VALUES(5988,'unknown');
INSERT INTO person VALUES(5989,'unknown');
INSERT INTO person VALUES(5990,'male');
INSERT INTO person VALUES(5991,'unknown');
INSERT INTO person VALUES(5992,'unknown');
INSERT INTO person VALUES(5993,'unknown');
INSERT INTO person VALUES(5994,'unknown');
INSERT INTO person VALUES(5995,'unknown');
INSERT INTO person VALUES(5996,'male');
INSERT INTO person VALUES(5997,'unknown');
INSERT INTO person VALUES(5998,'unknown');
INSERT INTO person VALUES(5999,'unknown');
INSERT INTO person VALUES(6000,'unknown');
INSERT INTO person VALUES(6001,'unknown');
INSERT INTO person VALUES(6002,'unknown');
INSERT INTO person VALUES(6003,'unknown');
INSERT INTO person VALUES(6004,'unknown');
INSERT INTO person VALUES(6005,'unknown');
INSERT INTO person VALUES(6006,'unknown');
INSERT INTO person VALUES(6007,'unknown');
INSERT INTO person VALUES(6008,'unknown');
INSERT INTO person VALUES(6009,'unknown');
INSERT INTO person VALUES(6010,'unknown');
INSERT INTO person VALUES(6011,'unknown');
INSERT INTO person VALUES(6012,'unknown');
INSERT INTO person VALUES(6013,'unknown');
INSERT INTO person VALUES(6014,'unknown');
INSERT INTO person VALUES(6015,'unknown');
INSERT INTO person VALUES(6016,'unknown');
INSERT INTO person VALUES(6017,'unknown');
INSERT INTO person VALUES(6018,'unknown');
INSERT INTO person VALUES(6019,'unknown');
INSERT INTO person VALUES(6020,'unknown');
INSERT INTO person VALUES(6021,'unknown');
INSERT INTO person VALUES(6022,'unknown');
INSERT INTO person VALUES(6023,'unknown');
INSERT INTO person VALUES(6024,'unknown');
INSERT INTO person VALUES(6025,'unknown');
INSERT INTO person VALUES(6026,'unknown');
INSERT INTO person VALUES(6027,'unknown');
INSERT INTO person VALUES(6028,'unknown');
INSERT INTO person VALUES(6029,'unknown');
INSERT INTO person VALUES(6030,'unknown');
INSERT INTO person VALUES(6031,'unknown');
INSERT INTO person VALUES(6032,'unknown');
INSERT INTO person VALUES(6033,'unknown');
INSERT INTO person VALUES(6034,'unknown');
INSERT INTO person VALUES(6035,'unknown');
INSERT INTO person VALUES(6036,'unknown');
INSERT INTO person VALUES(6037,'male');
INSERT INTO person VALUES(6038,'unknown');
INSERT INTO person VALUES(6039,'unknown');
INSERT INTO person VALUES(6040,'unknown');
INSERT INTO person VALUES(6041,'unknown');
INSERT INTO person VALUES(6042,'unknown');
INSERT INTO person VALUES(6043,'unknown');
INSERT INTO person VALUES(6044,'unknown');
INSERT INTO person VALUES(6045,'unknown');
INSERT INTO person VALUES(6046,'unknown');
INSERT INTO person VALUES(6047,'unknown');
INSERT INTO person VALUES(6048,'unknown');
INSERT INTO person VALUES(6049,'unknown');
INSERT INTO person VALUES(6050,'unknown');
INSERT INTO person VALUES(6051,'unknown');
INSERT INTO person VALUES(6052,'unknown');
INSERT INTO person VALUES(6053,'unknown');
INSERT INTO person VALUES(6054,'unknown');
INSERT INTO person VALUES(6055,'unknown');
INSERT INTO person VALUES(6056,'unknown');
INSERT INTO person VALUES(6057,'unknown');
INSERT INTO person VALUES(6058,'unknown');
INSERT INTO person VALUES(6059,'unknown');
INSERT INTO person VALUES(6060,'unknown');
INSERT INTO person VALUES(6061,'unknown');
INSERT INTO person VALUES(6062,'unknown');
INSERT INTO person VALUES(6063,'unknown');
INSERT INTO person VALUES(6064,'unknown');
INSERT INTO person VALUES(6065,'unknown');
INSERT INTO person VALUES(6066,'unknown');
INSERT INTO person VALUES(6067,'unknown');
INSERT INTO person VALUES(6068,'unknown');
INSERT INTO person VALUES(6069,'unknown');
INSERT INTO person VALUES(6070,'unknown');
INSERT INTO person VALUES(6071,'unknown');
INSERT INTO person VALUES(6072,'unknown');
INSERT INTO person VALUES(6073,'unknown');
INSERT INTO person VALUES(6074,'unknown');
INSERT INTO person VALUES(6075,'unknown');
INSERT INTO person VALUES(6076,'unknown');
INSERT INTO person VALUES(6077,'unknown');
INSERT INTO person VALUES(6078,'unknown');
INSERT INTO person VALUES(6079,'male');
INSERT INTO person VALUES(6080,'male');
INSERT INTO person VALUES(6081,'unknown');
INSERT INTO person VALUES(6082,'unknown');
INSERT INTO person VALUES(6083,'unknown');
INSERT INTO person VALUES(6084,'unknown');
INSERT INTO person VALUES(6085,'unknown');
INSERT INTO person VALUES(6086,'unknown');
INSERT INTO person VALUES(6087,'unknown');
INSERT INTO person VALUES(6088,'unknown');
INSERT INTO person VALUES(6089,'unknown');
INSERT INTO person VALUES(6090,'unknown');
CREATE TABLE role_type (
       role_type_id INTEGER PRIMARY KEY AUTOINCREMENT, 
       role_types TEXT UNIQUE NOT NULL, built_in BOOLEAN NOT NULL DEFAULT 0, hidden BOOLEAN NOT NULL DEFAULT 0);
INSERT INTO role_type VALUES(1,'religious officer',1,0);
INSERT INTO role_type VALUES(2,'justice of the peace',1,0);
INSERT INTO role_type VALUES(3,'arresting officer',1,0);
INSERT INTO role_type VALUES(4,'supervisor',1,0);
INSERT INTO role_type VALUES(5,'employer',1,0);
INSERT INTO role_type VALUES(6,'midwife',1,0);
INSERT INTO role_type VALUES(7,'bridesmaid',1,0);
INSERT INTO role_type VALUES(8,'best man',1,0);
INSERT INTO role_type VALUES(9,'bible bearer',1,0);
INSERT INTO role_type VALUES(10,'flower girl',1,0);
INSERT INTO role_type VALUES(11,'witness',1,0);
INSERT INTO role_type VALUES(12,'employee',1,0);
INSERT INTO role_type VALUES(13,'assistant',1,0);
INSERT INTO role_type VALUES(14,'roommate',1,0);
INSERT INTO role_type VALUES(15,'landlady',1,0);
INSERT INTO role_type VALUES(16,'landlord',1,0);
INSERT INTO role_type VALUES(17,'unknown',1,0);
INSERT INTO role_type VALUES(18,'foster parent',1,0);
INSERT INTO role_type VALUES(19,'makeup artist',0,0);
INSERT INTO role_type VALUES(20,'financier',1,0);
INSERT INTO role_type VALUES(21,'florist',0,0);
INSERT INTO role_type VALUES(22,'usher',0,0);
INSERT INTO role_type VALUES(23,'photographer',0,0);
INSERT INTO role_type VALUES(24,'bartender',0,0);
INSERT INTO role_type VALUES(25,'bodyguard',0,0);
INSERT INTO role_type VALUES(26,'adoptive parent',1,0);
INSERT INTO role_type VALUES(27,'hairdresser',0,0);
INSERT INTO role_type VALUES(28,'chauffeur',1,0);
INSERT INTO role_type VALUES(29,'treasurer',1,0);
INSERT INTO role_type VALUES(30,'trainer',0,0);
INSERT INTO role_type VALUES(31,'secretary',1,0);
INSERT INTO role_type VALUES(32,'navigator',0,0);
INSERT INTO role_type VALUES(39,'neighbor',1,0);
INSERT INTO role_type VALUES(40,'maid',1,0);
INSERT INTO role_type VALUES(41,'pilot',0,0);
INSERT INTO role_type VALUES(44,'mining partner',1,0);
INSERT INTO role_type VALUES(47,'legal guardian',1,0);
INSERT INTO role_type VALUES(55,'other',1,0);
INSERT INTO role_type VALUES(87,'interior decorator',0,0);
INSERT INTO role_type VALUES(88,'executioner',0,0);
INSERT INTO role_type VALUES(90,'driver',1,0);
INSERT INTO role_type VALUES(96,'host',1,0);
INSERT INTO role_type VALUES(97,'hostess',1,0);
INSERT INTO role_type VALUES(99,'farm hand',1,0);
INSERT INTO role_type VALUES(100,'ranch hand',1,0);
INSERT INTO role_type VALUES(103,'junior partner',1,0);
INSERT INTO role_type VALUES(114,'butler',0,0);
INSERT INTO role_type VALUES(115,'boarder',0,0);
INSERT INTO role_type VALUES(116,'chef',0,0);
CREATE TABLE IF NOT EXISTS "date_format" (date_format_id INTEGER PRIMARY KEY AUTOINCREMENT, date_formats TEXT NOT NULL DEFAULT 'alpha_dmy', abt TEXT NOT NULL DEFAULT 'abt', est TEXT NOT NULL DEFAULT 'est', cal TEXT NOT NULL DEFAULT 'calc', bef_aft TEXT NOT NULL DEFAULT 'bef/aft', bc_ad TEXT NOT NULL DEFAULT 'BCE/CE', os_ns TEXT NOT NULL DEFAULT 'OS/NS', span TEXT NOT NULL DEFAULT 'from_to', range TEXT NOT NULL DEFAULT 'btwn_&');
INSERT INTO date_format VALUES(1,'dmy','abt','est','cal','bef/aft','BCE/CE','OS/NS','from_to','btwn_&');
CREATE TABLE IF NOT EXISTS "place" (place_id INTEGER PRIMARY KEY AUTOINCREMENT, places TEXT NOT NULL, latitude TEXT DEFAULT '', longitude TEXT DEFAULT '', cartesian_coordinates TEXT DEFAULT '', township TEXT DEFAULT '', range TEXT DEFAULT '', section TEXT DEFAULT '', legal_subdivision TEXT DEFAULT '', hint TEXT UNIQUE DEFAULT null);
INSERT INTO place VALUES(1,'unknown',NULL,NULL,NULL,NULL,NULL,NULL,NULL,NULL);
INSERT INTO place VALUES(2,'Wyoming',NULL,NULL,NULL,NULL,NULL,NULL,NULL,NULL);
INSERT INTO place VALUES(3,'Egbert',NULL,NULL,NULL,NULL,NULL,NULL,NULL,NULL);
INSERT INTO place VALUES(4,'Laramie County',NULL,NULL,NULL,NULL,NULL,NULL,NULL,NULL);
INSERT INTO place VALUES(5,'Wood & Timber Reservation',NULL,NULL,NULL,NULL,NULL,NULL,NULL,NULL);
INSERT INTO place VALUES(6,'Aspen',NULL,NULL,NULL,NULL,NULL,NULL,NULL,NULL);
INSERT INTO place VALUES(7,'Colorado',NULL,NULL,NULL,NULL,NULL,NULL,NULL,NULL);
INSERT INTO place VALUES(8,'USA',NULL,NULL,NULL,NULL,NULL,NULL,NULL,'You''ve heard of this place no doubt.');
INSERT INTO place VALUES(9,'Little Horse Creek',NULL,NULL,NULL,NULL,NULL,NULL,NULL,NULL);
INSERT INTO place VALUES(10,'Cheyenne','','','','','','','',NULL);
INSERT INTO place VALUES(11,'Pitkin County','','','','','','','',NULL);
INSERT INTO place VALUES(12,'Italy','','','','','','','',NULL);
INSERT INTO place VALUES(13,'Naples','','','','','','','',NULL);
INSERT INTO place VALUES(14,'Sardegna','','','','','','','',NULL);
INSERT INTO place VALUES(15,'Sassari','','','','','','','',NULL);
INSERT INTO place VALUES(16,'Canada','','','','','','','',NULL);
INSERT INTO place VALUES(17,'Saskatchewan','','','','','','','',NULL);
INSERT INTO place VALUES(18,'Arapahoe County','','','','','','','',NULL);
INSERT INTO place VALUES(19,'Denver County','','','','','','','',NULL);
INSERT INTO place VALUES(20,'Denver','','','','','','','',NULL);
INSERT INTO place VALUES(21,'Veterans Hospital','','','','','','','',NULL);
INSERT INTO place VALUES(25,'Colorado Territory','','','','','','','',NULL);
INSERT INTO place VALUES(29,'Texas','','','','','','','',NULL);
INSERT INTO place VALUES(30,'Paris','','','','','','','','Marlboro Man buried here');
INSERT INTO place VALUES(31,'France','','','','','','','',NULL);
INSERT INTO place VALUES(32,'Paris','','','','','','','','The Eiffel Tower is there.');
INSERT INTO place VALUES(34,'Paris','','','','','','','','not in Texas or France');
INSERT INTO place VALUES(35,'Bear Lake County','','','','','','','',NULL);
INSERT INTO place VALUES(36,'Idaho','','','','','','','',NULL);
INSERT INTO place VALUES(37,'Ile-de-France','','','','','','','',NULL);
INSERT INTO place VALUES(43,'rail yard',NULL,NULL,NULL,NULL,NULL,NULL,NULL,NULL);
INSERT INTO place VALUES(44,'employee barracks',NULL,NULL,NULL,NULL,NULL,NULL,NULL,NULL);
INSERT INTO place VALUES(45,'Goodwin''s Ranch','','','','','','','',NULL);
INSERT INTO place VALUES(78,'Lamar County','','','','','','','',NULL);
INSERT INTO place VALUES(79,'Pisa','','','','','','','',NULL);
INSERT INTO place VALUES(80,'Glenwood Springs','','','','','','','',NULL);
INSERT INTO place VALUES(81,'Garfield County','','','','','','','',NULL);
INSERT INTO place VALUES(92,'Seymour','','','','','','','',NULL);
INSERT INTO place VALUES(93,'Baylor County','','','','','','','',NULL);
INSERT INTO place VALUES(94,'Precinct 5','','','','','','','',NULL);
INSERT INTO place VALUES(95,'East Division','','','','','','','',NULL);
INSERT INTO place VALUES(96,'Halifax County','','','','','','','',NULL);
INSERT INTO place VALUES(97,'North Carolina','','','','','','','',NULL);
INSERT INTO place VALUES(98,'Palmyra','','','','','','','',NULL);
INSERT INTO place VALUES(99,'Birmingham','','','','','','','',NULL);
INSERT INTO place VALUES(100,'Jefferson County','','','','','','','',NULL);
INSERT INTO place VALUES(101,'Alabama','','','','','','','',NULL);
INSERT INTO place VALUES(105,'Porter','','','','','','','',NULL);
INSERT INTO place VALUES(106,'Clarion County','','','','','','','',NULL);
INSERT INTO place VALUES(107,'Pennsylvania','','','','','','','',NULL);
INSERT INTO place VALUES(108,'Township 15','','','','','','','',NULL);
INSERT INTO place VALUES(109,'Attala County','','','','','','','',NULL);
INSERT INTO place VALUES(110,'Mississippi','','','','','','','',NULL);
INSERT INTO place VALUES(111,'T16 R7E','','','','','','','',NULL);
INSERT INTO place VALUES(112,'La Grange','','','','','','','',NULL);
INSERT INTO place VALUES(113,'Fayette County','','','','','','','',NULL);
INSERT INTO place VALUES(114,'Tennessee','','','','','','','',NULL);
INSERT INTO place VALUES(115,'Mahaska County','','','','','','','',NULL);
INSERT INTO place VALUES(116,'Iowa','','','','','','','',NULL);
INSERT INTO place VALUES(117,'Newark','','','','','','','',NULL);
INSERT INTO place VALUES(118,'Essex County','','','','','','','',NULL);
INSERT INTO place VALUES(119,'New Jersey','','','','','','','',NULL);
INSERT INTO place VALUES(120,'Corning','','','','','','','',NULL);
INSERT INTO place VALUES(121,'Steuben County','','','','','','','',NULL);
INSERT INTO place VALUES(122,'New York','','','','','','','','the state');
INSERT INTO place VALUES(123,'Madison','','','','','','','',NULL);
INSERT INTO place VALUES(124,'Lake County','','','','','','','',NULL);
INSERT INTO place VALUES(125,'Ohio','','','','','','','',NULL);
INSERT INTO place VALUES(126,'Grass Valley','','','','','','','',NULL);
INSERT INTO place VALUES(127,'Nevada County','','','','','','','',NULL);
INSERT INTO place VALUES(128,'California','','','','','','','',NULL);
INSERT INTO place VALUES(129,'Republic of Texas','','','','','','','',NULL);
INSERT INTO place VALUES(130,'Dallas','','','','','','','',NULL);
INSERT INTO place VALUES(134,'Dublin','','','','','','','',NULL);
INSERT INTO place VALUES(135,'County Kildare','','','','','','','',NULL);
INSERT INTO place VALUES(136,'Ireland','','','','','','','',NULL);
INSERT INTO place VALUES(137,'Iceland','','','','','','','',NULL);
INSERT INTO place VALUES(138,'Collin County','','','','','','','',NULL);
INSERT INTO place VALUES(140,'Finland','','','','','','','',NULL);
INSERT INTO place VALUES(141,'Denton County','','','','','','','',NULL);
INSERT INTO place VALUES(142,'Kaufman County','','','','','','','',NULL);
INSERT INTO place VALUES(145,'Rockwall County','','','','','','','',NULL);
INSERT INTO place VALUES(146,'Portland','','','','','','','',NULL);
INSERT INTO place VALUES(147,'Multnomah County','','','','','','','',NULL);
INSERT INTO place VALUES(148,'Oregon','','','','','','','',NULL);
INSERT INTO place VALUES(149,'Clackamas County','','','','','','','',NULL);
INSERT INTO place VALUES(150,'Washington County','','','','','','','',NULL);
INSERT INTO place VALUES(151,'Oklahoma City','','','','','','','',NULL);
INSERT INTO place VALUES(152,'Oklahoma County','','','','','','','',NULL);
INSERT INTO place VALUES(153,'Oklahoma','','','','','','','',NULL);
INSERT INTO place VALUES(154,'Canadian County','','','','','','','',NULL);
INSERT INTO place VALUES(155,'Cleveland County','','','','','','','',NULL);
INSERT INTO place VALUES(156,'Pottawatomie County','','','','','','','',NULL);
INSERT INTO place VALUES(157,'Enderlin','','','','','','','',NULL);
INSERT INTO place VALUES(158,'Ransom County','','','','','','','',NULL);
INSERT INTO place VALUES(159,'North Dakota','','','','','','','',NULL);
INSERT INTO place VALUES(160,'Cass County','','','','','','','',NULL);
INSERT INTO place VALUES(161,'Casnovia','','','','','','','',NULL);
INSERT INTO place VALUES(162,'Kent County','','','','','','','',NULL);
INSERT INTO place VALUES(163,'Michigan','','','','','','','',NULL);
INSERT INTO place VALUES(164,'Muskegon County','','','','','','','',NULL);
INSERT INTO place VALUES(165,'Bluffdale','','','','','','','',NULL);
INSERT INTO place VALUES(166,'Salt Lake County','','','','','','','',NULL);
INSERT INTO place VALUES(167,'Utah','','','','','','','',NULL);
INSERT INTO place VALUES(168,'Utah County','','','','','','','',NULL);
INSERT INTO place VALUES(169,'Gordonsville','','','','','','','',NULL);
INSERT INTO place VALUES(170,'Orange County','','','','','','','',NULL);
INSERT INTO place VALUES(171,'Virginia','','','','','','','',NULL);
INSERT INTO place VALUES(172,'Louisa County','','','','','','','',NULL);
INSERT INTO place VALUES(173,'Grifton','','','','','','','',NULL);
INSERT INTO place VALUES(174,'Lenoir County','','','','','','','',NULL);
INSERT INTO place VALUES(175,'Pitt County','','','','','','','',NULL);
INSERT INTO place VALUES(176,'Clifton','','','','','','','',NULL);
INSERT INTO place VALUES(177,'Washington County','','','','','','','',NULL);
INSERT INTO place VALUES(178,'Kansas','','','','','','','',NULL);
INSERT INTO place VALUES(179,'Clay County','','','','','','','',NULL);
INSERT INTO place VALUES(180,'Trumbull','','','','','','','',NULL);
INSERT INTO place VALUES(181,'Clay County','','','','','','','',NULL);
INSERT INTO place VALUES(182,'Nebraska','','','','','','','',NULL);
INSERT INTO place VALUES(183,'Adams County','','','','','','','',NULL);
INSERT INTO place VALUES(184,'New York','','','','','','','',NULL);
INSERT INTO place VALUES(185,'Kings County','','','','','','','',NULL);
INSERT INTO place VALUES(186,'Queens County','','','','','','','',NULL);
INSERT INTO place VALUES(187,'New York County','','','','','','','',NULL);
INSERT INTO place VALUES(188,'Bronx County','','','','','','','',NULL);
INSERT INTO place VALUES(189,'Richmond County','','','','','','','',NULL);
INSERT INTO place VALUES(190,'Johnson City','','','','','','','',NULL);
INSERT INTO place VALUES(191,'Washington County','','','','','','','',NULL);
INSERT INTO place VALUES(192,'Carter County','','','','','','','',NULL);
INSERT INTO place VALUES(193,'Sullivan County','','','','','','','',NULL);
INSERT INTO place VALUES(194,'Motley','','','','','','','',NULL);
INSERT INTO place VALUES(195,'Morrison County','','','','','','','',NULL);
INSERT INTO place VALUES(196,'Minnesota','','','','','','','',NULL);
INSERT INTO place VALUES(197,'Cass County','','','','','','','',NULL);
INSERT INTO place VALUES(198,'Centralia','','','','','','','',NULL);
INSERT INTO place VALUES(199,'Clinton County','','','','','','','',NULL);
INSERT INTO place VALUES(200,'Illinois','','','','','','','',NULL);
INSERT INTO place VALUES(201,'Jefferson County','','','','','','','',NULL);
INSERT INTO place VALUES(206,'Dupe','','','','','','','','G-G-Gpa Nathan B. Hillyard was raised there.');
INSERT INTO place VALUES(207,'Dupe','','','','','','','','Hillyard Cemetery was there till graves were moved in 1945');
INSERT INTO place VALUES(208,'A Co','','','','','','','',NULL);
INSERT INTO place VALUES(209,'A Co','','','','','','','',NULL);
INSERT INTO place VALUES(210,'Beijing','','','','','','','',NULL);
INSERT INTO place VALUES(211,'China','','','','','','','',NULL);
INSERT INTO place VALUES(212,'Glasgow','','','','','','','',NULL);
INSERT INTO place VALUES(213,'Scotland','','','','','','','',NULL);
INSERT INTO place VALUES(214,'UK','','','','','','','',NULL);
INSERT INTO place VALUES(215,'Wales','','','','','','','',NULL);
INSERT INTO place VALUES(216,'Sacramento','','','','','','','',NULL);
INSERT INTO place VALUES(217,'Sacramento County','','','','','','','',NULL);
INSERT INTO place VALUES(218,'Salina','','','','','','','',NULL);
INSERT INTO place VALUES(219,'Saline County','','','','','','','',NULL);
INSERT INTO place VALUES(220,'Arcata','','','','','','','',NULL);
INSERT INTO place VALUES(221,'Humboldt County','','','','','','','',NULL);
INSERT INTO place VALUES(222,'Trinidad','','','','','','','',NULL);
INSERT INTO place VALUES(223,'Trinidad','','','','','','','',NULL);
INSERT INTO place VALUES(224,'Los Animas County','','','','','','','',NULL);
INSERT INTO place VALUES(225,'Trinidad','','','','','','','',NULL);
INSERT INTO place VALUES(226,'Republic of Trinidad & Tobago','','','','','','','',NULL);
INSERT INTO place VALUES(227,'Caribbean Islands','','','','','','','',NULL);
INSERT INTO place VALUES(228,'Tenerife','','','','','','','',NULL);
INSERT INTO place VALUES(229,'Canary Islands','','','','','','','',NULL);
INSERT INTO place VALUES(329,'Texas2','','','','','','','',NULL);
INSERT INTO place VALUES(429,'Texas3','','','','','','','',NULL);
INSERT INTO place VALUES(666,'Faketown','','','','','','','',NULL);
INSERT INTO place VALUES(667,'Faketown','','','','','','','',NULL);
INSERT INTO place VALUES(668,'Fake County','','','','','','','',NULL);
INSERT INTO place VALUES(669,'Fake County','','','','','','','',NULL);
INSERT INTO place VALUES(672,'Codrongianos','','','','','','','',NULL);
INSERT INTO place VALUES(677,'Florence','','','','','','','',NULL);
INSERT INTO place VALUES(678,'Milan','','','','','','','',NULL);
INSERT INTO place VALUES(679,'Sassari','','','','','','','',NULL);
INSERT INTO place VALUES(680,'Monaco','','','','','','','',NULL);
INSERT INTO place VALUES(681,'Monaco','','','','','','','',NULL);
INSERT INTO place VALUES(682,'Maine','','','','','','','','smaller Maine (the town)');
INSERT INTO place VALUES(683,'Maine','','','','','','','','larger Maine (the state)');
INSERT INTO place VALUES(684,'Paris','','','','','','','',NULL);
INSERT INTO place VALUES(685,'Paris','','','','','','','','aadfasdfgg');
INSERT INTO place VALUES(686,'Denmark','','','','','','','',NULL);
INSERT INTO place VALUES(687,'Blank','','','','','','','',NULL);
INSERT INTO place VALUES(688,'Maryland','','','','','','','',NULL);
INSERT INTO place VALUES(689,'South America','','','','','','','',NULL);
INSERT INTO place VALUES(690,'North America','','','','','','','',NULL);
INSERT INTO place VALUES(692,'Venice','','','','','','','',NULL);
INSERT INTO place VALUES(693,'Antarctica','','','','','','','',NULL);
INSERT INTO place VALUES(694,'Bulgaria','','','','','','','',NULL);
INSERT INTO place VALUES(695,'Alaska','','','','','','','',NULL);
INSERT INTO place VALUES(696,'Cuba','','','','','','','',NULL);
INSERT INTO place VALUES(697,'Switzerland','','','','','','','',NULL);
INSERT INTO place VALUES(698,'Madagascar','','','','','','','',NULL);
INSERT INTO place VALUES(699,'Europe','','','','','','','',NULL);
INSERT INTO place VALUES(700,'Africa','','','','','','','',NULL);
INSERT INTO place VALUES(701,'Turkey','','','','','','','',NULL);
INSERT INTO place VALUES(702,'Delaware','','','','','','','',NULL);
INSERT INTO place VALUES(703,'Afghanistan','','','','','','','',NULL);
INSERT INTO place VALUES(704,'Columbia','','','','','','','',NULL);
INSERT INTO place VALUES(706,'Czechoslovakia','','','','','','','',NULL);
INSERT INTO place VALUES(707,'Greenland','','','','','','','',NULL);
INSERT INTO place VALUES(708,'Nevada','','','','','','','',NULL);
INSERT INTO place VALUES(709,'United Kingdom','','','','','','','',NULL);
INSERT INTO place VALUES(710,'Mexico','','','','','','','',NULL);
INSERT INTO place VALUES(711,'Nicaragua','','','','','','','',NULL);
INSERT INTO place VALUES(712,'Brazil','','','','','','','',NULL);
INSERT INTO place VALUES(713,'New Hampshire','','','','','','','',NULL);
INSERT INTO place VALUES(715,'Greece','','','','','','','',NULL);
INSERT INTO place VALUES(716,'USSR','','','','','','','',NULL);
INSERT INTO place VALUES(717,'Turin','','','','','','','',NULL);
INSERT INTO place VALUES(718,'Rome','','','','','','','',NULL);
INSERT INTO place VALUES(719,'Bologna','','','','','','','',NULL);
INSERT INTO place VALUES(720,'Peoria','','','','','','','',NULL);
INSERT INTO place VALUES(721,'Casper','','','','','','','',NULL);
INSERT INTO place VALUES(723,'Selma','','','','','','','',NULL);
INSERT INTO place VALUES(724,'Phoenix','','','','','','','',NULL);
INSERT INTO place VALUES(725,'Arizona','','','','','','','',NULL);
INSERT INTO place VALUES(726,'Finger Lakes','','','','','','','',NULL);
INSERT INTO place VALUES(727,'Las Vegas','','','','','','','',NULL);
INSERT INTO place VALUES(728,'Reno','','','','','','','',NULL);
INSERT INTO place VALUES(729,'Paris','','','','','','','',NULL);
INSERT INTO place VALUES(730,'Arkansas','','','','','','','',NULL);
INSERT INTO place VALUES(731,'Paris','','','','','','','',NULL);
INSERT INTO place VALUES(732,'Paris','','','','','','','',NULL);
INSERT INTO place VALUES(733,'Paris','','','','','','','',NULL);
INSERT INTO place VALUES(734,'Green Charter Township','','','','','','','',NULL);
INSERT INTO place VALUES(735,'Paris','','','','','','','',NULL);
INSERT INTO place VALUES(736,'Ontario','','','','','','','',NULL);
INSERT INTO place VALUES(737,'Paris','','','','','','','',NULL);
INSERT INTO place VALUES(738,'Yukon','','','','','','','',NULL);
INSERT INTO place VALUES(739,'Paris','','','','','','','',NULL);
INSERT INTO place VALUES(740,'Jefferson County','','','','','','','',NULL);
INSERT INTO place VALUES(741,'Indiana','','','','','','','',NULL);
INSERT INTO place VALUES(742,'Paris','','','','','','','',NULL);
INSERT INTO place VALUES(743,'Linn County','','','','','','','',NULL);
INSERT INTO place VALUES(744,'Paris','','','','','','','',NULL);
INSERT INTO place VALUES(745,'Paris','','','','','','','',NULL);
INSERT INTO place VALUES(746,'Paris','','','','','','','',NULL);
INSERT INTO place VALUES(747,'Missouri','','','','','','','',NULL);
INSERT INTO place VALUES(748,'Paris','','','','','','','',NULL);
INSERT INTO place VALUES(749,'Portage County','','','','','','','',NULL);
INSERT INTO place VALUES(750,'Paris','','','','','','','',NULL);
INSERT INTO place VALUES(751,'Stark County','','','','','','','',NULL);
INSERT INTO place VALUES(752,'Paris','','','','','','','','reg');
INSERT INTO place VALUES(753,'Paris','','','','','','','',NULL);
INSERT INTO place VALUES(754,'Paris','','','','','','','',NULL);
INSERT INTO place VALUES(755,'Paris','','','','','','','',NULL);
INSERT INTO place VALUES(756,'Kiribati','','','','','','','',NULL);
INSERT INTO place VALUES(757,'Pacific Ocean','','','','','','','',NULL);
INSERT INTO place VALUES(758,'Linn County','','','','','','','',NULL);
INSERT INTO place VALUES(782,'Ohio','','','','','','','',NULL);
INSERT INTO place VALUES(783,'Gunnison County','','','','','','','',NULL);
INSERT INTO place VALUES(784,'Bureau County','','','','','','','',NULL);
INSERT INTO place VALUES(785,'Ohio','','','','','','','',NULL);
INSERT INTO place VALUES(786,'Long','','','','','','','',NULL);
INSERT INTO place VALUES(787,'Meigs County','','','','','','','',NULL);
INSERT INTO place VALUES(788,'Portland','','','','','','','',NULL);
INSERT INTO place VALUES(789,'County Road 22','','','','','','','',NULL);
INSERT INTO place VALUES(790,'Cumberland County','','','','','','','',NULL);
INSERT INTO place VALUES(791,'Portland','','','','','','','',NULL);
INSERT INTO place VALUES(792,'Reno','','','','','','','',NULL);
INSERT INTO place VALUES(793,'Blossom','','','','','','','',NULL);
INSERT INTO place VALUES(794,'Maine','','','','','','','','Ioway');
INSERT INTO place VALUES(795,'Elks Lodge','','','','','','','',NULL);
INSERT INTO place VALUES(796,'Elks Lodge','','','','','','','',NULL);
INSERT INTO place VALUES(797,'Elks Lodge','','','','','','','',NULL);
INSERT INTO place VALUES(798,'Jerusalem','','','','','','','',NULL);
INSERT INTO place VALUES(799,'Israel','','','','','','','','ancient');
INSERT INTO place VALUES(800,'Israel','','','','','','','','modern');
INSERT INTO place VALUES(801,'Masada','','','','','','','',NULL);
INSERT INTO place VALUES(802,'table 5','','','','','','','',NULL);
INSERT INTO place VALUES(803,'table 5','','','','','','','',NULL);
INSERT INTO place VALUES(804,'Precinct 5','','','','','','','',NULL);
INSERT INTO place VALUES(805,'Maine','','','','','','','',NULL);
INSERT INTO place VALUES(806,'Elks Lodge','','','','','','','',NULL);
INSERT INTO place VALUES(807,'Gee Whiz Mall','','','','','','','',NULL);
INSERT INTO place VALUES(808,'Blossom','','','','','','','',NULL);
INSERT INTO place VALUES(809,'Elma','','','','','','','',NULL);
INSERT INTO place VALUES(810,'Erie County','','','','','','','',NULL);
INSERT INTO place VALUES(811,'Woodstock','','','','','','','',NULL);
INSERT INTO place VALUES(812,'Windsor County','','','','','','','',NULL);
INSERT INTO place VALUES(813,'Vermont','','','','','','','',NULL);
INSERT INTO place VALUES(814,'Lahaina','','','','','','','',NULL);
INSERT INTO place VALUES(815,'Maui','','','','','','','',NULL);
INSERT INTO place VALUES(816,'Hawaii','','','','','','','',NULL);
INSERT INTO place VALUES(817,'Kingstree','','','','','','','',NULL);
INSERT INTO place VALUES(818,'Williamsburg County','','','','','','','',NULL);
INSERT INTO place VALUES(819,'South Carolina','','','','','','','',NULL);
INSERT INTO place VALUES(820,'Braintree','','','','','','','',NULL);
INSERT INTO place VALUES(821,'Norfolk County','','','','','','','',NULL);
INSERT INTO place VALUES(822,'Massachusetts','','','','','','','',NULL);
INSERT INTO place VALUES(823,'Smithfield','','','','','','','',NULL);
INSERT INTO place VALUES(824,'Providence County','','','','','','','',NULL);
INSERT INTO place VALUES(825,'Rhode Island','','','','','','','',NULL);
INSERT INTO place VALUES(827,'Vancouver','','','','','','','',NULL);
INSERT INTO place VALUES(828,'Clark County','','','','','','','',NULL);
INSERT INTO place VALUES(829,'Washington','','','','','','','',NULL);
INSERT INTO place VALUES(830,'Anaconda','','','','','','','',NULL);
INSERT INTO place VALUES(831,'Deer Lodge County','','','','','','','',NULL);
INSERT INTO place VALUES(832,'Montana','','','','','','','',NULL);
INSERT INTO place VALUES(833,'Raton','','','','','','','',NULL);
INSERT INTO place VALUES(834,'Colfax County','','','','','','','',NULL);
INSERT INTO place VALUES(835,'New Mexico','','','','','','','',NULL);
INSERT INTO place VALUES(836,'Huntington','','','','','','','',NULL);
INSERT INTO place VALUES(837,'Cabell County','','','','','','','',NULL);
INSERT INTO place VALUES(838,'West Virginia','','','','','','','',NULL);
INSERT INTO place VALUES(839,'Valdosta','','','','','','','',NULL);
INSERT INTO place VALUES(840,'Lowndes County','','','','','','','',NULL);
INSERT INTO place VALUES(841,'Georgia','','','','','','','',NULL);
INSERT INTO place VALUES(842,'Killingly','','','','','','','',NULL);
INSERT INTO place VALUES(843,'Windham County','','','','','','','',NULL);
INSERT INTO place VALUES(844,'Connecticut','','','','','','','',NULL);
INSERT INTO place VALUES(845,'Cairo','','','','','','','',NULL);
INSERT INTO place VALUES(846,'Egypt','','','','','','','',NULL);
INSERT INTO place VALUES(847,'Ilo-ilo','','','','','','','',NULL);
INSERT INTO place VALUES(848,'Panay','','','','','','','',NULL);
INSERT INTO place VALUES(849,'Philippines','','','','','','','',NULL);
INSERT INTO place VALUES(850,'Nadma','','','','','','','',NULL);
INSERT INTO place VALUES(851,'Gmina Radzymin','','','','','','','',NULL);
INSERT INTO place VALUES(852,'Wolomin','','','','','','','',NULL);
INSERT INTO place VALUES(853,'Poland','','','','','','','',NULL);
INSERT INTO place VALUES(854,'Riga','','','','','','','',NULL);
INSERT INTO place VALUES(855,'Latvia','','','','','','','',NULL);
INSERT INTO place VALUES(856,'Zamosc','','','','','','','',NULL);
INSERT INTO place VALUES(857,'Lublin','','','','','','','',NULL);
INSERT INTO place VALUES(858,'Mokre','','','','','','','',NULL);
INSERT INTO place VALUES(859,'Osilo','','','','','','','',NULL);
INSERT INTO place VALUES(860,'Motel 6','','','','','','','',NULL);
INSERT INTO place VALUES(861,'Motel 6','','','','','','','',NULL);
INSERT INTO place VALUES(862,'Motel 6','','','','','','','',NULL);
INSERT INTO place VALUES(863,'Aurora','','','','','','','',NULL);
INSERT INTO place VALUES(864,'Motel 6','','','','','','','',NULL);
INSERT INTO place VALUES(865,'Room 222','','','','','','','','Not the TV show.');
INSERT INTO place VALUES(866,'Room 222','','','','','','','',NULL);
INSERT INTO place VALUES(868,'Washoe County','','','','','','','',NULL);
INSERT INTO place VALUES(869,'Idlewild Park','','','','','','','',NULL);
INSERT INTO place VALUES(870,'Fleischmann Planetarium','','','','','','','',NULL);
INSERT INTO place VALUES(871,'Our Mother of Sorrows Catholic Cemetery','','','','','','','',NULL);
INSERT INTO place VALUES(872,'Huffaker Park','','','','','','','',NULL);
INSERT INTO place VALUES(873,'Costco','','','','','','','',NULL);
INSERT INTO place VALUES(874,'Mountain View Cemetery','','','','','','','',NULL);
INSERT INTO place VALUES(875,'Atlantis Casino Resort Spa','','','','','','','',NULL);
INSERT INTO place VALUES(876,'Hillside Cemetery','','','','','','','',NULL);
INSERT INTO place VALUES(877,'Reno-Tahoe International Airport','','','','','','','',NULL);
INSERT INTO place VALUES(878,'Hebrew Cemetery of Reno','','','','','','','',NULL);
INSERT INTO place VALUES(879,'Nevada Museum of Art','','','','','','','',NULL);
INSERT INTO place VALUES(880,'Earl Wooster High School','','','','','','','',NULL);
INSERT INTO place VALUES(881,'Renown Medical Center','','','','','','','',NULL);
INSERT INTO place VALUES(882,'Starbucks','','','','','','','',NULL);
INSERT INTO place VALUES(884,'Maricopa County','','','','','','','',NULL);
INSERT INTO place VALUES(885,'Phoenix Art Museum','','','','','','','',NULL);
INSERT INTO place VALUES(886,'Camelback Mountain','','','','','','','',NULL);
INSERT INTO place VALUES(887,'South Mountain Park & Preserve','','','','','','','',NULL);
INSERT INTO place VALUES(888,'Eiffel Tower','','','','','','','',NULL);
INSERT INTO place VALUES(889,'Saint Nicholas Cathedral','','','','','','','',NULL);
INSERT INTO place VALUES(890,'Main Siding Road','','','','','','','',NULL);
INSERT INTO place VALUES(892,'Aroostook County','','','','','','','',NULL);
INSERT INTO place VALUES(893,'Casco del Minero','','','','','','','',NULL);
INSERT INTO place VALUES(894,'Oruro','','','','','','','',NULL);
INSERT INTO place VALUES(895,'Bolivia','','','','','','','',NULL);
INSERT INTO place VALUES(896,'Maine','','','','','','','',NULL);
INSERT INTO place VALUES(897,'Broome County','','','','','','','',NULL);
INSERT INTO place VALUES(898,'Singapore','','','','','','','',NULL);
INSERT INTO place VALUES(899,'Singapore','','','','','','','',NULL);
INSERT INTO place VALUES(900,'Catholic Church','','','','','','','',NULL);
INSERT INTO place VALUES(901,'Courthouse','','','','','','','',NULL);
INSERT INTO place VALUES(902,'Mother''s house','','','','','','','',NULL);
INSERT INTO place VALUES(903,'City Attorney Office','','','','','','','',NULL);
INSERT INTO place VALUES(904,'Hellfire Cathedral','','','','','','','',NULL);
INSERT INTO place VALUES(905,'Carbondale','','','','','','','',NULL);
INSERT INTO place VALUES(906,'Austin','','','','','','','',NULL);
INSERT INTO place VALUES(907,'New York','','','','','','','',NULL);
INSERT INTO place VALUES(908,'Negros Occidental','','','','','','','',NULL);
INSERT INTO place VALUES(909,'Sahara Desert','','','','','','','',NULL);
INSERT INTO place VALUES(910,'Genoa','','','','','','','',NULL);
CREATE TABLE format (format_id INTEGER PRIMARY KEY AUTOINCREMENT, bg TEXT, highlight_bg TEXT, head_bg TEXT, fg TEXT, output_font TEXT, input_font TEXT, font_size INTEGER, default_bg TEXT NOT NULL DEFAULT '#393932', default_highlight_bg TEXT NOT NULL DEFAULT '#4d4545', default_head_bg TEXT NOT NULL DEFAULT '#8d6262', default_fg TEXT NOT NULL DEFAULT '#f1c5c5', default_output_font TEXT NOT NULL DEFAULT 'courier', default_input_font TEXT NOT NULL DEFAULT 'tahoma', default_font_size INTEGER NOT NULL DEFAULT 12);
INSERT INTO format VALUES(1,'red','green','orange','black','Cascadia Mono','dejavu sans mono',12,'#061d2f','#284b80','#267d82','#71cfd5','Courier','dejavu sans mono',12);
CREATE TABLE IF NOT EXISTS "color_scheme" (color_scheme_id INTEGER PRIMARY KEY AUTOINCREMENT, bg TEXT NOT NULL, highlight_bg TEXT NOT NULL, head_bg TEXT NOT NULL, fg TEXT NOT NULL, built_in BOOLEAN NOT NULL DEFAULT 1, hidden BOOLEAN NOT NULL DEFAULT 0);
INSERT INTO color_scheme VALUES(1,'#061d2f','#284b80','#267d82','#71cfd5',1,0);
INSERT INTO color_scheme VALUES(2,'red','magenta','blue','yellow',1,1);
INSERT INTO color_scheme VALUES(240,'#232931','#393e46','#2E5447','#eeeeee',1,0);
INSERT INTO color_scheme VALUES(241,'#393932','#4d4545','#8d6262','#f1c5c5',1,0);
INSERT INTO color_scheme VALUES(242,'#212121','#323232','#0d7377','#7efee1',1,0);
INSERT INTO color_scheme VALUES(243,'#423030','#605656','gray','lightgray',1,0);
INSERT INTO color_scheme VALUES(244,'#a3e4db','#fed1ef','#72aef7','#333333',1,0);
INSERT INTO color_scheme VALUES(245,'#f0ece3','#dfd3c3','#c7b198','#5e5448',1,1);
INSERT INTO color_scheme VALUES(246,'#d3e4cd','#f2ddc1','#e2c2b9','#33282d',1,0);
INSERT INTO color_scheme VALUES(247,'#fff1af','#b4c6a6','#ab937b','#1c150e',1,0);
INSERT INTO color_scheme VALUES(248,'#f3f0d7','#cee5d0','#fed2aa','#1f1913',1,0);
INSERT INTO color_scheme VALUES(249,'#c8e3d4','#f6d7a7','#f6eabe','#1a1814',1,0);
INSERT INTO color_scheme VALUES(250,'#e5dcc3','#c7bea2','#aaa492','#12110f',1,0);
INSERT INTO color_scheme VALUES(251,'#faeee0','#f9e4c8','#d8d0c0','#121110',1,0);
INSERT INTO color_scheme VALUES(252,'#f3f0d7','#cee5d0','#e0c097','#1d2226',1,0);
INSERT INTO color_scheme VALUES(253,'#f3d5c0','#d4b499','#889eaf','#242426',1,0);
INSERT INTO color_scheme VALUES(254,'#ffe3e3','#e4d8dc','#c9ccd5','#21201a',1,0);
INSERT INTO color_scheme VALUES(255,'#feffe2','#f0f0cb','#dad5ab','#1c1a17',1,0);
INSERT INTO color_scheme VALUES(256,'#f4dfd0','#dad0c2','#cdbba7','#1a1615',1,0);
INSERT INTO color_scheme VALUES(257,'#f8e2cf','#f5c6aa','#fcd8d4','#0f1112',1,0);
INSERT INTO color_scheme VALUES(258,'#f1ecc3','#c9d8b6','#90a7b0','#171612',1,0);
INSERT INTO color_scheme VALUES(259,'#e6ddc6','#c3b8a3','#a19882','#1f181b',1,0);
INSERT INTO color_scheme VALUES(260,'#caf7e3','#f6dfeb','#e4bad4','#1c1a16',1,0);
INSERT INTO color_scheme VALUES(261,'#f6e6cb','#e3cdc1','#a0937d','#171a16',1,0);
INSERT INTO color_scheme VALUES(262,'#f8ede3','#bdd2b6','#798777','#171315',1,0);
INSERT INTO color_scheme VALUES(263,'#caf7e3','#f6dfeb','#e4bad4','#141414',1,0);
INSERT INTO color_scheme VALUES(264,'#f9f7cf','#f2dcbb','#bbbbbb','#151617',1,0);
INSERT INTO color_scheme VALUES(265,'#f4f4f2','#e8e8e8','#bbbfca','#170e11',1,0);
INSERT INTO color_scheme VALUES(266,'#d6e5fa','#baabda','#d77fa1','#1a0e12',1,0);
INSERT INTO color_scheme VALUES(267,'#7b6079','#506362','#de8971','#e3d8e2',1,1);
INSERT INTO color_scheme VALUES(268,'#433520','#025955','#00917c','#fde8cd',1,0);
INSERT INTO color_scheme VALUES(269,'#0d335d','#1a508b','#c1a1d3','#fff3e6',1,0);
INSERT INTO color_scheme VALUES(270,'#19456b','#11698e','#16c79a','#f8f1f1',1,0);
INSERT INTO color_scheme VALUES(271,'#424242','#a98b98','#4e3d53','#a6f0c6',1,0);
INSERT INTO color_scheme VALUES(272,'#351f39','#726a95','#485154','#a0c1b8',1,0);
INSERT INTO color_scheme VALUES(273,'#222831','#4f8a8b','#615229','#eeeeee',1,0);
INSERT INTO color_scheme VALUES(274,'#3e3838','#ae7c7c','#365e5a','#e3dada',1,0);
INSERT INTO color_scheme VALUES(275,'#305973','#ef7e56','#787371','#e6dfdc',1,1);
INSERT INTO color_scheme VALUES(276,'#041c32','#04293a','#064663','#ced7db',1,0);
INSERT INTO color_scheme VALUES(277,'#112031','#152d35','#345b63','#d4ecdd',1,0);
INSERT INTO color_scheme VALUES(278,'#334257','#476062','#548ca8','#eeeeee',1,0);
INSERT INTO color_scheme VALUES(279,'#351f39','#726a95','#485154','#a0c1b8',1,0);
INSERT INTO color_scheme VALUES(280,'#382933','#3b5249','#3d5448','#a4b494',1,0);
INSERT INTO color_scheme VALUES(281,'#4d4646','#5b5656','#47544a','#f5eaea',1,0);
INSERT INTO color_scheme VALUES(282,'#222831','#393e46','#d65a31','#eeeeee',1,1);
INSERT INTO color_scheme VALUES(283,'#33313b','#62374e','#007880','#ccbec5',1,0);
INSERT INTO color_scheme VALUES(284,'#33313b','#3c4f65','#834c69','#e6f5ff',1,0);
INSERT INTO color_scheme VALUES(285,'#272121','#363333','#e16428','#f6e9e9',1,1);
INSERT INTO color_scheme VALUES(286,'#2a2438','#352f44','#5c5470','#dbd8e3',1,0);
INSERT INTO color_scheme VALUES(287,'#a0937d','#3a6351','#5f939a','#f2edd7',1,1);
INSERT INTO color_scheme VALUES(288,'#35483a','#647d73','#7e6373','#d5e0dc',1,0);
INSERT INTO color_scheme VALUES(289,'#35483a','#647d73','#4d444b','#d5e0dc',1,0);
INSERT INTO color_scheme VALUES(290,'#34615f','#4a8a87','#486a8c','#b9ddd9',1,0);
INSERT INTO color_scheme VALUES(291,'#344140','#5a7270','#977d77','#ffffff',1,0);
INSERT INTO color_scheme VALUES(292,'#1e1e1e','#484848','#43523f','#d7d7d7',1,0);
INSERT INTO color_scheme VALUES(293,'#b8a089','#cbbaa9','#ded3c9','#2d241c',1,0);
INSERT INTO color_scheme VALUES(294,'#0C1021','#55606c','#808c9b','white',1,0);
INSERT INTO color_scheme VALUES(295,'#283133','#899ea3','#86a68b','white',1,0);
INSERT INTO color_scheme VALUES(296,'#2F343F','#424242','#212121','#AFB9C6',1,0);
INSERT INTO color_scheme VALUES(297,'#38555f','#507987','#4d598a','#ced6d9',1,0);
INSERT INTO color_scheme VALUES(298,'#151a26','#3d4b6d','#6c8093','#dadee6',1,0);
INSERT INTO color_scheme VALUES(299,'#152028','#232b32','#202945','#d8dee3',1,0);
INSERT INTO color_scheme VALUES(300,'#121212','#606782','#34393b','#99b0bb',1,0);
INSERT INTO color_scheme VALUES(301,'#121212','#403250','#34383d','#d9d5de',1,0);
INSERT INTO color_scheme VALUES(302,'#dbdde8','#b4b8cf','#8087ae','#1c1c21',1,0);
INSERT INTO color_scheme VALUES(303,'#bcd0d3','#97b7bb','#639196','#141b1c',1,0);
INSERT INTO color_scheme VALUES(314,'#f0ece3','#dfd3c3','#c7b198','#363636',0,0);
INSERT INTO color_scheme VALUES(315,'#a0937d','#3a6351','#5f939a','#f3f3f3',0,0);
INSERT INTO color_scheme VALUES(317,'#34615f','#4a8a87','#486a8c','#faeefb',0,0);
CREATE TABLE IF NOT EXISTS "citation" (citation_id INTEGER PRIMARY KEY AUTOINCREMENT, source_id INTEGER NOT NULL, citations TEXT, FOREIGN KEY (source_id) REFERENCES source (source_id));
INSERT INTO citation VALUES(7,14,'Aspen, Pitkin County, Colorado, Sheet 2B');
INSERT INTO citation VALUES(8,13,'Ward 2, Aspen, Pitkin County, Colorado, Sheet 67A');
INSERT INTO citation VALUES(9,12,'Ward 1, Cheyenne, Laramie County, Wyoming, Sheet 7');
INSERT INTO citation VALUES(10,12,'Ward 3, Cheyenne, Laramie County, Wyoming, Sheet 22');
CREATE TABLE IF NOT EXISTS "claim" (claim_id INTEGER PRIMARY KEY AUTOINCREMENT, person_id INTEGER NOT NULL, event_type_id INTEGER NOT NULL, date TEXT, place_id INTEGER, particulars TEXT, age TEXT, citation_id INTEGER, name_id INTEGER NOT NULL, surety FLOAT DEFAULT 3.0, FOREIGN KEY (person_id) REFERENCES person (person_id), FOREIGN KEY (event_type_id) REFERENCES event_type (event_type_id), FOREIGN KEY (place_id) REFERENCES place (place_id), FOREIGN KEY (citation_id) REFERENCES citation (citation_id), FOREIGN KEY (name_id) REFERENCES name (name_id));
INSERT INTO claim VALUES(1,1,6,'1878',1,NULL,'32',NULL,4,1.5);
INSERT INTO claim VALUES(2,1,10,'Jan 1878',1,'why not','34',1,5,4.2999999999999998223);
INSERT INTO claim VALUES(3,1,7,NULL,1,'whatever','35',2,6,5.0);
INSERT INTO claim VALUES(4,1,6,'1890',1,'odd jobs','92',5,7,NULL);
INSERT INTO claim VALUES(5,1,2,'1860',1,NULL,'57',1,7,3.0);
INSERT INTO claim VALUES(6,1,3,'1861',1,NULL,'58',1,7,NULL);
INSERT INTO claim VALUES(7,1,3,'1861',1,NULL,'58',1,7,4.2000000000000001776);
INSERT INTO claim VALUES(8,1,6,'1900',1,'carpenter','52',6,6,3.2000000000000001776);
CREATE TABLE IF NOT EXISTS "claims_findings" (claims_findings_id INTEGER PRIMARY KEY AUTOINCREMENT, claim_id INTEGER NOT NULL, finding_id INTEGER NOT NULL, FOREIGN KEY (claim_id) REFERENCES claim (claim_id), FOREIGN KEY (finding_id) REFERENCES finding (finding_id));
INSERT INTO claims_findings VALUES(1,4,3);
INSERT INTO claims_findings VALUES(2,2,2);
INSERT INTO claims_findings VALUES(3,5,5);
INSERT INTO claims_findings VALUES(4,7,7);
INSERT INTO claims_findings VALUES(5,6,7);
CREATE TABLE IF NOT EXISTS "claims_notes" (claims_notes_id INTEGER PRIMARY KEY AUTOINCREMENT, claim_id INTEGER NOT NULL, note_id INTEGER NOT NULL, FOREIGN KEY (claim_id) REFERENCES claim (claim_id), FOREIGN KEY (note_id) REFERENCES note (note_id));
INSERT INTO claims_notes VALUES(2,2,1);
INSERT INTO claims_notes VALUES(3,3,5);
INSERT INTO claims_notes VALUES(4,3,4);
INSERT INTO claims_notes VALUES(5,1,2);
CREATE TABLE IF NOT EXISTS "claims_roles" (claims_roles_id INTEGER PRIMARY KEY AUTOINCREMENT, claim_id INTEGER NOT NULL, role_type_id INTEGER NOT NULL, person_id INTEGER NOT NULL, FOREIGN KEY (claim_id) REFERENCES claim (claim_id), FOREIGN KEY (role_type_id) REFERENCES role_type (role_type_id), FOREIGN KEY (person_id) REFERENCES person (person_id));
INSERT INTO claims_roles VALUES(1,1,4,2);
INSERT INTO claims_roles VALUES(2,2,1,3);
INSERT INTO claims_roles VALUES(3,3,3,5);
INSERT INTO claims_roles VALUES(4,1,5,4);
INSERT INTO claims_roles VALUES(5,4,4,9);
INSERT INTO claims_roles VALUES(6,8,4,10);
CREATE TABLE IF NOT EXISTS "current" (current_id INTEGER PRIMARY KEY AUTOINCREMENT, place_id INTEGER, person_id INTEGER, citation_id INTEGER REFERENCES citation (citation_id), color_scheme_id INTEGER DEFAULT null REFERENCES color_scheme (color_scheme_id), FOREIGN KEY (place_id) REFERENCES place (place_id), FOREIGN KEY (person_id) REFERENCES person (person_id));
INSERT INTO "current" VALUES(1,4,5589,9,299);
CREATE TABLE IF NOT EXISTS "finding_places" (finding_places_id INTEGER PRIMARY KEY AUTOINCREMENT, finding_id INTEGER UNIQUE, nest0 INTEGER NOT NULL DEFAULT 1, nest1 INTEGER DEFAULT NULL, nest2 INTEGER DEFAULT NULL, nest3 INTEGER DEFAULT NULL, nest4 INTEGER DEFAULT NULL, nest5 INTEGER DEFAULT NULL, nest6 INTEGER DEFAULT NULL, nest7 INTEGER DEFAULT NULL, nest8 INTEGER DEFAULT NULL, FOREIGN KEY (finding_id) REFERENCES finding (finding_id), FOREIGN KEY (nest0) REFERENCES place (place_id), FOREIGN KEY (nest1) REFERENCES place (place_id), FOREIGN KEY (nest2) REFERENCES place (place_id), FOREIGN KEY (nest3) REFERENCES place (place_id), FOREIGN KEY (nest4) REFERENCES place (place_id), FOREIGN KEY (nest5) REFERENCES place (place_id), FOREIGN KEY (nest6) REFERENCES place (place_id), FOREIGN KEY (nest7) REFERENCES place (place_id), FOREIGN KEY (nest8) REFERENCES place (place_id));
INSERT INTO finding_places VALUES(1,1,6,11,7,8,NULL,NULL,NULL,NULL,NULL);
INSERT INTO finding_places VALUES(2,2,7,8,NULL,NULL,NULL,NULL,NULL,NULL,NULL);
INSERT INTO finding_places VALUES(3,3,6,11,7,8,NULL,NULL,NULL,NULL,NULL);
INSERT INTO finding_places VALUES(4,4,6,11,7,8,NULL,NULL,NULL,NULL,NULL);
INSERT INTO finding_places VALUES(5,11,6,11,7,8,NULL,NULL,NULL,NULL,NULL);
INSERT INTO finding_places VALUES(6,12,6,11,7,8,NULL,NULL,NULL,NULL,NULL);
INSERT INTO finding_places VALUES(7,13,2,8,NULL,NULL,NULL,NULL,NULL,NULL,NULL);
INSERT INTO finding_places VALUES(8,14,4,2,8,NULL,NULL,NULL,NULL,NULL,NULL);
INSERT INTO finding_places VALUES(9,15,6,11,7,8,NULL,NULL,NULL,NULL,NULL);
INSERT INTO finding_places VALUES(10,27,6,11,7,8,NULL,NULL,NULL,NULL,NULL);
INSERT INTO finding_places VALUES(13,153,1,NULL,NULL,NULL,NULL,NULL,NULL,NULL,NULL);
INSERT INTO finding_places VALUES(14,157,1,NULL,NULL,NULL,NULL,NULL,NULL,NULL,NULL);
INSERT INTO finding_places VALUES(18,163,6,11,7,8,NULL,NULL,NULL,NULL,NULL);
INSERT INTO finding_places VALUES(19,164,6,11,7,8,NULL,NULL,NULL,NULL,NULL);
INSERT INTO finding_places VALUES(21,5,6,11,7,8,NULL,NULL,NULL,NULL,NULL);
INSERT INTO finding_places VALUES(22,9,10,2,8,NULL,NULL,NULL,NULL,NULL,NULL);
INSERT INTO finding_places VALUES(23,7,21,10,4,2,8,NULL,NULL,NULL,NULL);
INSERT INTO finding_places VALUES(24,8,21,10,4,2,8,NULL,NULL,NULL,NULL);
INSERT INTO finding_places VALUES(26,16,1,NULL,NULL,NULL,NULL,NULL,NULL,NULL,NULL);
INSERT INTO finding_places VALUES(27,17,6,11,7,8,NULL,NULL,NULL,NULL,NULL);
INSERT INTO finding_places VALUES(28,18,6,11,7,8,NULL,NULL,NULL,NULL,NULL);
INSERT INTO finding_places VALUES(29,26,6,11,7,8,NULL,NULL,NULL,NULL,NULL);
INSERT INTO finding_places VALUES(30,28,6,11,7,8,NULL,NULL,NULL,NULL,NULL);
INSERT INTO finding_places VALUES(31,29,21,10,4,2,8,NULL,NULL,NULL,NULL);
INSERT INTO finding_places VALUES(32,30,6,11,7,8,NULL,NULL,NULL,NULL,NULL);
INSERT INTO finding_places VALUES(35,119,6,11,7,8,NULL,NULL,NULL,NULL,NULL);
INSERT INTO finding_places VALUES(36,120,6,11,7,8,NULL,NULL,NULL,NULL,NULL);
INSERT INTO finding_places VALUES(37,121,6,11,7,8,NULL,NULL,NULL,NULL,NULL);
INSERT INTO finding_places VALUES(38,122,1,NULL,NULL,NULL,NULL,NULL,NULL,NULL,NULL);
INSERT INTO finding_places VALUES(39,123,6,11,7,8,NULL,NULL,NULL,NULL,NULL);
INSERT INTO finding_places VALUES(40,124,6,11,7,8,NULL,NULL,NULL,NULL,NULL);
INSERT INTO finding_places VALUES(41,125,6,11,7,8,NULL,NULL,NULL,NULL,NULL);
INSERT INTO finding_places VALUES(42,126,6,11,7,8,NULL,NULL,NULL,NULL,NULL);
INSERT INTO finding_places VALUES(43,127,6,11,7,8,NULL,NULL,NULL,NULL,NULL);
INSERT INTO finding_places VALUES(44,128,11,7,8,NULL,NULL,NULL,NULL,NULL,NULL);
INSERT INTO finding_places VALUES(45,129,6,11,7,8,NULL,NULL,NULL,NULL,NULL);
INSERT INTO finding_places VALUES(46,130,6,11,7,8,NULL,NULL,NULL,NULL,NULL);
INSERT INTO finding_places VALUES(47,131,6,11,7,8,NULL,NULL,NULL,NULL,NULL);
INSERT INTO finding_places VALUES(48,132,6,11,7,8,NULL,NULL,NULL,NULL,NULL);
INSERT INTO finding_places VALUES(49,133,6,11,7,8,NULL,NULL,NULL,NULL,NULL);
INSERT INTO finding_places VALUES(50,134,6,11,7,8,NULL,NULL,NULL,NULL,NULL);
INSERT INTO finding_places VALUES(51,135,6,11,7,8,NULL,NULL,NULL,NULL,NULL);
INSERT INTO finding_places VALUES(52,136,6,11,7,8,NULL,NULL,NULL,NULL,NULL);
INSERT INTO finding_places VALUES(53,137,6,11,7,8,NULL,NULL,NULL,NULL,NULL);
INSERT INTO finding_places VALUES(54,138,6,11,7,8,NULL,NULL,NULL,NULL,NULL);
INSERT INTO finding_places VALUES(55,139,6,11,7,8,NULL,NULL,NULL,NULL,NULL);
INSERT INTO finding_places VALUES(56,140,6,11,7,8,NULL,NULL,NULL,NULL,NULL);
INSERT INTO finding_places VALUES(57,141,6,11,7,8,NULL,NULL,NULL,NULL,NULL);
INSERT INTO finding_places VALUES(58,142,6,11,7,8,NULL,NULL,NULL,NULL,NULL);
INSERT INTO finding_places VALUES(59,143,6,11,7,8,NULL,NULL,NULL,NULL,NULL);
INSERT INTO finding_places VALUES(60,144,6,11,7,8,NULL,NULL,NULL,NULL,NULL);
INSERT INTO finding_places VALUES(61,145,6,11,7,8,NULL,NULL,NULL,NULL,NULL);
INSERT INTO finding_places VALUES(62,146,6,11,7,8,NULL,NULL,NULL,NULL,NULL);
INSERT INTO finding_places VALUES(63,147,6,11,7,8,NULL,NULL,NULL,NULL,NULL);
INSERT INTO finding_places VALUES(64,148,6,11,7,8,NULL,NULL,NULL,NULL,NULL);
INSERT INTO finding_places VALUES(65,149,6,11,7,8,NULL,NULL,NULL,NULL,NULL);
INSERT INTO finding_places VALUES(66,150,6,11,7,8,NULL,NULL,NULL,NULL,NULL);
INSERT INTO finding_places VALUES(68,154,19,7,8,NULL,NULL,NULL,NULL,NULL,NULL);
INSERT INTO finding_places VALUES(70,162,1,NULL,NULL,NULL,NULL,NULL,NULL,NULL,NULL);
INSERT INTO finding_places VALUES(71,165,6,11,7,8,NULL,NULL,NULL,NULL,NULL);
INSERT INTO finding_places VALUES(73,170,6,11,7,8,NULL,NULL,NULL,NULL,NULL);
INSERT INTO finding_places VALUES(74,172,6,11,7,8,NULL,NULL,NULL,NULL,NULL);
INSERT INTO finding_places VALUES(75,173,6,11,7,8,NULL,NULL,NULL,NULL,NULL);
INSERT INTO finding_places VALUES(76,179,6,11,7,8,NULL,NULL,NULL,NULL,NULL);
INSERT INTO finding_places VALUES(77,180,6,11,7,8,NULL,NULL,NULL,NULL,NULL);
INSERT INTO finding_places VALUES(78,189,6,11,7,8,NULL,NULL,NULL,NULL,NULL);
INSERT INTO finding_places VALUES(79,191,6,11,7,8,NULL,NULL,NULL,NULL,NULL);
INSERT INTO finding_places VALUES(80,202,6,11,7,8,NULL,NULL,NULL,NULL,NULL);
INSERT INTO finding_places VALUES(81,205,6,11,7,8,NULL,NULL,NULL,NULL,NULL);
INSERT INTO finding_places VALUES(82,206,6,11,7,8,NULL,NULL,NULL,NULL,NULL);
INSERT INTO finding_places VALUES(83,207,6,11,7,8,NULL,NULL,NULL,NULL,NULL);
INSERT INTO finding_places VALUES(84,208,6,11,7,8,NULL,NULL,NULL,NULL,NULL);
INSERT INTO finding_places VALUES(85,209,6,11,7,8,NULL,NULL,NULL,NULL,NULL);
INSERT INTO finding_places VALUES(86,210,6,11,7,8,NULL,NULL,NULL,NULL,NULL);
INSERT INTO finding_places VALUES(87,211,6,11,7,8,NULL,NULL,NULL,NULL,NULL);
INSERT INTO finding_places VALUES(88,212,6,11,7,8,NULL,NULL,NULL,NULL,NULL);
INSERT INTO finding_places VALUES(89,214,6,11,7,8,NULL,NULL,NULL,NULL,NULL);
INSERT INTO finding_places VALUES(90,215,1,NULL,NULL,NULL,NULL,NULL,NULL,NULL,NULL);
INSERT INTO finding_places VALUES(95,222,6,11,7,8,NULL,NULL,NULL,NULL,NULL);
INSERT INTO finding_places VALUES(98,225,6,11,7,8,NULL,NULL,NULL,NULL,NULL);
INSERT INTO finding_places VALUES(99,226,6,11,7,8,NULL,NULL,NULL,NULL,NULL);
INSERT INTO finding_places VALUES(100,227,6,11,7,8,NULL,NULL,NULL,NULL,NULL);
INSERT INTO finding_places VALUES(101,475,6,11,7,8,NULL,NULL,NULL,NULL,NULL);
INSERT INTO finding_places VALUES(103,477,6,11,7,8,NULL,NULL,NULL,NULL,NULL);
INSERT INTO finding_places VALUES(104,478,6,11,7,8,NULL,NULL,NULL,NULL,NULL);
INSERT INTO finding_places VALUES(500,550,12,NULL,NULL,NULL,NULL,NULL,NULL,NULL,NULL);
INSERT INTO finding_places VALUES(501,551,7,8,NULL,NULL,NULL,NULL,NULL,NULL,NULL);
INSERT INTO finding_places VALUES(502,552,7,8,NULL,NULL,NULL,NULL,NULL,NULL,NULL);
INSERT INTO finding_places VALUES(503,553,6,11,7,8,NULL,NULL,NULL,NULL,NULL);
INSERT INTO finding_places VALUES(512,562,14,12,NULL,NULL,NULL,NULL,NULL,NULL,NULL);
INSERT INTO finding_places VALUES(545,573,10,2,8,NULL,NULL,NULL,NULL,NULL,NULL);
INSERT INTO finding_places VALUES(546,574,16,NULL,NULL,NULL,NULL,NULL,NULL,NULL,NULL);
INSERT INTO finding_places VALUES(547,575,35,36,8,NULL,NULL,NULL,NULL,NULL,NULL);
INSERT INTO finding_places VALUES(549,577,19,7,8,NULL,NULL,NULL,NULL,NULL,NULL);
INSERT INTO finding_places VALUES(551,579,800,NULL,NULL,NULL,NULL,NULL,NULL,NULL,NULL);
INSERT INTO finding_places VALUES(553,581,19,7,8,NULL,NULL,NULL,NULL,NULL,NULL);
INSERT INTO finding_places VALUES(554,582,19,7,8,NULL,NULL,NULL,NULL,NULL,NULL);
INSERT INTO finding_places VALUES(555,583,19,7,8,NULL,NULL,NULL,NULL,NULL,NULL);
INSERT INTO finding_places VALUES(557,586,19,7,8,NULL,NULL,NULL,NULL,NULL,NULL);
INSERT INTO finding_places VALUES(558,587,19,7,8,NULL,NULL,NULL,NULL,NULL,NULL);
INSERT INTO finding_places VALUES(559,588,1,NULL,NULL,NULL,NULL,NULL,NULL,NULL,NULL);
INSERT INTO finding_places VALUES(561,590,1,NULL,NULL,NULL,NULL,NULL,NULL,NULL,NULL);
INSERT INTO finding_places VALUES(565,594,1,NULL,NULL,NULL,NULL,NULL,NULL,NULL,NULL);
INSERT INTO finding_places VALUES(566,595,1,NULL,NULL,NULL,NULL,NULL,NULL,NULL,NULL);
INSERT INTO finding_places VALUES(569,598,1,NULL,NULL,NULL,NULL,NULL,NULL,NULL,NULL);
INSERT INTO finding_places VALUES(570,599,1,NULL,NULL,NULL,NULL,NULL,NULL,NULL,NULL);
INSERT INTO finding_places VALUES(572,601,1,NULL,NULL,NULL,NULL,NULL,NULL,NULL,NULL);
INSERT INTO finding_places VALUES(576,605,1,NULL,NULL,NULL,NULL,NULL,NULL,NULL,NULL);
INSERT INTO finding_places VALUES(577,606,1,NULL,NULL,NULL,NULL,NULL,NULL,NULL,NULL);
INSERT INTO finding_places VALUES(618,619,2,8,NULL,NULL,NULL,NULL,NULL,NULL,NULL);
INSERT INTO finding_places VALUES(620,621,2,8,NULL,NULL,NULL,NULL,NULL,NULL,NULL);
INSERT INTO finding_places VALUES(634,622,119,8,NULL,NULL,NULL,NULL,NULL,NULL,NULL);
INSERT INTO finding_places VALUES(635,623,118,119,8,NULL,NULL,NULL,NULL,NULL,NULL);
INSERT INTO finding_places VALUES(636,624,118,119,8,NULL,NULL,NULL,NULL,NULL,NULL);
INSERT INTO finding_places VALUES(637,625,118,119,8,NULL,NULL,NULL,NULL,NULL,NULL);
INSERT INTO finding_places VALUES(639,627,19,7,8,NULL,NULL,NULL,NULL,NULL,NULL);
INSERT INTO finding_places VALUES(640,628,16,NULL,NULL,NULL,NULL,NULL,NULL,NULL,NULL);
INSERT INTO finding_places VALUES(641,629,29,8,NULL,NULL,NULL,NULL,NULL,NULL,NULL);
INSERT INTO finding_places VALUES(642,630,702,8,NULL,NULL,NULL,NULL,NULL,NULL,NULL);
INSERT INTO finding_places VALUES(644,631,6,11,7,8,NULL,NULL,NULL,NULL,NULL);
INSERT INTO finding_places VALUES(647,635,1,NULL,NULL,NULL,NULL,NULL,NULL,NULL,NULL);
INSERT INTO finding_places VALUES(650,637,1,NULL,NULL,NULL,NULL,NULL,NULL,NULL,NULL);
INSERT INTO finding_places VALUES(651,638,7,8,NULL,NULL,NULL,NULL,NULL,NULL,NULL);
INSERT INTO finding_places VALUES(654,641,7,8,NULL,NULL,NULL,NULL,NULL,NULL,NULL);
INSERT INTO finding_places VALUES(658,645,1,NULL,NULL,NULL,NULL,NULL,NULL,NULL,NULL);
INSERT INTO finding_places VALUES(660,646,6,11,7,8,NULL,NULL,NULL,NULL,NULL);
INSERT INTO finding_places VALUES(663,649,1,NULL,NULL,NULL,NULL,NULL,NULL,NULL,NULL);
INSERT INTO finding_places VALUES(664,651,1,NULL,NULL,NULL,NULL,NULL,NULL,NULL,NULL);
INSERT INTO finding_places VALUES(665,652,10,2,8,NULL,NULL,NULL,NULL,NULL,NULL);
INSERT INTO finding_places VALUES(666,653,11,7,8,NULL,NULL,NULL,NULL,NULL,NULL);
INSERT INTO finding_places VALUES(667,654,19,7,8,NULL,NULL,NULL,NULL,NULL,NULL);
INSERT INTO finding_places VALUES(669,656,1,NULL,NULL,NULL,NULL,NULL,NULL,NULL,NULL);
INSERT INTO finding_places VALUES(671,657,1,NULL,NULL,NULL,NULL,NULL,NULL,NULL,NULL);
INSERT INTO finding_places VALUES(684,659,20,19,7,8,NULL,NULL,NULL,NULL,NULL);
INSERT INTO finding_places VALUES(685,658,1,NULL,NULL,NULL,NULL,NULL,NULL,NULL,NULL);
INSERT INTO finding_places VALUES(703,661,1,NULL,NULL,NULL,NULL,NULL,NULL,NULL,NULL);
INSERT INTO finding_places VALUES(704,660,1,NULL,NULL,NULL,NULL,NULL,NULL,NULL,NULL);
INSERT INTO finding_places VALUES(705,662,6,11,7,8,NULL,NULL,NULL,NULL,NULL);
INSERT INTO finding_places VALUES(706,663,7,8,NULL,NULL,NULL,NULL,NULL,NULL,NULL);
INSERT INTO finding_places VALUES(707,665,1,NULL,NULL,NULL,NULL,NULL,NULL,NULL,NULL);
INSERT INTO finding_places VALUES(708,664,2,8,NULL,NULL,NULL,NULL,NULL,NULL,NULL);
INSERT INTO finding_places VALUES(709,667,1,NULL,NULL,NULL,NULL,NULL,NULL,NULL,NULL);
INSERT INTO finding_places VALUES(710,666,4,2,8,NULL,NULL,NULL,NULL,NULL,NULL);
INSERT INTO finding_places VALUES(711,668,117,118,119,8,NULL,NULL,NULL,NULL,NULL);
INSERT INTO finding_places VALUES(712,669,1,NULL,NULL,NULL,NULL,NULL,NULL,NULL,NULL);
INSERT INTO finding_places VALUES(713,670,1,NULL,NULL,NULL,NULL,NULL,NULL,NULL,NULL);
INSERT INTO finding_places VALUES(714,671,1,NULL,NULL,NULL,NULL,NULL,NULL,NULL,NULL);
INSERT INTO finding_places VALUES(715,672,1,NULL,NULL,NULL,NULL,NULL,NULL,NULL,NULL);
INSERT INTO finding_places VALUES(716,673,1,NULL,NULL,NULL,NULL,NULL,NULL,NULL,NULL);
INSERT INTO finding_places VALUES(717,674,117,118,119,8,NULL,NULL,NULL,NULL,NULL);
INSERT INTO finding_places VALUES(718,540,8,NULL,NULL,NULL,NULL,NULL,NULL,NULL,NULL);
INSERT INTO finding_places VALUES(719,541,8,NULL,NULL,NULL,NULL,NULL,NULL,NULL,NULL);
INSERT INTO finding_places VALUES(720,556,8,NULL,NULL,NULL,NULL,NULL,NULL,NULL,NULL);
INSERT INTO finding_places VALUES(721,558,8,NULL,NULL,NULL,NULL,NULL,NULL,NULL,NULL);
INSERT INTO finding_places VALUES(722,559,8,NULL,NULL,NULL,NULL,NULL,NULL,NULL,NULL);
INSERT INTO finding_places VALUES(723,560,8,NULL,NULL,NULL,NULL,NULL,NULL,NULL,NULL);
INSERT INTO finding_places VALUES(724,561,8,NULL,NULL,NULL,NULL,NULL,NULL,NULL,NULL);
INSERT INTO finding_places VALUES(725,564,8,NULL,NULL,NULL,NULL,NULL,NULL,NULL,NULL);
INSERT INTO finding_places VALUES(726,570,8,NULL,NULL,NULL,NULL,NULL,NULL,NULL,NULL);
INSERT INTO finding_places VALUES(727,584,8,NULL,NULL,NULL,NULL,NULL,NULL,NULL,NULL);
INSERT INTO finding_places VALUES(728,615,8,NULL,NULL,NULL,NULL,NULL,NULL,NULL,NULL);
INSERT INTO finding_places VALUES(729,678,1,NULL,NULL,NULL,NULL,NULL,NULL,NULL,NULL);
INSERT INTO finding_places VALUES(730,679,1,NULL,NULL,NULL,NULL,NULL,NULL,NULL,NULL);
INSERT INTO finding_places VALUES(731,680,1,NULL,NULL,NULL,NULL,NULL,NULL,NULL,NULL);
INSERT INTO finding_places VALUES(732,681,1,NULL,NULL,NULL,NULL,NULL,NULL,NULL,NULL);
INSERT INTO finding_places VALUES(733,682,1,NULL,NULL,NULL,NULL,NULL,NULL,NULL,NULL);
INSERT INTO finding_places VALUES(734,683,1,NULL,NULL,NULL,NULL,NULL,NULL,NULL,NULL);
INSERT INTO finding_places VALUES(735,684,1,NULL,NULL,NULL,NULL,NULL,NULL,NULL,NULL);
INSERT INTO finding_places VALUES(736,685,1,NULL,NULL,NULL,NULL,NULL,NULL,NULL,NULL);
INSERT INTO finding_places VALUES(737,686,1,NULL,NULL,NULL,NULL,NULL,NULL,NULL,NULL);
INSERT INTO finding_places VALUES(738,687,1,NULL,NULL,NULL,NULL,NULL,NULL,NULL,NULL);
INSERT INTO finding_places VALUES(739,688,1,NULL,NULL,NULL,NULL,NULL,NULL,NULL,NULL);
INSERT INTO finding_places VALUES(740,689,1,NULL,NULL,NULL,NULL,NULL,NULL,NULL,NULL);
INSERT INTO finding_places VALUES(741,690,1,NULL,NULL,NULL,NULL,NULL,NULL,NULL,NULL);
INSERT INTO finding_places VALUES(742,691,1,NULL,NULL,NULL,NULL,NULL,NULL,NULL,NULL);
INSERT INTO finding_places VALUES(743,692,1,NULL,NULL,NULL,NULL,NULL,NULL,NULL,NULL);
INSERT INTO finding_places VALUES(744,693,1,NULL,NULL,NULL,NULL,NULL,NULL,NULL,NULL);
INSERT INTO finding_places VALUES(745,694,1,NULL,NULL,NULL,NULL,NULL,NULL,NULL,NULL);
INSERT INTO finding_places VALUES(746,695,1,NULL,NULL,NULL,NULL,NULL,NULL,NULL,NULL);
INSERT INTO finding_places VALUES(747,696,1,NULL,NULL,NULL,NULL,NULL,NULL,NULL,NULL);
INSERT INTO finding_places VALUES(748,697,1,NULL,NULL,NULL,NULL,NULL,NULL,NULL,NULL);
INSERT INTO finding_places VALUES(749,698,1,NULL,NULL,NULL,NULL,NULL,NULL,NULL,NULL);
INSERT INTO finding_places VALUES(750,699,1,NULL,NULL,NULL,NULL,NULL,NULL,NULL,NULL);
INSERT INTO finding_places VALUES(751,700,1,NULL,NULL,NULL,NULL,NULL,NULL,NULL,NULL);
INSERT INTO finding_places VALUES(752,701,1,NULL,NULL,NULL,NULL,NULL,NULL,NULL,NULL);
INSERT INTO finding_places VALUES(753,702,1,NULL,NULL,NULL,NULL,NULL,NULL,NULL,NULL);
INSERT INTO finding_places VALUES(754,703,1,NULL,NULL,NULL,NULL,NULL,NULL,NULL,NULL);
INSERT INTO finding_places VALUES(755,704,1,NULL,NULL,NULL,NULL,NULL,NULL,NULL,NULL);
INSERT INTO finding_places VALUES(756,705,1,NULL,NULL,NULL,NULL,NULL,NULL,NULL,NULL);
INSERT INTO finding_places VALUES(757,706,1,NULL,NULL,NULL,NULL,NULL,NULL,NULL,NULL);
INSERT INTO finding_places VALUES(758,707,1,NULL,NULL,NULL,NULL,NULL,NULL,NULL,NULL);
INSERT INTO finding_places VALUES(759,708,1,NULL,NULL,NULL,NULL,NULL,NULL,NULL,NULL);
INSERT INTO finding_places VALUES(760,709,1,NULL,NULL,NULL,NULL,NULL,NULL,NULL,NULL);
INSERT INTO finding_places VALUES(761,710,1,NULL,NULL,NULL,NULL,NULL,NULL,NULL,NULL);
INSERT INTO finding_places VALUES(762,711,1,NULL,NULL,NULL,NULL,NULL,NULL,NULL,NULL);
INSERT INTO finding_places VALUES(763,712,1,NULL,NULL,NULL,NULL,NULL,NULL,NULL,NULL);
INSERT INTO finding_places VALUES(764,713,1,NULL,NULL,NULL,NULL,NULL,NULL,NULL,NULL);
INSERT INTO finding_places VALUES(765,714,1,NULL,NULL,NULL,NULL,NULL,NULL,NULL,NULL);
INSERT INTO finding_places VALUES(766,715,1,NULL,NULL,NULL,NULL,NULL,NULL,NULL,NULL);
INSERT INTO finding_places VALUES(767,716,1,NULL,NULL,NULL,NULL,NULL,NULL,NULL,NULL);
INSERT INTO finding_places VALUES(768,717,1,NULL,NULL,NULL,NULL,NULL,NULL,NULL,NULL);
INSERT INTO finding_places VALUES(769,718,1,NULL,NULL,NULL,NULL,NULL,NULL,NULL,NULL);
INSERT INTO finding_places VALUES(770,719,1,NULL,NULL,NULL,NULL,NULL,NULL,NULL,NULL);
INSERT INTO finding_places VALUES(771,720,1,NULL,NULL,NULL,NULL,NULL,NULL,NULL,NULL);
INSERT INTO finding_places VALUES(772,721,1,NULL,NULL,NULL,NULL,NULL,NULL,NULL,NULL);
INSERT INTO finding_places VALUES(773,722,1,NULL,NULL,NULL,NULL,NULL,NULL,NULL,NULL);
INSERT INTO finding_places VALUES(774,723,1,NULL,NULL,NULL,NULL,NULL,NULL,NULL,NULL);
INSERT INTO finding_places VALUES(775,724,1,NULL,NULL,NULL,NULL,NULL,NULL,NULL,NULL);
INSERT INTO finding_places VALUES(776,725,1,NULL,NULL,NULL,NULL,NULL,NULL,NULL,NULL);
INSERT INTO finding_places VALUES(777,726,1,NULL,NULL,NULL,NULL,NULL,NULL,NULL,NULL);
INSERT INTO finding_places VALUES(778,727,1,NULL,NULL,NULL,NULL,NULL,NULL,NULL,NULL);
INSERT INTO finding_places VALUES(779,728,1,NULL,NULL,NULL,NULL,NULL,NULL,NULL,NULL);
INSERT INTO finding_places VALUES(780,729,1,NULL,NULL,NULL,NULL,NULL,NULL,NULL,NULL);
INSERT INTO finding_places VALUES(781,730,1,NULL,NULL,NULL,NULL,NULL,NULL,NULL,NULL);
INSERT INTO finding_places VALUES(782,731,1,NULL,NULL,NULL,NULL,NULL,NULL,NULL,NULL);
INSERT INTO finding_places VALUES(783,732,1,NULL,NULL,NULL,NULL,NULL,NULL,NULL,NULL);
INSERT INTO finding_places VALUES(784,733,1,NULL,NULL,NULL,NULL,NULL,NULL,NULL,NULL);
INSERT INTO finding_places VALUES(785,734,1,NULL,NULL,NULL,NULL,NULL,NULL,NULL,NULL);
INSERT INTO finding_places VALUES(786,735,1,NULL,NULL,NULL,NULL,NULL,NULL,NULL,NULL);
INSERT INTO finding_places VALUES(787,736,1,NULL,NULL,NULL,NULL,NULL,NULL,NULL,NULL);
INSERT INTO finding_places VALUES(788,737,1,NULL,NULL,NULL,NULL,NULL,NULL,NULL,NULL);
INSERT INTO finding_places VALUES(789,738,1,NULL,NULL,NULL,NULL,NULL,NULL,NULL,NULL);
INSERT INTO finding_places VALUES(790,739,1,NULL,NULL,NULL,NULL,NULL,NULL,NULL,NULL);
INSERT INTO finding_places VALUES(791,740,1,NULL,NULL,NULL,NULL,NULL,NULL,NULL,NULL);
INSERT INTO finding_places VALUES(792,741,1,NULL,NULL,NULL,NULL,NULL,NULL,NULL,NULL);
INSERT INTO finding_places VALUES(793,742,1,NULL,NULL,NULL,NULL,NULL,NULL,NULL,NULL);
INSERT INTO finding_places VALUES(794,743,1,NULL,NULL,NULL,NULL,NULL,NULL,NULL,NULL);
INSERT INTO finding_places VALUES(795,744,1,NULL,NULL,NULL,NULL,NULL,NULL,NULL,NULL);
INSERT INTO finding_places VALUES(796,745,1,NULL,NULL,NULL,NULL,NULL,NULL,NULL,NULL);
INSERT INTO finding_places VALUES(797,746,1,NULL,NULL,NULL,NULL,NULL,NULL,NULL,NULL);
INSERT INTO finding_places VALUES(798,747,1,NULL,NULL,NULL,NULL,NULL,NULL,NULL,NULL);
INSERT INTO finding_places VALUES(799,748,1,NULL,NULL,NULL,NULL,NULL,NULL,NULL,NULL);
INSERT INTO finding_places VALUES(800,749,1,NULL,NULL,NULL,NULL,NULL,NULL,NULL,NULL);
INSERT INTO finding_places VALUES(801,750,1,NULL,NULL,NULL,NULL,NULL,NULL,NULL,NULL);
INSERT INTO finding_places VALUES(802,751,1,NULL,NULL,NULL,NULL,NULL,NULL,NULL,NULL);
INSERT INTO finding_places VALUES(803,752,1,NULL,NULL,NULL,NULL,NULL,NULL,NULL,NULL);
INSERT INTO finding_places VALUES(804,753,1,NULL,NULL,NULL,NULL,NULL,NULL,NULL,NULL);
INSERT INTO finding_places VALUES(805,754,1,NULL,NULL,NULL,NULL,NULL,NULL,NULL,NULL);
INSERT INTO finding_places VALUES(806,755,1,NULL,NULL,NULL,NULL,NULL,NULL,NULL,NULL);
INSERT INTO finding_places VALUES(807,756,1,NULL,NULL,NULL,NULL,NULL,NULL,NULL,NULL);
INSERT INTO finding_places VALUES(808,757,1,NULL,NULL,NULL,NULL,NULL,NULL,NULL,NULL);
INSERT INTO finding_places VALUES(809,758,1,NULL,NULL,NULL,NULL,NULL,NULL,NULL,NULL);
INSERT INTO finding_places VALUES(810,759,1,NULL,NULL,NULL,NULL,NULL,NULL,NULL,NULL);
INSERT INTO finding_places VALUES(811,760,1,NULL,NULL,NULL,NULL,NULL,NULL,NULL,NULL);
INSERT INTO finding_places VALUES(812,761,1,NULL,NULL,NULL,NULL,NULL,NULL,NULL,NULL);
INSERT INTO finding_places VALUES(813,762,1,NULL,NULL,NULL,NULL,NULL,NULL,NULL,NULL);
INSERT INTO finding_places VALUES(814,763,1,NULL,NULL,NULL,NULL,NULL,NULL,NULL,NULL);
INSERT INTO finding_places VALUES(815,764,1,NULL,NULL,NULL,NULL,NULL,NULL,NULL,NULL);
INSERT INTO finding_places VALUES(816,765,1,NULL,NULL,NULL,NULL,NULL,NULL,NULL,NULL);
INSERT INTO finding_places VALUES(817,766,1,NULL,NULL,NULL,NULL,NULL,NULL,NULL,NULL);
INSERT INTO finding_places VALUES(818,767,1,NULL,NULL,NULL,NULL,NULL,NULL,NULL,NULL);
INSERT INTO finding_places VALUES(819,768,1,NULL,NULL,NULL,NULL,NULL,NULL,NULL,NULL);
INSERT INTO finding_places VALUES(820,769,1,NULL,NULL,NULL,NULL,NULL,NULL,NULL,NULL);
INSERT INTO finding_places VALUES(821,770,1,NULL,NULL,NULL,NULL,NULL,NULL,NULL,NULL);
INSERT INTO finding_places VALUES(822,771,1,NULL,NULL,NULL,NULL,NULL,NULL,NULL,NULL);
INSERT INTO finding_places VALUES(823,772,1,NULL,NULL,NULL,NULL,NULL,NULL,NULL,NULL);
INSERT INTO finding_places VALUES(824,773,1,NULL,NULL,NULL,NULL,NULL,NULL,NULL,NULL);
INSERT INTO finding_places VALUES(825,774,1,NULL,NULL,NULL,NULL,NULL,NULL,NULL,NULL);
INSERT INTO finding_places VALUES(826,775,1,NULL,NULL,NULL,NULL,NULL,NULL,NULL,NULL);
INSERT INTO finding_places VALUES(827,776,1,NULL,NULL,NULL,NULL,NULL,NULL,NULL,NULL);
INSERT INTO finding_places VALUES(828,777,1,NULL,NULL,NULL,NULL,NULL,NULL,NULL,NULL);
INSERT INTO finding_places VALUES(829,778,1,NULL,NULL,NULL,NULL,NULL,NULL,NULL,NULL);
INSERT INTO finding_places VALUES(830,779,1,NULL,NULL,NULL,NULL,NULL,NULL,NULL,NULL);
INSERT INTO finding_places VALUES(831,780,1,NULL,NULL,NULL,NULL,NULL,NULL,NULL,NULL);
INSERT INTO finding_places VALUES(832,781,1,NULL,NULL,NULL,NULL,NULL,NULL,NULL,NULL);
INSERT INTO finding_places VALUES(833,782,1,NULL,NULL,NULL,NULL,NULL,NULL,NULL,NULL);
INSERT INTO finding_places VALUES(834,783,1,NULL,NULL,NULL,NULL,NULL,NULL,NULL,NULL);
INSERT INTO finding_places VALUES(835,784,1,NULL,NULL,NULL,NULL,NULL,NULL,NULL,NULL);
INSERT INTO finding_places VALUES(836,785,1,NULL,NULL,NULL,NULL,NULL,NULL,NULL,NULL);
INSERT INTO finding_places VALUES(837,786,1,NULL,NULL,NULL,NULL,NULL,NULL,NULL,NULL);
INSERT INTO finding_places VALUES(838,787,1,NULL,NULL,NULL,NULL,NULL,NULL,NULL,NULL);
INSERT INTO finding_places VALUES(839,788,1,NULL,NULL,NULL,NULL,NULL,NULL,NULL,NULL);
INSERT INTO finding_places VALUES(840,789,1,NULL,NULL,NULL,NULL,NULL,NULL,NULL,NULL);
INSERT INTO finding_places VALUES(841,790,1,NULL,NULL,NULL,NULL,NULL,NULL,NULL,NULL);
INSERT INTO finding_places VALUES(842,791,1,NULL,NULL,NULL,NULL,NULL,NULL,NULL,NULL);
INSERT INTO finding_places VALUES(843,792,1,NULL,NULL,NULL,NULL,NULL,NULL,NULL,NULL);
INSERT INTO finding_places VALUES(844,793,1,NULL,NULL,NULL,NULL,NULL,NULL,NULL,NULL);
INSERT INTO finding_places VALUES(845,794,1,NULL,NULL,NULL,NULL,NULL,NULL,NULL,NULL);
INSERT INTO finding_places VALUES(846,795,1,NULL,NULL,NULL,NULL,NULL,NULL,NULL,NULL);
INSERT INTO finding_places VALUES(847,796,1,NULL,NULL,NULL,NULL,NULL,NULL,NULL,NULL);
INSERT INTO finding_places VALUES(848,797,1,NULL,NULL,NULL,NULL,NULL,NULL,NULL,NULL);
INSERT INTO finding_places VALUES(849,798,1,NULL,NULL,NULL,NULL,NULL,NULL,NULL,NULL);
INSERT INTO finding_places VALUES(850,799,1,NULL,NULL,NULL,NULL,NULL,NULL,NULL,NULL);
INSERT INTO finding_places VALUES(851,800,1,NULL,NULL,NULL,NULL,NULL,NULL,NULL,NULL);
INSERT INTO finding_places VALUES(852,801,1,NULL,NULL,NULL,NULL,NULL,NULL,NULL,NULL);
INSERT INTO finding_places VALUES(853,802,1,NULL,NULL,NULL,NULL,NULL,NULL,NULL,NULL);
INSERT INTO finding_places VALUES(854,803,1,NULL,NULL,NULL,NULL,NULL,NULL,NULL,NULL);
INSERT INTO finding_places VALUES(855,804,1,NULL,NULL,NULL,NULL,NULL,NULL,NULL,NULL);
INSERT INTO finding_places VALUES(856,805,1,NULL,NULL,NULL,NULL,NULL,NULL,NULL,NULL);
INSERT INTO finding_places VALUES(857,806,1,NULL,NULL,NULL,NULL,NULL,NULL,NULL,NULL);
INSERT INTO finding_places VALUES(858,807,1,NULL,NULL,NULL,NULL,NULL,NULL,NULL,NULL);
INSERT INTO finding_places VALUES(859,808,1,NULL,NULL,NULL,NULL,NULL,NULL,NULL,NULL);
INSERT INTO finding_places VALUES(860,809,1,NULL,NULL,NULL,NULL,NULL,NULL,NULL,NULL);
INSERT INTO finding_places VALUES(861,810,1,NULL,NULL,NULL,NULL,NULL,NULL,NULL,NULL);
INSERT INTO finding_places VALUES(862,811,1,NULL,NULL,NULL,NULL,NULL,NULL,NULL,NULL);
INSERT INTO finding_places VALUES(863,812,1,NULL,NULL,NULL,NULL,NULL,NULL,NULL,NULL);
INSERT INTO finding_places VALUES(864,813,1,NULL,NULL,NULL,NULL,NULL,NULL,NULL,NULL);
INSERT INTO finding_places VALUES(865,814,1,NULL,NULL,NULL,NULL,NULL,NULL,NULL,NULL);
INSERT INTO finding_places VALUES(866,815,1,NULL,NULL,NULL,NULL,NULL,NULL,NULL,NULL);
INSERT INTO finding_places VALUES(867,816,1,NULL,NULL,NULL,NULL,NULL,NULL,NULL,NULL);
INSERT INTO finding_places VALUES(868,817,1,NULL,NULL,NULL,NULL,NULL,NULL,NULL,NULL);
INSERT INTO finding_places VALUES(869,818,1,NULL,NULL,NULL,NULL,NULL,NULL,NULL,NULL);
INSERT INTO finding_places VALUES(870,819,1,NULL,NULL,NULL,NULL,NULL,NULL,NULL,NULL);
INSERT INTO finding_places VALUES(871,820,1,NULL,NULL,NULL,NULL,NULL,NULL,NULL,NULL);
INSERT INTO finding_places VALUES(872,821,1,NULL,NULL,NULL,NULL,NULL,NULL,NULL,NULL);
INSERT INTO finding_places VALUES(873,822,1,NULL,NULL,NULL,NULL,NULL,NULL,NULL,NULL);
INSERT INTO finding_places VALUES(874,823,1,NULL,NULL,NULL,NULL,NULL,NULL,NULL,NULL);
INSERT INTO finding_places VALUES(875,824,1,NULL,NULL,NULL,NULL,NULL,NULL,NULL,NULL);
INSERT INTO finding_places VALUES(876,825,1,NULL,NULL,NULL,NULL,NULL,NULL,NULL,NULL);
INSERT INTO finding_places VALUES(877,826,1,NULL,NULL,NULL,NULL,NULL,NULL,NULL,NULL);
INSERT INTO finding_places VALUES(878,827,1,NULL,NULL,NULL,NULL,NULL,NULL,NULL,NULL);
INSERT INTO finding_places VALUES(879,828,1,NULL,NULL,NULL,NULL,NULL,NULL,NULL,NULL);
INSERT INTO finding_places VALUES(880,829,1,NULL,NULL,NULL,NULL,NULL,NULL,NULL,NULL);
INSERT INTO finding_places VALUES(881,830,1,NULL,NULL,NULL,NULL,NULL,NULL,NULL,NULL);
INSERT INTO finding_places VALUES(882,831,1,NULL,NULL,NULL,NULL,NULL,NULL,NULL,NULL);
INSERT INTO finding_places VALUES(883,832,1,NULL,NULL,NULL,NULL,NULL,NULL,NULL,NULL);
INSERT INTO finding_places VALUES(884,833,1,NULL,NULL,NULL,NULL,NULL,NULL,NULL,NULL);
INSERT INTO finding_places VALUES(885,834,1,NULL,NULL,NULL,NULL,NULL,NULL,NULL,NULL);
INSERT INTO finding_places VALUES(886,835,1,NULL,NULL,NULL,NULL,NULL,NULL,NULL,NULL);
INSERT INTO finding_places VALUES(887,836,1,NULL,NULL,NULL,NULL,NULL,NULL,NULL,NULL);
INSERT INTO finding_places VALUES(888,837,1,NULL,NULL,NULL,NULL,NULL,NULL,NULL,NULL);
INSERT INTO finding_places VALUES(889,838,1,NULL,NULL,NULL,NULL,NULL,NULL,NULL,NULL);
INSERT INTO finding_places VALUES(890,839,1,NULL,NULL,NULL,NULL,NULL,NULL,NULL,NULL);
INSERT INTO finding_places VALUES(891,840,1,NULL,NULL,NULL,NULL,NULL,NULL,NULL,NULL);
INSERT INTO finding_places VALUES(892,841,1,NULL,NULL,NULL,NULL,NULL,NULL,NULL,NULL);
INSERT INTO finding_places VALUES(893,842,1,NULL,NULL,NULL,NULL,NULL,NULL,NULL,NULL);
INSERT INTO finding_places VALUES(894,843,1,NULL,NULL,NULL,NULL,NULL,NULL,NULL,NULL);
INSERT INTO finding_places VALUES(895,844,1,NULL,NULL,NULL,NULL,NULL,NULL,NULL,NULL);
INSERT INTO finding_places VALUES(896,845,1,NULL,NULL,NULL,NULL,NULL,NULL,NULL,NULL);
INSERT INTO finding_places VALUES(897,846,1,NULL,NULL,NULL,NULL,NULL,NULL,NULL,NULL);
INSERT INTO finding_places VALUES(898,847,1,NULL,NULL,NULL,NULL,NULL,NULL,NULL,NULL);
INSERT INTO finding_places VALUES(899,848,1,NULL,NULL,NULL,NULL,NULL,NULL,NULL,NULL);
INSERT INTO finding_places VALUES(900,849,1,NULL,NULL,NULL,NULL,NULL,NULL,NULL,NULL);
INSERT INTO finding_places VALUES(901,850,1,NULL,NULL,NULL,NULL,NULL,NULL,NULL,NULL);
INSERT INTO finding_places VALUES(902,851,1,NULL,NULL,NULL,NULL,NULL,NULL,NULL,NULL);
INSERT INTO finding_places VALUES(903,852,1,NULL,NULL,NULL,NULL,NULL,NULL,NULL,NULL);
INSERT INTO finding_places VALUES(904,853,1,NULL,NULL,NULL,NULL,NULL,NULL,NULL,NULL);
INSERT INTO finding_places VALUES(905,854,1,NULL,NULL,NULL,NULL,NULL,NULL,NULL,NULL);
INSERT INTO finding_places VALUES(906,855,1,NULL,NULL,NULL,NULL,NULL,NULL,NULL,NULL);
INSERT INTO finding_places VALUES(907,856,1,NULL,NULL,NULL,NULL,NULL,NULL,NULL,NULL);
INSERT INTO finding_places VALUES(908,857,1,NULL,NULL,NULL,NULL,NULL,NULL,NULL,NULL);
INSERT INTO finding_places VALUES(909,858,1,NULL,NULL,NULL,NULL,NULL,NULL,NULL,NULL);
INSERT INTO finding_places VALUES(910,859,1,NULL,NULL,NULL,NULL,NULL,NULL,NULL,NULL);
INSERT INTO finding_places VALUES(911,860,1,NULL,NULL,NULL,NULL,NULL,NULL,NULL,NULL);
INSERT INTO finding_places VALUES(912,861,1,NULL,NULL,NULL,NULL,NULL,NULL,NULL,NULL);
INSERT INTO finding_places VALUES(913,862,1,NULL,NULL,NULL,NULL,NULL,NULL,NULL,NULL);
INSERT INTO finding_places VALUES(914,863,1,NULL,NULL,NULL,NULL,NULL,NULL,NULL,NULL);
INSERT INTO finding_places VALUES(915,864,1,NULL,NULL,NULL,NULL,NULL,NULL,NULL,NULL);
INSERT INTO finding_places VALUES(916,865,1,NULL,NULL,NULL,NULL,NULL,NULL,NULL,NULL);
INSERT INTO finding_places VALUES(917,866,1,NULL,NULL,NULL,NULL,NULL,NULL,NULL,NULL);
INSERT INTO finding_places VALUES(918,867,1,NULL,NULL,NULL,NULL,NULL,NULL,NULL,NULL);
INSERT INTO finding_places VALUES(919,868,1,NULL,NULL,NULL,NULL,NULL,NULL,NULL,NULL);
INSERT INTO finding_places VALUES(920,869,1,NULL,NULL,NULL,NULL,NULL,NULL,NULL,NULL);
INSERT INTO finding_places VALUES(921,870,1,NULL,NULL,NULL,NULL,NULL,NULL,NULL,NULL);
INSERT INTO finding_places VALUES(922,871,1,NULL,NULL,NULL,NULL,NULL,NULL,NULL,NULL);
INSERT INTO finding_places VALUES(923,872,1,NULL,NULL,NULL,NULL,NULL,NULL,NULL,NULL);
INSERT INTO finding_places VALUES(924,873,1,NULL,NULL,NULL,NULL,NULL,NULL,NULL,NULL);
INSERT INTO finding_places VALUES(925,874,1,NULL,NULL,NULL,NULL,NULL,NULL,NULL,NULL);
INSERT INTO finding_places VALUES(926,875,1,NULL,NULL,NULL,NULL,NULL,NULL,NULL,NULL);
INSERT INTO finding_places VALUES(927,876,1,NULL,NULL,NULL,NULL,NULL,NULL,NULL,NULL);
INSERT INTO finding_places VALUES(928,877,1,NULL,NULL,NULL,NULL,NULL,NULL,NULL,NULL);
INSERT INTO finding_places VALUES(929,878,1,NULL,NULL,NULL,NULL,NULL,NULL,NULL,NULL);
INSERT INTO finding_places VALUES(930,879,1,NULL,NULL,NULL,NULL,NULL,NULL,NULL,NULL);
INSERT INTO finding_places VALUES(931,880,1,NULL,NULL,NULL,NULL,NULL,NULL,NULL,NULL);
INSERT INTO finding_places VALUES(932,881,1,NULL,NULL,NULL,NULL,NULL,NULL,NULL,NULL);
INSERT INTO finding_places VALUES(933,882,1,NULL,NULL,NULL,NULL,NULL,NULL,NULL,NULL);
INSERT INTO finding_places VALUES(934,883,1,NULL,NULL,NULL,NULL,NULL,NULL,NULL,NULL);
INSERT INTO finding_places VALUES(935,884,1,NULL,NULL,NULL,NULL,NULL,NULL,NULL,NULL);
INSERT INTO finding_places VALUES(936,885,1,NULL,NULL,NULL,NULL,NULL,NULL,NULL,NULL);
INSERT INTO finding_places VALUES(937,886,1,NULL,NULL,NULL,NULL,NULL,NULL,NULL,NULL);
INSERT INTO finding_places VALUES(938,887,1,NULL,NULL,NULL,NULL,NULL,NULL,NULL,NULL);
INSERT INTO finding_places VALUES(939,888,1,NULL,NULL,NULL,NULL,NULL,NULL,NULL,NULL);
INSERT INTO finding_places VALUES(940,889,1,NULL,NULL,NULL,NULL,NULL,NULL,NULL,NULL);
INSERT INTO finding_places VALUES(941,890,1,NULL,NULL,NULL,NULL,NULL,NULL,NULL,NULL);
INSERT INTO finding_places VALUES(942,891,1,NULL,NULL,NULL,NULL,NULL,NULL,NULL,NULL);
INSERT INTO finding_places VALUES(943,892,1,NULL,NULL,NULL,NULL,NULL,NULL,NULL,NULL);
INSERT INTO finding_places VALUES(944,893,1,NULL,NULL,NULL,NULL,NULL,NULL,NULL,NULL);
INSERT INTO finding_places VALUES(945,894,1,NULL,NULL,NULL,NULL,NULL,NULL,NULL,NULL);
INSERT INTO finding_places VALUES(946,895,1,NULL,NULL,NULL,NULL,NULL,NULL,NULL,NULL);
INSERT INTO finding_places VALUES(947,896,1,NULL,NULL,NULL,NULL,NULL,NULL,NULL,NULL);
INSERT INTO finding_places VALUES(948,897,1,NULL,NULL,NULL,NULL,NULL,NULL,NULL,NULL);
INSERT INTO finding_places VALUES(949,898,1,NULL,NULL,NULL,NULL,NULL,NULL,NULL,NULL);
INSERT INTO finding_places VALUES(950,899,1,NULL,NULL,NULL,NULL,NULL,NULL,NULL,NULL);
INSERT INTO finding_places VALUES(951,900,1,NULL,NULL,NULL,NULL,NULL,NULL,NULL,NULL);
INSERT INTO finding_places VALUES(952,901,1,NULL,NULL,NULL,NULL,NULL,NULL,NULL,NULL);
INSERT INTO finding_places VALUES(953,902,1,NULL,NULL,NULL,NULL,NULL,NULL,NULL,NULL);
INSERT INTO finding_places VALUES(954,903,1,NULL,NULL,NULL,NULL,NULL,NULL,NULL,NULL);
INSERT INTO finding_places VALUES(955,904,1,NULL,NULL,NULL,NULL,NULL,NULL,NULL,NULL);
INSERT INTO finding_places VALUES(956,905,1,NULL,NULL,NULL,NULL,NULL,NULL,NULL,NULL);
INSERT INTO finding_places VALUES(957,906,1,NULL,NULL,NULL,NULL,NULL,NULL,NULL,NULL);
INSERT INTO finding_places VALUES(958,907,1,NULL,NULL,NULL,NULL,NULL,NULL,NULL,NULL);
INSERT INTO finding_places VALUES(959,908,1,NULL,NULL,NULL,NULL,NULL,NULL,NULL,NULL);
INSERT INTO finding_places VALUES(960,909,1,NULL,NULL,NULL,NULL,NULL,NULL,NULL,NULL);
INSERT INTO finding_places VALUES(961,910,1,NULL,NULL,NULL,NULL,NULL,NULL,NULL,NULL);
INSERT INTO finding_places VALUES(962,911,1,NULL,NULL,NULL,NULL,NULL,NULL,NULL,NULL);
INSERT INTO finding_places VALUES(963,912,1,NULL,NULL,NULL,NULL,NULL,NULL,NULL,NULL);
INSERT INTO finding_places VALUES(964,913,1,NULL,NULL,NULL,NULL,NULL,NULL,NULL,NULL);
INSERT INTO finding_places VALUES(965,914,1,NULL,NULL,NULL,NULL,NULL,NULL,NULL,NULL);
INSERT INTO finding_places VALUES(966,915,1,NULL,NULL,NULL,NULL,NULL,NULL,NULL,NULL);
INSERT INTO finding_places VALUES(967,916,1,NULL,NULL,NULL,NULL,NULL,NULL,NULL,NULL);
INSERT INTO finding_places VALUES(968,917,1,NULL,NULL,NULL,NULL,NULL,NULL,NULL,NULL);
INSERT INTO finding_places VALUES(969,918,1,NULL,NULL,NULL,NULL,NULL,NULL,NULL,NULL);
INSERT INTO finding_places VALUES(970,919,1,NULL,NULL,NULL,NULL,NULL,NULL,NULL,NULL);
INSERT INTO finding_places VALUES(971,920,1,NULL,NULL,NULL,NULL,NULL,NULL,NULL,NULL);
INSERT INTO finding_places VALUES(972,921,1,NULL,NULL,NULL,NULL,NULL,NULL,NULL,NULL);
INSERT INTO finding_places VALUES(973,922,1,NULL,NULL,NULL,NULL,NULL,NULL,NULL,NULL);
INSERT INTO finding_places VALUES(974,923,1,NULL,NULL,NULL,NULL,NULL,NULL,NULL,NULL);
INSERT INTO finding_places VALUES(975,924,1,NULL,NULL,NULL,NULL,NULL,NULL,NULL,NULL);
INSERT INTO finding_places VALUES(976,925,1,NULL,NULL,NULL,NULL,NULL,NULL,NULL,NULL);
INSERT INTO finding_places VALUES(977,926,1,NULL,NULL,NULL,NULL,NULL,NULL,NULL,NULL);
INSERT INTO finding_places VALUES(978,927,1,NULL,NULL,NULL,NULL,NULL,NULL,NULL,NULL);
INSERT INTO finding_places VALUES(979,928,1,NULL,NULL,NULL,NULL,NULL,NULL,NULL,NULL);
INSERT INTO finding_places VALUES(980,929,1,NULL,NULL,NULL,NULL,NULL,NULL,NULL,NULL);
INSERT INTO finding_places VALUES(981,930,1,NULL,NULL,NULL,NULL,NULL,NULL,NULL,NULL);
INSERT INTO finding_places VALUES(982,931,1,NULL,NULL,NULL,NULL,NULL,NULL,NULL,NULL);
INSERT INTO finding_places VALUES(983,932,1,NULL,NULL,NULL,NULL,NULL,NULL,NULL,NULL);
INSERT INTO finding_places VALUES(984,933,1,NULL,NULL,NULL,NULL,NULL,NULL,NULL,NULL);
INSERT INTO finding_places VALUES(985,934,1,NULL,NULL,NULL,NULL,NULL,NULL,NULL,NULL);
INSERT INTO finding_places VALUES(986,935,1,NULL,NULL,NULL,NULL,NULL,NULL,NULL,NULL);
INSERT INTO finding_places VALUES(987,936,1,NULL,NULL,NULL,NULL,NULL,NULL,NULL,NULL);
INSERT INTO finding_places VALUES(988,937,1,NULL,NULL,NULL,NULL,NULL,NULL,NULL,NULL);
INSERT INTO finding_places VALUES(989,938,1,NULL,NULL,NULL,NULL,NULL,NULL,NULL,NULL);
INSERT INTO finding_places VALUES(990,939,1,NULL,NULL,NULL,NULL,NULL,NULL,NULL,NULL);
INSERT INTO finding_places VALUES(991,940,1,NULL,NULL,NULL,NULL,NULL,NULL,NULL,NULL);
INSERT INTO finding_places VALUES(992,941,1,NULL,NULL,NULL,NULL,NULL,NULL,NULL,NULL);
INSERT INTO finding_places VALUES(993,942,1,NULL,NULL,NULL,NULL,NULL,NULL,NULL,NULL);
INSERT INTO finding_places VALUES(994,943,1,NULL,NULL,NULL,NULL,NULL,NULL,NULL,NULL);
INSERT INTO finding_places VALUES(995,944,1,NULL,NULL,NULL,NULL,NULL,NULL,NULL,NULL);
INSERT INTO finding_places VALUES(996,945,1,NULL,NULL,NULL,NULL,NULL,NULL,NULL,NULL);
INSERT INTO finding_places VALUES(997,946,1,NULL,NULL,NULL,NULL,NULL,NULL,NULL,NULL);
INSERT INTO finding_places VALUES(998,947,1,NULL,NULL,NULL,NULL,NULL,NULL,NULL,NULL);
INSERT INTO finding_places VALUES(999,948,1,NULL,NULL,NULL,NULL,NULL,NULL,NULL,NULL);
INSERT INTO finding_places VALUES(1000,949,1,NULL,NULL,NULL,NULL,NULL,NULL,NULL,NULL);
INSERT INTO finding_places VALUES(1001,950,1,NULL,NULL,NULL,NULL,NULL,NULL,NULL,NULL);
INSERT INTO finding_places VALUES(1002,951,1,NULL,NULL,NULL,NULL,NULL,NULL,NULL,NULL);
INSERT INTO finding_places VALUES(1003,952,1,NULL,NULL,NULL,NULL,NULL,NULL,NULL,NULL);
INSERT INTO finding_places VALUES(1004,953,1,NULL,NULL,NULL,NULL,NULL,NULL,NULL,NULL);
INSERT INTO finding_places VALUES(1005,954,1,NULL,NULL,NULL,NULL,NULL,NULL,NULL,NULL);
INSERT INTO finding_places VALUES(1006,955,1,NULL,NULL,NULL,NULL,NULL,NULL,NULL,NULL);
INSERT INTO finding_places VALUES(1007,956,1,NULL,NULL,NULL,NULL,NULL,NULL,NULL,NULL);
INSERT INTO finding_places VALUES(1008,957,1,NULL,NULL,NULL,NULL,NULL,NULL,NULL,NULL);
INSERT INTO finding_places VALUES(1009,958,1,NULL,NULL,NULL,NULL,NULL,NULL,NULL,NULL);
INSERT INTO finding_places VALUES(1010,959,1,NULL,NULL,NULL,NULL,NULL,NULL,NULL,NULL);
INSERT INTO finding_places VALUES(1011,960,1,NULL,NULL,NULL,NULL,NULL,NULL,NULL,NULL);
INSERT INTO finding_places VALUES(1012,961,1,NULL,NULL,NULL,NULL,NULL,NULL,NULL,NULL);
INSERT INTO finding_places VALUES(1013,962,1,NULL,NULL,NULL,NULL,NULL,NULL,NULL,NULL);
INSERT INTO finding_places VALUES(1014,963,1,NULL,NULL,NULL,NULL,NULL,NULL,NULL,NULL);
INSERT INTO finding_places VALUES(1015,964,1,NULL,NULL,NULL,NULL,NULL,NULL,NULL,NULL);
INSERT INTO finding_places VALUES(1016,965,1,NULL,NULL,NULL,NULL,NULL,NULL,NULL,NULL);
INSERT INTO finding_places VALUES(1017,966,1,NULL,NULL,NULL,NULL,NULL,NULL,NULL,NULL);
INSERT INTO finding_places VALUES(1018,967,1,NULL,NULL,NULL,NULL,NULL,NULL,NULL,NULL);
INSERT INTO finding_places VALUES(1019,968,1,NULL,NULL,NULL,NULL,NULL,NULL,NULL,NULL);
INSERT INTO finding_places VALUES(1020,969,1,NULL,NULL,NULL,NULL,NULL,NULL,NULL,NULL);
INSERT INTO finding_places VALUES(1021,970,1,NULL,NULL,NULL,NULL,NULL,NULL,NULL,NULL);
INSERT INTO finding_places VALUES(1022,971,1,NULL,NULL,NULL,NULL,NULL,NULL,NULL,NULL);
INSERT INTO finding_places VALUES(1023,972,1,NULL,NULL,NULL,NULL,NULL,NULL,NULL,NULL);
INSERT INTO finding_places VALUES(1024,973,1,NULL,NULL,NULL,NULL,NULL,NULL,NULL,NULL);
INSERT INTO finding_places VALUES(1025,974,1,NULL,NULL,NULL,NULL,NULL,NULL,NULL,NULL);
INSERT INTO finding_places VALUES(1026,975,1,NULL,NULL,NULL,NULL,NULL,NULL,NULL,NULL);
INSERT INTO finding_places VALUES(1027,976,1,NULL,NULL,NULL,NULL,NULL,NULL,NULL,NULL);
INSERT INTO finding_places VALUES(1028,977,1,NULL,NULL,NULL,NULL,NULL,NULL,NULL,NULL);
INSERT INTO finding_places VALUES(1029,978,1,NULL,NULL,NULL,NULL,NULL,NULL,NULL,NULL);
INSERT INTO finding_places VALUES(1030,979,1,NULL,NULL,NULL,NULL,NULL,NULL,NULL,NULL);
INSERT INTO finding_places VALUES(1031,980,1,NULL,NULL,NULL,NULL,NULL,NULL,NULL,NULL);
INSERT INTO finding_places VALUES(1032,981,1,NULL,NULL,NULL,NULL,NULL,NULL,NULL,NULL);
INSERT INTO finding_places VALUES(1033,982,1,NULL,NULL,NULL,NULL,NULL,NULL,NULL,NULL);
INSERT INTO finding_places VALUES(1034,983,1,NULL,NULL,NULL,NULL,NULL,NULL,NULL,NULL);
INSERT INTO finding_places VALUES(1035,984,863,18,7,8,NULL,NULL,NULL,NULL,NULL);
INSERT INTO finding_places VALUES(1036,985,1,NULL,NULL,NULL,NULL,NULL,NULL,NULL,NULL);
INSERT INTO finding_places VALUES(1037,986,1,NULL,NULL,NULL,NULL,NULL,NULL,NULL,NULL);
INSERT INTO finding_places VALUES(1038,987,1,NULL,NULL,NULL,NULL,NULL,NULL,NULL,NULL);
INSERT INTO finding_places VALUES(1039,988,1,NULL,NULL,NULL,NULL,NULL,NULL,NULL,NULL);
INSERT INTO finding_places VALUES(1040,989,1,NULL,NULL,NULL,NULL,NULL,NULL,NULL,NULL);
INSERT INTO finding_places VALUES(1041,990,1,NULL,NULL,NULL,NULL,NULL,NULL,NULL,NULL);
INSERT INTO finding_places VALUES(1042,991,1,NULL,NULL,NULL,NULL,NULL,NULL,NULL,NULL);
INSERT INTO finding_places VALUES(1043,992,1,NULL,NULL,NULL,NULL,NULL,NULL,NULL,NULL);
INSERT INTO finding_places VALUES(1044,993,1,NULL,NULL,NULL,NULL,NULL,NULL,NULL,NULL);
INSERT INTO finding_places VALUES(1045,994,1,NULL,NULL,NULL,NULL,NULL,NULL,NULL,NULL);
INSERT INTO finding_places VALUES(1046,995,1,NULL,NULL,NULL,NULL,NULL,NULL,NULL,NULL);
INSERT INTO finding_places VALUES(1047,996,1,NULL,NULL,NULL,NULL,NULL,NULL,NULL,NULL);
INSERT INTO finding_places VALUES(1048,997,1,NULL,NULL,NULL,NULL,NULL,NULL,NULL,NULL);
INSERT INTO finding_places VALUES(1049,998,1,NULL,NULL,NULL,NULL,NULL,NULL,NULL,NULL);
INSERT INTO finding_places VALUES(1050,999,1,NULL,NULL,NULL,NULL,NULL,NULL,NULL,NULL);
INSERT INTO finding_places VALUES(1051,1000,1,NULL,NULL,NULL,NULL,NULL,NULL,NULL,NULL);
INSERT INTO finding_places VALUES(1052,1001,1,NULL,NULL,NULL,NULL,NULL,NULL,NULL,NULL);
INSERT INTO finding_places VALUES(1053,1002,1,NULL,NULL,NULL,NULL,NULL,NULL,NULL,NULL);
INSERT INTO finding_places VALUES(1054,1003,1,NULL,NULL,NULL,NULL,NULL,NULL,NULL,NULL);
INSERT INTO finding_places VALUES(1055,1004,1,NULL,NULL,NULL,NULL,NULL,NULL,NULL,NULL);
INSERT INTO finding_places VALUES(1056,1005,1,NULL,NULL,NULL,NULL,NULL,NULL,NULL,NULL);
INSERT INTO finding_places VALUES(1057,1006,1,NULL,NULL,NULL,NULL,NULL,NULL,NULL,NULL);
INSERT INTO finding_places VALUES(1058,1007,1,NULL,NULL,NULL,NULL,NULL,NULL,NULL,NULL);
INSERT INTO finding_places VALUES(1059,1008,1,NULL,NULL,NULL,NULL,NULL,NULL,NULL,NULL);
INSERT INTO finding_places VALUES(1060,1009,1,NULL,NULL,NULL,NULL,NULL,NULL,NULL,NULL);
INSERT INTO finding_places VALUES(1061,1010,1,NULL,NULL,NULL,NULL,NULL,NULL,NULL,NULL);
INSERT INTO finding_places VALUES(1062,1011,1,NULL,NULL,NULL,NULL,NULL,NULL,NULL,NULL);
INSERT INTO finding_places VALUES(1063,1012,1,NULL,NULL,NULL,NULL,NULL,NULL,NULL,NULL);
INSERT INTO finding_places VALUES(1064,1013,1,NULL,NULL,NULL,NULL,NULL,NULL,NULL,NULL);
INSERT INTO finding_places VALUES(1065,1014,1,NULL,NULL,NULL,NULL,NULL,NULL,NULL,NULL);
INSERT INTO finding_places VALUES(1066,1015,1,NULL,NULL,NULL,NULL,NULL,NULL,NULL,NULL);
INSERT INTO finding_places VALUES(1067,1016,1,NULL,NULL,NULL,NULL,NULL,NULL,NULL,NULL);
INSERT INTO finding_places VALUES(1068,1017,1,NULL,NULL,NULL,NULL,NULL,NULL,NULL,NULL);
INSERT INTO finding_places VALUES(1069,1018,1,NULL,NULL,NULL,NULL,NULL,NULL,NULL,NULL);
INSERT INTO finding_places VALUES(1070,1019,1,NULL,NULL,NULL,NULL,NULL,NULL,NULL,NULL);
INSERT INTO finding_places VALUES(1071,1020,1,NULL,NULL,NULL,NULL,NULL,NULL,NULL,NULL);
INSERT INTO finding_places VALUES(1072,1021,1,NULL,NULL,NULL,NULL,NULL,NULL,NULL,NULL);
INSERT INTO finding_places VALUES(1073,1022,1,NULL,NULL,NULL,NULL,NULL,NULL,NULL,NULL);
INSERT INTO finding_places VALUES(1074,1023,1,NULL,NULL,NULL,NULL,NULL,NULL,NULL,NULL);
INSERT INTO finding_places VALUES(1075,1024,1,NULL,NULL,NULL,NULL,NULL,NULL,NULL,NULL);
INSERT INTO finding_places VALUES(1076,1025,1,NULL,NULL,NULL,NULL,NULL,NULL,NULL,NULL);
INSERT INTO finding_places VALUES(1077,1026,1,NULL,NULL,NULL,NULL,NULL,NULL,NULL,NULL);
INSERT INTO finding_places VALUES(1078,1027,1,NULL,NULL,NULL,NULL,NULL,NULL,NULL,NULL);
INSERT INTO finding_places VALUES(1079,1028,1,NULL,NULL,NULL,NULL,NULL,NULL,NULL,NULL);
INSERT INTO finding_places VALUES(1080,1029,1,NULL,NULL,NULL,NULL,NULL,NULL,NULL,NULL);
INSERT INTO finding_places VALUES(1081,1030,1,NULL,NULL,NULL,NULL,NULL,NULL,NULL,NULL);
INSERT INTO finding_places VALUES(1082,1031,1,NULL,NULL,NULL,NULL,NULL,NULL,NULL,NULL);
INSERT INTO finding_places VALUES(1083,1032,1,NULL,NULL,NULL,NULL,NULL,NULL,NULL,NULL);
INSERT INTO finding_places VALUES(1084,1033,1,NULL,NULL,NULL,NULL,NULL,NULL,NULL,NULL);
INSERT INTO finding_places VALUES(1085,1034,1,NULL,NULL,NULL,NULL,NULL,NULL,NULL,NULL);
INSERT INTO finding_places VALUES(1086,1035,1,NULL,NULL,NULL,NULL,NULL,NULL,NULL,NULL);
INSERT INTO finding_places VALUES(1087,1036,1,NULL,NULL,NULL,NULL,NULL,NULL,NULL,NULL);
INSERT INTO finding_places VALUES(1088,1037,1,NULL,NULL,NULL,NULL,NULL,NULL,NULL,NULL);
INSERT INTO finding_places VALUES(1089,1038,1,NULL,NULL,NULL,NULL,NULL,NULL,NULL,NULL);
INSERT INTO finding_places VALUES(1090,1039,1,NULL,NULL,NULL,NULL,NULL,NULL,NULL,NULL);
INSERT INTO finding_places VALUES(1091,1040,1,NULL,NULL,NULL,NULL,NULL,NULL,NULL,NULL);
INSERT INTO finding_places VALUES(1092,1041,1,NULL,NULL,NULL,NULL,NULL,NULL,NULL,NULL);
INSERT INTO finding_places VALUES(1093,1042,1,NULL,NULL,NULL,NULL,NULL,NULL,NULL,NULL);
INSERT INTO finding_places VALUES(1094,1043,1,NULL,NULL,NULL,NULL,NULL,NULL,NULL,NULL);
INSERT INTO finding_places VALUES(1095,1044,1,NULL,NULL,NULL,NULL,NULL,NULL,NULL,NULL);
INSERT INTO finding_places VALUES(1096,1045,1,NULL,NULL,NULL,NULL,NULL,NULL,NULL,NULL);
INSERT INTO finding_places VALUES(1097,1046,1,NULL,NULL,NULL,NULL,NULL,NULL,NULL,NULL);
INSERT INTO finding_places VALUES(1098,1047,1,NULL,NULL,NULL,NULL,NULL,NULL,NULL,NULL);
INSERT INTO finding_places VALUES(1099,1048,1,NULL,NULL,NULL,NULL,NULL,NULL,NULL,NULL);
INSERT INTO finding_places VALUES(1100,1049,1,NULL,NULL,NULL,NULL,NULL,NULL,NULL,NULL);
INSERT INTO finding_places VALUES(1101,1050,1,NULL,NULL,NULL,NULL,NULL,NULL,NULL,NULL);
INSERT INTO finding_places VALUES(1102,1051,1,NULL,NULL,NULL,NULL,NULL,NULL,NULL,NULL);
INSERT INTO finding_places VALUES(1103,1052,1,NULL,NULL,NULL,NULL,NULL,NULL,NULL,NULL);
INSERT INTO finding_places VALUES(1104,1053,1,NULL,NULL,NULL,NULL,NULL,NULL,NULL,NULL);
INSERT INTO finding_places VALUES(1105,1054,1,NULL,NULL,NULL,NULL,NULL,NULL,NULL,NULL);
INSERT INTO finding_places VALUES(1106,1055,1,NULL,NULL,NULL,NULL,NULL,NULL,NULL,NULL);
INSERT INTO finding_places VALUES(1107,1056,1,NULL,NULL,NULL,NULL,NULL,NULL,NULL,NULL);
INSERT INTO finding_places VALUES(1108,1057,1,NULL,NULL,NULL,NULL,NULL,NULL,NULL,NULL);
INSERT INTO finding_places VALUES(1109,1058,1,NULL,NULL,NULL,NULL,NULL,NULL,NULL,NULL);
INSERT INTO finding_places VALUES(1110,1059,1,NULL,NULL,NULL,NULL,NULL,NULL,NULL,NULL);
INSERT INTO finding_places VALUES(1111,1060,1,NULL,NULL,NULL,NULL,NULL,NULL,NULL,NULL);
INSERT INTO finding_places VALUES(1112,1061,1,NULL,NULL,NULL,NULL,NULL,NULL,NULL,NULL);
INSERT INTO finding_places VALUES(1113,1062,1,NULL,NULL,NULL,NULL,NULL,NULL,NULL,NULL);
INSERT INTO finding_places VALUES(1114,1063,1,NULL,NULL,NULL,NULL,NULL,NULL,NULL,NULL);
INSERT INTO finding_places VALUES(1115,1064,1,NULL,NULL,NULL,NULL,NULL,NULL,NULL,NULL);
INSERT INTO finding_places VALUES(1116,1065,1,NULL,NULL,NULL,NULL,NULL,NULL,NULL,NULL);
INSERT INTO finding_places VALUES(1117,1066,1,NULL,NULL,NULL,NULL,NULL,NULL,NULL,NULL);
INSERT INTO finding_places VALUES(1118,1067,1,NULL,NULL,NULL,NULL,NULL,NULL,NULL,NULL);
INSERT INTO finding_places VALUES(1119,1068,1,NULL,NULL,NULL,NULL,NULL,NULL,NULL,NULL);
INSERT INTO finding_places VALUES(1120,6,1,NULL,NULL,NULL,NULL,NULL,NULL,NULL,NULL);
INSERT INTO finding_places VALUES(1121,1069,907,185,122,8,NULL,NULL,NULL,NULL,NULL);
INSERT INTO finding_places VALUES(1122,1070,1,NULL,NULL,NULL,NULL,NULL,NULL,NULL,NULL);
INSERT INTO finding_places VALUES(1123,1071,1,NULL,NULL,NULL,NULL,NULL,NULL,NULL,NULL);
INSERT INTO finding_places VALUES(1124,1072,1,NULL,NULL,NULL,NULL,NULL,NULL,NULL,NULL);
INSERT INTO finding_places VALUES(1125,1073,1,NULL,NULL,NULL,NULL,NULL,NULL,NULL,NULL);
INSERT INTO finding_places VALUES(1126,1074,1,NULL,NULL,NULL,NULL,NULL,NULL,NULL,NULL);
INSERT INTO finding_places VALUES(1127,1075,1,NULL,NULL,NULL,NULL,NULL,NULL,NULL,NULL);
INSERT INTO finding_places VALUES(1128,1076,1,NULL,NULL,NULL,NULL,NULL,NULL,NULL,NULL);
INSERT INTO finding_places VALUES(1129,1077,1,NULL,NULL,NULL,NULL,NULL,NULL,NULL,NULL);
INSERT INTO finding_places VALUES(1130,1078,1,NULL,NULL,NULL,NULL,NULL,NULL,NULL,NULL);
INSERT INTO finding_places VALUES(1131,1079,1,NULL,NULL,NULL,NULL,NULL,NULL,NULL,NULL);
INSERT INTO finding_places VALUES(1132,1080,1,NULL,NULL,NULL,NULL,NULL,NULL,NULL,NULL);
INSERT INTO finding_places VALUES(1133,1081,1,NULL,NULL,NULL,NULL,NULL,NULL,NULL,NULL);
INSERT INTO finding_places VALUES(1134,1082,1,NULL,NULL,NULL,NULL,NULL,NULL,NULL,NULL);
INSERT INTO finding_places VALUES(1135,1083,1,NULL,NULL,NULL,NULL,NULL,NULL,NULL,NULL);
INSERT INTO finding_places VALUES(1136,1084,1,NULL,NULL,NULL,NULL,NULL,NULL,NULL,NULL);
INSERT INTO finding_places VALUES(1154,1085,2,8,NULL,NULL,NULL,NULL,NULL,NULL,NULL);
INSERT INTO finding_places VALUES(1155,1086,2,8,NULL,NULL,NULL,NULL,NULL,NULL,NULL);
INSERT INTO finding_places VALUES(1156,1087,2,8,NULL,NULL,NULL,NULL,NULL,NULL,NULL);
INSERT INTO finding_places VALUES(1161,1088,6,11,7,8,NULL,NULL,NULL,NULL,NULL);
INSERT INTO finding_places VALUES(1162,1089,6,11,7,8,NULL,NULL,NULL,NULL,NULL);
INSERT INTO finding_places VALUES(1163,1090,7,8,NULL,NULL,NULL,NULL,NULL,NULL,NULL);
INSERT INTO finding_places VALUES(1164,1091,1,NULL,NULL,NULL,NULL,NULL,NULL,NULL,NULL);
INSERT INTO finding_places VALUES(1165,1092,1,NULL,NULL,NULL,NULL,NULL,NULL,NULL,NULL);
INSERT INTO finding_places VALUES(1166,1093,1,NULL,NULL,NULL,NULL,NULL,NULL,NULL,NULL);
INSERT INTO finding_places VALUES(1167,1094,1,NULL,NULL,NULL,NULL,NULL,NULL,NULL,NULL);
INSERT INTO finding_places VALUES(1168,1095,1,NULL,NULL,NULL,NULL,NULL,NULL,NULL,NULL);
INSERT INTO finding_places VALUES(1169,1096,1,NULL,NULL,NULL,NULL,NULL,NULL,NULL,NULL);
INSERT INTO finding_places VALUES(1170,1097,128,8,NULL,NULL,NULL,NULL,NULL,NULL,NULL);
INSERT INTO finding_places VALUES(1171,1098,1,NULL,NULL,NULL,NULL,NULL,NULL,NULL,NULL);
INSERT INTO finding_places VALUES(1172,1099,13,12,NULL,NULL,NULL,NULL,NULL,NULL,NULL);
INSERT INTO finding_places VALUES(1173,1100,1,NULL,NULL,NULL,NULL,NULL,NULL,NULL,NULL);
INSERT INTO finding_places VALUES(1174,1101,1,NULL,NULL,NULL,NULL,NULL,NULL,NULL,NULL);
INSERT INTO finding_places VALUES(1175,1102,1,NULL,NULL,NULL,NULL,NULL,NULL,NULL,NULL);
INSERT INTO finding_places VALUES(1176,1103,1,NULL,NULL,NULL,NULL,NULL,NULL,NULL,NULL);
INSERT INTO finding_places VALUES(1177,1104,1,NULL,NULL,NULL,NULL,NULL,NULL,NULL,NULL);
INSERT INTO finding_places VALUES(1178,1105,1,NULL,NULL,NULL,NULL,NULL,NULL,NULL,NULL);
INSERT INTO finding_places VALUES(1179,1106,1,NULL,NULL,NULL,NULL,NULL,NULL,NULL,NULL);
INSERT INTO finding_places VALUES(1180,1107,1,NULL,NULL,NULL,NULL,NULL,NULL,NULL,NULL);
INSERT INTO finding_places VALUES(1181,1108,1,NULL,NULL,NULL,NULL,NULL,NULL,NULL,NULL);
INSERT INTO finding_places VALUES(1182,1109,1,NULL,NULL,NULL,NULL,NULL,NULL,NULL,NULL);
INSERT INTO finding_places VALUES(1183,1110,1,NULL,NULL,NULL,NULL,NULL,NULL,NULL,NULL);
INSERT INTO finding_places VALUES(1184,1111,677,12,NULL,NULL,NULL,NULL,NULL,NULL,NULL);
INSERT INTO finding_places VALUES(1185,1112,1,NULL,NULL,NULL,NULL,NULL,NULL,NULL,NULL);
INSERT INTO finding_places VALUES(1186,1113,1,NULL,NULL,NULL,NULL,NULL,NULL,NULL,NULL);
INSERT INTO finding_places VALUES(1188,1115,1,NULL,NULL,NULL,NULL,NULL,NULL,NULL,NULL);
INSERT INTO finding_places VALUES(1192,1117,1,NULL,NULL,NULL,NULL,NULL,NULL,NULL,NULL);
INSERT INTO finding_places VALUES(1193,1118,1,NULL,NULL,NULL,NULL,NULL,NULL,NULL,NULL);
INSERT INTO finding_places VALUES(1194,1119,1,NULL,NULL,NULL,NULL,NULL,NULL,NULL,NULL);
INSERT INTO finding_places VALUES(1195,1120,1,NULL,NULL,NULL,NULL,NULL,NULL,NULL,NULL);
INSERT INTO finding_places VALUES(1196,1121,7,8,NULL,NULL,NULL,NULL,NULL,NULL,NULL);
INSERT INTO finding_places VALUES(1198,1123,7,8,NULL,NULL,NULL,NULL,NULL,NULL,NULL);
INSERT INTO finding_places VALUES(1199,1125,1,NULL,NULL,NULL,NULL,NULL,NULL,NULL,NULL);
INSERT INTO finding_places VALUES(1200,1126,1,NULL,NULL,NULL,NULL,NULL,NULL,NULL,NULL);
INSERT INTO finding_places VALUES(1201,1127,1,NULL,NULL,NULL,NULL,NULL,NULL,NULL,NULL);
INSERT INTO finding_places VALUES(1202,1128,1,NULL,NULL,NULL,NULL,NULL,NULL,NULL,NULL);
INSERT INTO finding_places VALUES(1203,1129,1,NULL,NULL,NULL,NULL,NULL,NULL,NULL,NULL);
INSERT INTO finding_places VALUES(1204,1130,1,NULL,NULL,NULL,NULL,NULL,NULL,NULL,NULL);
INSERT INTO finding_places VALUES(1205,1131,1,NULL,NULL,NULL,NULL,NULL,NULL,NULL,NULL);
INSERT INTO finding_places VALUES(1206,1132,1,NULL,NULL,NULL,NULL,NULL,NULL,NULL,NULL);
INSERT INTO finding_places VALUES(1207,1133,1,NULL,NULL,NULL,NULL,NULL,NULL,NULL,NULL);
INSERT INTO finding_places VALUES(1208,1134,1,NULL,NULL,NULL,NULL,NULL,NULL,NULL,NULL);
INSERT INTO finding_places VALUES(1209,1135,1,NULL,NULL,NULL,NULL,NULL,NULL,NULL,NULL);
INSERT INTO finding_places VALUES(1210,1136,1,NULL,NULL,NULL,NULL,NULL,NULL,NULL,NULL);
INSERT INTO finding_places VALUES(1211,1137,1,NULL,NULL,NULL,NULL,NULL,NULL,NULL,NULL);
INSERT INTO finding_places VALUES(1212,1138,1,NULL,NULL,NULL,NULL,NULL,NULL,NULL,NULL);
INSERT INTO finding_places VALUES(1213,1139,1,NULL,NULL,NULL,NULL,NULL,NULL,NULL,NULL);
INSERT INTO finding_places VALUES(1214,1140,1,NULL,NULL,NULL,NULL,NULL,NULL,NULL,NULL);
INSERT INTO finding_places VALUES(1215,1141,1,NULL,NULL,NULL,NULL,NULL,NULL,NULL,NULL);
INSERT INTO finding_places VALUES(1216,1142,1,NULL,NULL,NULL,NULL,NULL,NULL,NULL,NULL);
INSERT INTO finding_places VALUES(1217,1143,1,NULL,NULL,NULL,NULL,NULL,NULL,NULL,NULL);
INSERT INTO finding_places VALUES(1218,1144,1,NULL,NULL,NULL,NULL,NULL,NULL,NULL,NULL);
INSERT INTO finding_places VALUES(1219,1145,1,NULL,NULL,NULL,NULL,NULL,NULL,NULL,NULL);
INSERT INTO finding_places VALUES(1220,1146,1,NULL,NULL,NULL,NULL,NULL,NULL,NULL,NULL);
INSERT INTO finding_places VALUES(1221,1147,1,NULL,NULL,NULL,NULL,NULL,NULL,NULL,NULL);
INSERT INTO finding_places VALUES(1222,1148,1,NULL,NULL,NULL,NULL,NULL,NULL,NULL,NULL);
INSERT INTO finding_places VALUES(1223,1149,863,18,7,8,NULL,NULL,NULL,NULL,NULL);
INSERT INTO finding_places VALUES(1224,1150,1,NULL,NULL,NULL,NULL,NULL,NULL,NULL,NULL);
INSERT INTO finding_places VALUES(1225,1151,1,NULL,NULL,NULL,NULL,NULL,NULL,NULL,NULL);
INSERT INTO finding_places VALUES(1226,1152,1,NULL,NULL,NULL,NULL,NULL,NULL,NULL,NULL);
INSERT INTO finding_places VALUES(1227,1153,1,NULL,NULL,NULL,NULL,NULL,NULL,NULL,NULL);
INSERT INTO finding_places VALUES(1308,1160,1,NULL,NULL,NULL,NULL,NULL,NULL,NULL,NULL);
INSERT INTO finding_places VALUES(1309,1161,1,NULL,NULL,NULL,NULL,NULL,NULL,NULL,NULL);
INSERT INTO finding_places VALUES(1310,1162,1,NULL,NULL,NULL,NULL,NULL,NULL,NULL,NULL);
INSERT INTO finding_places VALUES(1311,1163,1,NULL,NULL,NULL,NULL,NULL,NULL,NULL,NULL);
INSERT INTO finding_places VALUES(1312,1164,1,NULL,NULL,NULL,NULL,NULL,NULL,NULL,NULL);
INSERT INTO finding_places VALUES(1313,1165,1,NULL,NULL,NULL,NULL,NULL,NULL,NULL,NULL);
INSERT INTO finding_places VALUES(1314,1166,1,NULL,NULL,NULL,NULL,NULL,NULL,NULL,NULL);
INSERT INTO finding_places VALUES(1315,1167,1,NULL,NULL,NULL,NULL,NULL,NULL,NULL,NULL);
INSERT INTO finding_places VALUES(1316,1168,1,NULL,NULL,NULL,NULL,NULL,NULL,NULL,NULL);
INSERT INTO finding_places VALUES(1317,1169,1,NULL,NULL,NULL,NULL,NULL,NULL,NULL,NULL);
INSERT INTO finding_places VALUES(1318,1170,1,NULL,NULL,NULL,NULL,NULL,NULL,NULL,NULL);
INSERT INTO finding_places VALUES(1319,1171,1,NULL,NULL,NULL,NULL,NULL,NULL,NULL,NULL);
INSERT INTO finding_places VALUES(1320,1172,1,NULL,NULL,NULL,NULL,NULL,NULL,NULL,NULL);
INSERT INTO finding_places VALUES(1321,1173,1,NULL,NULL,NULL,NULL,NULL,NULL,NULL,NULL);
INSERT INTO finding_places VALUES(1322,1174,1,NULL,NULL,NULL,NULL,NULL,NULL,NULL,NULL);
INSERT INTO finding_places VALUES(1323,1175,1,NULL,NULL,NULL,NULL,NULL,NULL,NULL,NULL);
INSERT INTO finding_places VALUES(1324,1176,1,NULL,NULL,NULL,NULL,NULL,NULL,NULL,NULL);
INSERT INTO finding_places VALUES(1325,1177,1,NULL,NULL,NULL,NULL,NULL,NULL,NULL,NULL);
INSERT INTO finding_places VALUES(1326,1178,1,NULL,NULL,NULL,NULL,NULL,NULL,NULL,NULL);
INSERT INTO finding_places VALUES(1327,1179,1,NULL,NULL,NULL,NULL,NULL,NULL,NULL,NULL);
INSERT INTO finding_places VALUES(1328,1180,1,NULL,NULL,NULL,NULL,NULL,NULL,NULL,NULL);
INSERT INTO finding_places VALUES(1329,1181,1,NULL,NULL,NULL,NULL,NULL,NULL,NULL,NULL);
INSERT INTO finding_places VALUES(1330,1182,1,NULL,NULL,NULL,NULL,NULL,NULL,NULL,NULL);
INSERT INTO finding_places VALUES(1331,1183,1,NULL,NULL,NULL,NULL,NULL,NULL,NULL,NULL);
INSERT INTO finding_places VALUES(1332,1184,1,NULL,NULL,NULL,NULL,NULL,NULL,NULL,NULL);
INSERT INTO finding_places VALUES(1333,1185,1,NULL,NULL,NULL,NULL,NULL,NULL,NULL,NULL);
INSERT INTO finding_places VALUES(1334,1186,1,NULL,NULL,NULL,NULL,NULL,NULL,NULL,NULL);
INSERT INTO finding_places VALUES(1335,1187,1,NULL,NULL,NULL,NULL,NULL,NULL,NULL,NULL);
INSERT INTO finding_places VALUES(1336,1188,1,NULL,NULL,NULL,NULL,NULL,NULL,NULL,NULL);
INSERT INTO finding_places VALUES(1337,1189,1,NULL,NULL,NULL,NULL,NULL,NULL,NULL,NULL);
INSERT INTO finding_places VALUES(1338,1190,1,NULL,NULL,NULL,NULL,NULL,NULL,NULL,NULL);
INSERT INTO finding_places VALUES(1339,1191,1,NULL,NULL,NULL,NULL,NULL,NULL,NULL,NULL);
INSERT INTO finding_places VALUES(1340,1192,1,NULL,NULL,NULL,NULL,NULL,NULL,NULL,NULL);
INSERT INTO finding_places VALUES(1341,1193,1,NULL,NULL,NULL,NULL,NULL,NULL,NULL,NULL);
INSERT INTO finding_places VALUES(1342,1194,1,NULL,NULL,NULL,NULL,NULL,NULL,NULL,NULL);
INSERT INTO finding_places VALUES(1343,1195,1,NULL,NULL,NULL,NULL,NULL,NULL,NULL,NULL);
INSERT INTO finding_places VALUES(1344,1196,1,NULL,NULL,NULL,NULL,NULL,NULL,NULL,NULL);
INSERT INTO finding_places VALUES(1345,1197,1,NULL,NULL,NULL,NULL,NULL,NULL,NULL,NULL);
INSERT INTO finding_places VALUES(1346,1198,1,NULL,NULL,NULL,NULL,NULL,NULL,NULL,NULL);
INSERT INTO finding_places VALUES(1347,1199,1,NULL,NULL,NULL,NULL,NULL,NULL,NULL,NULL);
INSERT INTO finding_places VALUES(1348,1200,1,NULL,NULL,NULL,NULL,NULL,NULL,NULL,NULL);
INSERT INTO finding_places VALUES(1349,1201,1,NULL,NULL,NULL,NULL,NULL,NULL,NULL,NULL);
INSERT INTO finding_places VALUES(1350,1202,1,NULL,NULL,NULL,NULL,NULL,NULL,NULL,NULL);
INSERT INTO finding_places VALUES(1351,1203,1,NULL,NULL,NULL,NULL,NULL,NULL,NULL,NULL);
INSERT INTO finding_places VALUES(1352,1204,1,NULL,NULL,NULL,NULL,NULL,NULL,NULL,NULL);
INSERT INTO finding_places VALUES(1353,1205,1,NULL,NULL,NULL,NULL,NULL,NULL,NULL,NULL);
INSERT INTO finding_places VALUES(1354,1206,1,NULL,NULL,NULL,NULL,NULL,NULL,NULL,NULL);
INSERT INTO finding_places VALUES(1355,1207,1,NULL,NULL,NULL,NULL,NULL,NULL,NULL,NULL);
INSERT INTO finding_places VALUES(1356,1208,1,NULL,NULL,NULL,NULL,NULL,NULL,NULL,NULL);
INSERT INTO finding_places VALUES(1357,1209,1,NULL,NULL,NULL,NULL,NULL,NULL,NULL,NULL);
INSERT INTO finding_places VALUES(1358,1210,1,NULL,NULL,NULL,NULL,NULL,NULL,NULL,NULL);
INSERT INTO finding_places VALUES(1359,1211,1,NULL,NULL,NULL,NULL,NULL,NULL,NULL,NULL);
INSERT INTO finding_places VALUES(1360,1212,1,NULL,NULL,NULL,NULL,NULL,NULL,NULL,NULL);
INSERT INTO finding_places VALUES(1361,1213,1,NULL,NULL,NULL,NULL,NULL,NULL,NULL,NULL);
INSERT INTO finding_places VALUES(1362,1214,1,NULL,NULL,NULL,NULL,NULL,NULL,NULL,NULL);
INSERT INTO finding_places VALUES(1363,1215,1,NULL,NULL,NULL,NULL,NULL,NULL,NULL,NULL);
INSERT INTO finding_places VALUES(1364,1216,1,NULL,NULL,NULL,NULL,NULL,NULL,NULL,NULL);
INSERT INTO finding_places VALUES(1365,1217,1,NULL,NULL,NULL,NULL,NULL,NULL,NULL,NULL);
INSERT INTO finding_places VALUES(1366,1218,1,NULL,NULL,NULL,NULL,NULL,NULL,NULL,NULL);
INSERT INTO finding_places VALUES(1367,1219,1,NULL,NULL,NULL,NULL,NULL,NULL,NULL,NULL);
INSERT INTO finding_places VALUES(1368,1220,1,NULL,NULL,NULL,NULL,NULL,NULL,NULL,NULL);
INSERT INTO finding_places VALUES(1369,1221,1,NULL,NULL,NULL,NULL,NULL,NULL,NULL,NULL);
INSERT INTO finding_places VALUES(1370,1222,1,NULL,NULL,NULL,NULL,NULL,NULL,NULL,NULL);
INSERT INTO finding_places VALUES(1371,1223,1,NULL,NULL,NULL,NULL,NULL,NULL,NULL,NULL);
INSERT INTO finding_places VALUES(1372,1224,1,NULL,NULL,NULL,NULL,NULL,NULL,NULL,NULL);
INSERT INTO finding_places VALUES(1375,1225,7,8,NULL,NULL,NULL,NULL,NULL,NULL,NULL);
INSERT INTO finding_places VALUES(1377,1227,1,NULL,NULL,NULL,NULL,NULL,NULL,NULL,NULL);
INSERT INTO finding_places VALUES(1378,1228,1,NULL,NULL,NULL,NULL,NULL,NULL,NULL,NULL);
INSERT INTO finding_places VALUES(1379,1229,1,NULL,NULL,NULL,NULL,NULL,NULL,NULL,NULL);
INSERT INTO finding_places VALUES(1380,1230,1,NULL,NULL,NULL,NULL,NULL,NULL,NULL,NULL);
INSERT INTO finding_places VALUES(1381,1231,1,NULL,NULL,NULL,NULL,NULL,NULL,NULL,NULL);
INSERT INTO finding_places VALUES(1382,1232,1,NULL,NULL,NULL,NULL,NULL,NULL,NULL,NULL);
INSERT INTO finding_places VALUES(1383,1233,1,NULL,NULL,NULL,NULL,NULL,NULL,NULL,NULL);
INSERT INTO finding_places VALUES(1384,1234,1,NULL,NULL,NULL,NULL,NULL,NULL,NULL,NULL);
INSERT INTO finding_places VALUES(1385,1236,7,8,NULL,NULL,NULL,NULL,NULL,NULL,NULL);
INSERT INTO finding_places VALUES(1386,1237,1,NULL,NULL,NULL,NULL,NULL,NULL,NULL,NULL);
INSERT INTO finding_places VALUES(1387,1238,1,NULL,NULL,NULL,NULL,NULL,NULL,NULL,NULL);
INSERT INTO finding_places VALUES(1388,1239,1,NULL,NULL,NULL,NULL,NULL,NULL,NULL,NULL);
INSERT INTO finding_places VALUES(1389,1240,1,NULL,NULL,NULL,NULL,NULL,NULL,NULL,NULL);
INSERT INTO finding_places VALUES(1390,1241,1,NULL,NULL,NULL,NULL,NULL,NULL,NULL,NULL);
INSERT INTO finding_places VALUES(1391,1242,1,NULL,NULL,NULL,NULL,NULL,NULL,NULL,NULL);
INSERT INTO finding_places VALUES(1392,1243,1,NULL,NULL,NULL,NULL,NULL,NULL,NULL,NULL);
INSERT INTO finding_places VALUES(1393,1244,1,NULL,NULL,NULL,NULL,NULL,NULL,NULL,NULL);
INSERT INTO finding_places VALUES(1394,1245,1,NULL,NULL,NULL,NULL,NULL,NULL,NULL,NULL);
INSERT INTO finding_places VALUES(1395,1246,1,NULL,NULL,NULL,NULL,NULL,NULL,NULL,NULL);
INSERT INTO finding_places VALUES(1396,1247,1,NULL,NULL,NULL,NULL,NULL,NULL,NULL,NULL);
INSERT INTO finding_places VALUES(1397,1248,1,NULL,NULL,NULL,NULL,NULL,NULL,NULL,NULL);
INSERT INTO finding_places VALUES(1398,1249,1,NULL,NULL,NULL,NULL,NULL,NULL,NULL,NULL);
INSERT INTO finding_places VALUES(1399,1250,1,NULL,NULL,NULL,NULL,NULL,NULL,NULL,NULL);
INSERT INTO finding_places VALUES(1400,1251,1,NULL,NULL,NULL,NULL,NULL,NULL,NULL,NULL);
INSERT INTO finding_places VALUES(1401,1252,1,NULL,NULL,NULL,NULL,NULL,NULL,NULL,NULL);
INSERT INTO finding_places VALUES(1402,1253,1,NULL,NULL,NULL,NULL,NULL,NULL,NULL,NULL);
INSERT INTO finding_places VALUES(1403,1254,1,NULL,NULL,NULL,NULL,NULL,NULL,NULL,NULL);
INSERT INTO finding_places VALUES(1404,1255,1,NULL,NULL,NULL,NULL,NULL,NULL,NULL,NULL);
INSERT INTO finding_places VALUES(1405,1256,1,NULL,NULL,NULL,NULL,NULL,NULL,NULL,NULL);
INSERT INTO finding_places VALUES(1406,1257,1,NULL,NULL,NULL,NULL,NULL,NULL,NULL,NULL);
INSERT INTO finding_places VALUES(1407,1258,1,NULL,NULL,NULL,NULL,NULL,NULL,NULL,NULL);
INSERT INTO finding_places VALUES(1408,1259,1,NULL,NULL,NULL,NULL,NULL,NULL,NULL,NULL);
INSERT INTO finding_places VALUES(1409,1260,1,NULL,NULL,NULL,NULL,NULL,NULL,NULL,NULL);
INSERT INTO finding_places VALUES(1410,1261,1,NULL,NULL,NULL,NULL,NULL,NULL,NULL,NULL);
INSERT INTO finding_places VALUES(1411,1262,1,NULL,NULL,NULL,NULL,NULL,NULL,NULL,NULL);
INSERT INTO finding_places VALUES(1412,1263,1,NULL,NULL,NULL,NULL,NULL,NULL,NULL,NULL);
INSERT INTO finding_places VALUES(1413,1264,1,NULL,NULL,NULL,NULL,NULL,NULL,NULL,NULL);
INSERT INTO finding_places VALUES(1414,1265,1,NULL,NULL,NULL,NULL,NULL,NULL,NULL,NULL);
INSERT INTO finding_places VALUES(1415,1266,1,NULL,NULL,NULL,NULL,NULL,NULL,NULL,NULL);
INSERT INTO finding_places VALUES(1416,1267,1,NULL,NULL,NULL,NULL,NULL,NULL,NULL,NULL);
INSERT INTO finding_places VALUES(1417,1268,1,NULL,NULL,NULL,NULL,NULL,NULL,NULL,NULL);
INSERT INTO finding_places VALUES(1418,1269,1,NULL,NULL,NULL,NULL,NULL,NULL,NULL,NULL);
INSERT INTO finding_places VALUES(1419,1270,1,NULL,NULL,NULL,NULL,NULL,NULL,NULL,NULL);
INSERT INTO finding_places VALUES(1420,1271,1,NULL,NULL,NULL,NULL,NULL,NULL,NULL,NULL);
INSERT INTO finding_places VALUES(1421,1272,1,NULL,NULL,NULL,NULL,NULL,NULL,NULL,NULL);
INSERT INTO finding_places VALUES(1422,1273,1,NULL,NULL,NULL,NULL,NULL,NULL,NULL,NULL);
INSERT INTO finding_places VALUES(1423,1274,1,NULL,NULL,NULL,NULL,NULL,NULL,NULL,NULL);
INSERT INTO finding_places VALUES(1424,1275,1,NULL,NULL,NULL,NULL,NULL,NULL,NULL,NULL);
INSERT INTO finding_places VALUES(1425,1276,1,NULL,NULL,NULL,NULL,NULL,NULL,NULL,NULL);
INSERT INTO finding_places VALUES(1426,1277,1,NULL,NULL,NULL,NULL,NULL,NULL,NULL,NULL);
INSERT INTO finding_places VALUES(1427,1278,1,NULL,NULL,NULL,NULL,NULL,NULL,NULL,NULL);
INSERT INTO finding_places VALUES(1428,1279,1,NULL,NULL,NULL,NULL,NULL,NULL,NULL,NULL);
INSERT INTO finding_places VALUES(1429,1280,1,NULL,NULL,NULL,NULL,NULL,NULL,NULL,NULL);
INSERT INTO finding_places VALUES(1430,1281,1,NULL,NULL,NULL,NULL,NULL,NULL,NULL,NULL);
INSERT INTO finding_places VALUES(1431,1282,1,NULL,NULL,NULL,NULL,NULL,NULL,NULL,NULL);
INSERT INTO finding_places VALUES(1432,1283,1,NULL,NULL,NULL,NULL,NULL,NULL,NULL,NULL);
INSERT INTO finding_places VALUES(1433,1284,1,NULL,NULL,NULL,NULL,NULL,NULL,NULL,NULL);
INSERT INTO finding_places VALUES(1434,1285,1,NULL,NULL,NULL,NULL,NULL,NULL,NULL,NULL);
INSERT INTO finding_places VALUES(1435,1286,1,NULL,NULL,NULL,NULL,NULL,NULL,NULL,NULL);
INSERT INTO finding_places VALUES(1444,1295,1,NULL,NULL,NULL,NULL,NULL,NULL,NULL,NULL);
INSERT INTO finding_places VALUES(1446,1297,1,NULL,NULL,NULL,NULL,NULL,NULL,NULL,NULL);
INSERT INTO finding_places VALUES(1447,1298,1,NULL,NULL,NULL,NULL,NULL,NULL,NULL,NULL);
INSERT INTO finding_places VALUES(1448,1299,1,NULL,NULL,NULL,NULL,NULL,NULL,NULL,NULL);
INSERT INTO finding_places VALUES(1449,1300,1,NULL,NULL,NULL,NULL,NULL,NULL,NULL,NULL);
INSERT INTO finding_places VALUES(1450,1301,1,NULL,NULL,NULL,NULL,NULL,NULL,NULL,NULL);
INSERT INTO finding_places VALUES(1451,1302,1,NULL,NULL,NULL,NULL,NULL,NULL,NULL,NULL);
INSERT INTO finding_places VALUES(1452,1303,1,NULL,NULL,NULL,NULL,NULL,NULL,NULL,NULL);
INSERT INTO finding_places VALUES(1453,1304,1,NULL,NULL,NULL,NULL,NULL,NULL,NULL,NULL);
INSERT INTO finding_places VALUES(1454,1305,1,NULL,NULL,NULL,NULL,NULL,NULL,NULL,NULL);
INSERT INTO finding_places VALUES(1455,1306,1,NULL,NULL,NULL,NULL,NULL,NULL,NULL,NULL);
INSERT INTO finding_places VALUES(1456,1307,1,NULL,NULL,NULL,NULL,NULL,NULL,NULL,NULL);
INSERT INTO finding_places VALUES(1457,1308,1,NULL,NULL,NULL,NULL,NULL,NULL,NULL,NULL);
INSERT INTO finding_places VALUES(1458,1309,1,NULL,NULL,NULL,NULL,NULL,NULL,NULL,NULL);
INSERT INTO finding_places VALUES(1459,1310,1,NULL,NULL,NULL,NULL,NULL,NULL,NULL,NULL);
INSERT INTO finding_places VALUES(1460,1312,1,NULL,NULL,NULL,NULL,NULL,NULL,NULL,NULL);
INSERT INTO finding_places VALUES(1461,1313,1,NULL,NULL,NULL,NULL,NULL,NULL,NULL,NULL);
INSERT INTO finding_places VALUES(1462,1314,1,NULL,NULL,NULL,NULL,NULL,NULL,NULL,NULL);
INSERT INTO finding_places VALUES(1463,1316,1,NULL,NULL,NULL,NULL,NULL,NULL,NULL,NULL);
INSERT INTO finding_places VALUES(1464,1317,1,NULL,NULL,NULL,NULL,NULL,NULL,NULL,NULL);
INSERT INTO finding_places VALUES(1465,1318,1,NULL,NULL,NULL,NULL,NULL,NULL,NULL,NULL);
INSERT INTO finding_places VALUES(1466,1319,1,NULL,NULL,NULL,NULL,NULL,NULL,NULL,NULL);
INSERT INTO finding_places VALUES(1467,1320,1,NULL,NULL,NULL,NULL,NULL,NULL,NULL,NULL);
INSERT INTO finding_places VALUES(1468,1321,1,NULL,NULL,NULL,NULL,NULL,NULL,NULL,NULL);
INSERT INTO finding_places VALUES(1469,1322,1,NULL,NULL,NULL,NULL,NULL,NULL,NULL,NULL);
INSERT INTO finding_places VALUES(1470,1323,1,NULL,NULL,NULL,NULL,NULL,NULL,NULL,NULL);
INSERT INTO finding_places VALUES(1471,1324,1,NULL,NULL,NULL,NULL,NULL,NULL,NULL,NULL);
INSERT INTO finding_places VALUES(1472,1325,1,NULL,NULL,NULL,NULL,NULL,NULL,NULL,NULL);
INSERT INTO finding_places VALUES(1473,1326,1,NULL,NULL,NULL,NULL,NULL,NULL,NULL,NULL);
INSERT INTO finding_places VALUES(1474,1327,1,NULL,NULL,NULL,NULL,NULL,NULL,NULL,NULL);
INSERT INTO finding_places VALUES(1475,1328,1,NULL,NULL,NULL,NULL,NULL,NULL,NULL,NULL);
INSERT INTO finding_places VALUES(1476,1329,1,NULL,NULL,NULL,NULL,NULL,NULL,NULL,NULL);
INSERT INTO finding_places VALUES(1477,1330,1,NULL,NULL,NULL,NULL,NULL,NULL,NULL,NULL);
INSERT INTO finding_places VALUES(1478,1331,816,8,NULL,NULL,NULL,NULL,NULL,NULL,NULL);
INSERT INTO finding_places VALUES(1479,1332,816,8,NULL,NULL,NULL,NULL,NULL,NULL,NULL);
INSERT INTO finding_places VALUES(1480,1333,211,NULL,NULL,NULL,NULL,NULL,NULL,NULL,NULL);
INSERT INTO finding_places VALUES(1481,1334,96,97,8,NULL,NULL,NULL,NULL,NULL,NULL);
INSERT INTO finding_places VALUES(1482,1335,1,NULL,NULL,NULL,NULL,NULL,NULL,NULL,NULL);
INSERT INTO finding_places VALUES(1483,1336,96,97,8,NULL,NULL,NULL,NULL,NULL,NULL);
INSERT INTO finding_places VALUES(1484,1337,1,NULL,NULL,NULL,NULL,NULL,NULL,NULL,NULL);
INSERT INTO finding_places VALUES(1485,1338,1,NULL,NULL,NULL,NULL,NULL,NULL,NULL,NULL);
INSERT INTO finding_places VALUES(1486,1339,1,NULL,NULL,NULL,NULL,NULL,NULL,NULL,NULL);
INSERT INTO finding_places VALUES(1487,1340,1,NULL,NULL,NULL,NULL,NULL,NULL,NULL,NULL);
INSERT INTO finding_places VALUES(1488,1341,1,NULL,NULL,NULL,NULL,NULL,NULL,NULL,NULL);
INSERT INTO finding_places VALUES(1489,1342,1,NULL,NULL,NULL,NULL,NULL,NULL,NULL,NULL);
INSERT INTO finding_places VALUES(1490,1343,1,NULL,NULL,NULL,NULL,NULL,NULL,NULL,NULL);
INSERT INTO finding_places VALUES(1491,1344,1,NULL,NULL,NULL,NULL,NULL,NULL,NULL,NULL);
INSERT INTO finding_places VALUES(1492,1345,1,NULL,NULL,NULL,NULL,NULL,NULL,NULL,NULL);
INSERT INTO finding_places VALUES(1493,1346,1,NULL,NULL,NULL,NULL,NULL,NULL,NULL,NULL);
INSERT INTO finding_places VALUES(1494,1347,1,NULL,NULL,NULL,NULL,NULL,NULL,NULL,NULL);
INSERT INTO finding_places VALUES(1495,1348,1,NULL,NULL,NULL,NULL,NULL,NULL,NULL,NULL);
INSERT INTO finding_places VALUES(1496,1349,1,NULL,NULL,NULL,NULL,NULL,NULL,NULL,NULL);
INSERT INTO finding_places VALUES(1500,1353,1,NULL,NULL,NULL,NULL,NULL,NULL,NULL,NULL);
INSERT INTO finding_places VALUES(1507,1355,1,NULL,NULL,NULL,NULL,NULL,NULL,NULL,NULL);
INSERT INTO finding_places VALUES(1514,1359,1,NULL,NULL,NULL,NULL,NULL,NULL,NULL,NULL);
INSERT INTO finding_places VALUES(1515,1360,1,NULL,NULL,NULL,NULL,NULL,NULL,NULL,NULL);
INSERT INTO finding_places VALUES(1516,1361,19,7,8,NULL,NULL,NULL,NULL,NULL,NULL);
INSERT INTO finding_places VALUES(1517,1362,7,8,NULL,NULL,NULL,NULL,NULL,NULL,NULL);
INSERT INTO finding_places VALUES(1519,1364,1,NULL,NULL,NULL,NULL,NULL,NULL,NULL,NULL);
INSERT INTO finding_places VALUES(1520,1365,19,7,8,NULL,NULL,NULL,NULL,NULL,NULL);
INSERT INTO finding_places VALUES(1521,1366,725,8,NULL,NULL,NULL,NULL,NULL,NULL,NULL);
INSERT INTO finding_places VALUES(1522,1367,1,NULL,NULL,NULL,NULL,NULL,NULL,NULL,NULL);
INSERT INTO finding_places VALUES(1523,1368,1,NULL,NULL,NULL,NULL,NULL,NULL,NULL,NULL);
INSERT INTO finding_places VALUES(1524,1369,7,8,NULL,NULL,NULL,NULL,NULL,NULL,NULL);
INSERT INTO finding_places VALUES(1525,1371,18,7,8,NULL,NULL,NULL,NULL,NULL,NULL);
INSERT INTO finding_places VALUES(1526,1372,97,8,NULL,NULL,NULL,NULL,NULL,NULL,NULL);
INSERT INTO finding_places VALUES(1527,1373,1,NULL,NULL,NULL,NULL,NULL,NULL,NULL,NULL);
INSERT INTO finding_places VALUES(1528,1374,29,8,NULL,NULL,NULL,NULL,NULL,NULL,NULL);
INSERT INTO finding_places VALUES(1529,1375,1,NULL,NULL,NULL,NULL,NULL,NULL,NULL,NULL);
INSERT INTO finding_places VALUES(1530,1376,1,NULL,NULL,NULL,NULL,NULL,NULL,NULL,NULL);
INSERT INTO finding_places VALUES(1531,1377,1,NULL,NULL,NULL,NULL,NULL,NULL,NULL,NULL);
INSERT INTO finding_places VALUES(1538,1378,1,NULL,NULL,NULL,NULL,NULL,NULL,NULL,NULL);
INSERT INTO finding_places VALUES(1539,1379,1,NULL,NULL,NULL,NULL,NULL,NULL,NULL,NULL);
INSERT INTO finding_places VALUES(1540,1380,1,NULL,NULL,NULL,NULL,NULL,NULL,NULL,NULL);
INSERT INTO finding_places VALUES(1541,1381,1,NULL,NULL,NULL,NULL,NULL,NULL,NULL,NULL);
INSERT INTO finding_places VALUES(1542,1382,1,NULL,NULL,NULL,NULL,NULL,NULL,NULL,NULL);
INSERT INTO finding_places VALUES(1543,1383,1,NULL,NULL,NULL,NULL,NULL,NULL,NULL,NULL);
INSERT INTO finding_places VALUES(1544,1384,1,NULL,NULL,NULL,NULL,NULL,NULL,NULL,NULL);
INSERT INTO finding_places VALUES(1545,1385,1,NULL,NULL,NULL,NULL,NULL,NULL,NULL,NULL);
INSERT INTO finding_places VALUES(1546,1386,1,NULL,NULL,NULL,NULL,NULL,NULL,NULL,NULL);
INSERT INTO finding_places VALUES(1549,1388,1,NULL,NULL,NULL,NULL,NULL,NULL,NULL,NULL);
INSERT INTO finding_places VALUES(1550,1389,7,8,NULL,NULL,NULL,NULL,NULL,NULL,NULL);
INSERT INTO finding_places VALUES(1551,1390,1,NULL,NULL,NULL,NULL,NULL,NULL,NULL,NULL);
INSERT INTO finding_places VALUES(1552,1391,1,NULL,NULL,NULL,NULL,NULL,NULL,NULL,NULL);
INSERT INTO finding_places VALUES(1553,1392,1,NULL,NULL,NULL,NULL,NULL,NULL,NULL,NULL);
INSERT INTO finding_places VALUES(1554,1393,1,NULL,NULL,NULL,NULL,NULL,NULL,NULL,NULL);
INSERT INTO finding_places VALUES(1555,1394,1,NULL,NULL,NULL,NULL,NULL,NULL,NULL,NULL);
INSERT INTO finding_places VALUES(1556,1395,1,NULL,NULL,NULL,NULL,NULL,NULL,NULL,NULL);
INSERT INTO finding_places VALUES(1557,1396,1,NULL,NULL,NULL,NULL,NULL,NULL,NULL,NULL);
INSERT INTO finding_places VALUES(1558,1397,1,NULL,NULL,NULL,NULL,NULL,NULL,NULL,NULL);
INSERT INTO finding_places VALUES(1559,1398,1,NULL,NULL,NULL,NULL,NULL,NULL,NULL,NULL);
INSERT INTO finding_places VALUES(1560,1399,1,NULL,NULL,NULL,NULL,NULL,NULL,NULL,NULL);
INSERT INTO finding_places VALUES(1561,1400,1,NULL,NULL,NULL,NULL,NULL,NULL,NULL,NULL);
INSERT INTO finding_places VALUES(1562,1401,1,NULL,NULL,NULL,NULL,NULL,NULL,NULL,NULL);
INSERT INTO finding_places VALUES(1563,1402,1,NULL,NULL,NULL,NULL,NULL,NULL,NULL,NULL);
INSERT INTO finding_places VALUES(1564,1403,1,NULL,NULL,NULL,NULL,NULL,NULL,NULL,NULL);
INSERT INTO finding_places VALUES(1565,1404,1,NULL,NULL,NULL,NULL,NULL,NULL,NULL,NULL);
INSERT INTO finding_places VALUES(1566,1405,1,NULL,NULL,NULL,NULL,NULL,NULL,NULL,NULL);
INSERT INTO finding_places VALUES(1567,1406,1,NULL,NULL,NULL,NULL,NULL,NULL,NULL,NULL);
INSERT INTO finding_places VALUES(1568,1407,19,7,8,NULL,NULL,NULL,NULL,NULL,NULL);
INSERT INTO finding_places VALUES(1569,1408,19,7,8,NULL,NULL,NULL,NULL,NULL,NULL);
INSERT INTO finding_places VALUES(1570,1409,19,7,8,NULL,NULL,NULL,NULL,NULL,NULL);
INSERT INTO finding_places VALUES(1571,1410,1,NULL,NULL,NULL,NULL,NULL,NULL,NULL,NULL);
INSERT INTO finding_places VALUES(1572,1411,1,NULL,NULL,NULL,NULL,NULL,NULL,NULL,NULL);
INSERT INTO finding_places VALUES(1573,1412,19,7,8,NULL,NULL,NULL,NULL,NULL,NULL);
INSERT INTO finding_places VALUES(1574,1413,2,8,NULL,NULL,NULL,NULL,NULL,NULL,NULL);
INSERT INTO finding_places VALUES(1575,1414,1,NULL,NULL,NULL,NULL,NULL,NULL,NULL,NULL);
INSERT INTO finding_places VALUES(1576,1415,1,NULL,NULL,NULL,NULL,NULL,NULL,NULL,NULL);
INSERT INTO finding_places VALUES(1577,1416,1,NULL,NULL,NULL,NULL,NULL,NULL,NULL,NULL);
INSERT INTO finding_places VALUES(1578,1417,1,NULL,NULL,NULL,NULL,NULL,NULL,NULL,NULL);
INSERT INTO finding_places VALUES(1579,1418,1,NULL,NULL,NULL,NULL,NULL,NULL,NULL,NULL);
INSERT INTO finding_places VALUES(1580,1419,1,NULL,NULL,NULL,NULL,NULL,NULL,NULL,NULL);
INSERT INTO finding_places VALUES(1581,1420,1,NULL,NULL,NULL,NULL,NULL,NULL,NULL,NULL);
INSERT INTO finding_places VALUES(1582,1421,1,NULL,NULL,NULL,NULL,NULL,NULL,NULL,NULL);
INSERT INTO finding_places VALUES(1583,1422,1,NULL,NULL,NULL,NULL,NULL,NULL,NULL,NULL);
INSERT INTO finding_places VALUES(1584,1423,1,NULL,NULL,NULL,NULL,NULL,NULL,NULL,NULL);
INSERT INTO finding_places VALUES(1585,1424,1,NULL,NULL,NULL,NULL,NULL,NULL,NULL,NULL);
INSERT INTO finding_places VALUES(1586,1425,1,NULL,NULL,NULL,NULL,NULL,NULL,NULL,NULL);
INSERT INTO finding_places VALUES(1587,1426,1,NULL,NULL,NULL,NULL,NULL,NULL,NULL,NULL);
INSERT INTO finding_places VALUES(1588,1427,1,NULL,NULL,NULL,NULL,NULL,NULL,NULL,NULL);
INSERT INTO finding_places VALUES(1589,1428,1,NULL,NULL,NULL,NULL,NULL,NULL,NULL,NULL);
CREATE TABLE IF NOT EXISTS "findings_roles" (findings_roles_id INTEGER PRIMARY KEY AUTOINCREMENT, finding_id INTEGER NOT NULL, role_type_id INTEGER NOT NULL, person_id INTEGER DEFAULT NULL, FOREIGN KEY (finding_id) REFERENCES finding (finding_id), FOREIGN KEY (role_type_id) REFERENCES role_type (role_type_id), FOREIGN KEY (person_id) REFERENCES person (person_id));
INSERT INTO findings_roles VALUES(1,5,2,294);
INSERT INTO findings_roles VALUES(9,11,3,292);
INSERT INTO findings_roles VALUES(10,11,3,293);
INSERT INTO findings_roles VALUES(11,26,1,296);
INSERT INTO findings_roles VALUES(12,16,4,295);
INSERT INTO findings_roles VALUES(14,16,13,303);
INSERT INTO findings_roles VALUES(16,17,15,305);
INSERT INTO findings_roles VALUES(17,17,14,306);
INSERT INTO findings_roles VALUES(18,29,1,307);
INSERT INTO findings_roles VALUES(160,17,14,440);
INSERT INTO findings_roles VALUES(173,9,8,6086);
INSERT INTO findings_roles VALUES(176,17,39,305);
INSERT INTO findings_roles VALUES(200,123,11,88);
INSERT INTO findings_roles VALUES(213,478,13,5567);
INSERT INTO findings_roles VALUES(216,478,6,5570);
INSERT INTO findings_roles VALUES(231,9,10,5749);
INSERT INTO findings_roles VALUES(234,28,6,435);
INSERT INTO findings_roles VALUES(235,9,21,5948);
INSERT INTO findings_roles VALUES(236,28,11,597);
INSERT INTO findings_roles VALUES(238,28,11,12);
INSERT INTO findings_roles VALUES(241,28,13,5635);
INSERT INTO findings_roles VALUES(246,28,25,5637);
INSERT INTO findings_roles VALUES(247,1104,26,5698);
INSERT INTO findings_roles VALUES(248,1101,55,292);
INSERT INTO findings_roles VALUES(279,9,7,5928);
INSERT INTO findings_roles VALUES(280,9,9,5924);
INSERT INTO findings_roles VALUES(282,9,2,5699);
INSERT INTO findings_roles VALUES(292,9,9,634);
INSERT INTO findings_roles VALUES(293,9,19,304);
INSERT INTO findings_roles VALUES(294,9,116,619);
INSERT INTO findings_roles VALUES(295,9,27,6011);
INSERT INTO findings_roles VALUES(296,9,24,6082);
INSERT INTO findings_roles VALUES(297,9,22,6085);
CREATE TABLE IF NOT EXISTS "places_places" (places_places_id INTEGER PRIMARY KEY AUTOINCREMENT, place_id1 INTEGER NOT NULL, place_id2 INTEGER DEFAULT NULL, period TEXT NOT NULL DEFAULT '', FOREIGN KEY (place_id1) REFERENCES place (place_id), FOREIGN KEY (place_id2) REFERENCES place (place_id));
INSERT INTO places_places VALUES(1,1,NULL,'');
INSERT INTO places_places VALUES(2,2,8,'');
INSERT INTO places_places VALUES(3,3,4,'');
INSERT INTO places_places VALUES(4,4,2,'');
INSERT INTO places_places VALUES(5,5,4,'');
INSERT INTO places_places VALUES(6,6,11,'');
INSERT INTO places_places VALUES(7,7,8,'');
INSERT INTO places_places VALUES(8,8,NULL,'');
INSERT INTO places_places VALUES(9,9,4,'');
INSERT INTO places_places VALUES(10,10,4,'');
INSERT INTO places_places VALUES(11,11,7,'');
INSERT INTO places_places VALUES(12,12,NULL,'');
INSERT INTO places_places VALUES(13,13,12,'');
INSERT INTO places_places VALUES(14,14,12,'');
INSERT INTO places_places VALUES(16,16,NULL,'');
INSERT INTO places_places VALUES(17,17,16,'');
INSERT INTO places_places VALUES(18,43,5,'');
INSERT INTO places_places VALUES(19,44,4,'');
INSERT INTO places_places VALUES(20,45,4,'');
INSERT INTO places_places VALUES(23,18,7,'');
INSERT INTO places_places VALUES(24,19,7,'');
INSERT INTO places_places VALUES(34,25,8,'');
INSERT INTO places_places VALUES(39,29,8,'');
INSERT INTO places_places VALUES(41,32,37,'');
INSERT INTO places_places VALUES(44,34,35,'');
INSERT INTO places_places VALUES(45,35,36,'');
INSERT INTO places_places VALUES(46,37,31,'');
INSERT INTO places_places VALUES(49,36,8,'');
INSERT INTO places_places VALUES(87,804,78,'');
INSERT INTO places_places VALUES(88,78,29,'');
INSERT INTO places_places VALUES(89,79,12,'');
INSERT INTO places_places VALUES(90,80,81,'');
INSERT INTO places_places VALUES(91,81,7,'');
INSERT INTO places_places VALUES(101,92,93,'');
INSERT INTO places_places VALUES(102,93,29,'');
INSERT INTO places_places VALUES(103,94,93,'');
INSERT INTO places_places VALUES(105,95,96,'');
INSERT INTO places_places VALUES(106,96,97,'');
INSERT INTO places_places VALUES(107,97,8,'');
INSERT INTO places_places VALUES(108,98,96,'');
INSERT INTO places_places VALUES(118,99,100,'');
INSERT INTO places_places VALUES(119,100,101,'');
INSERT INTO places_places VALUES(120,101,8,'');
INSERT INTO places_places VALUES(121,105,106,'');
INSERT INTO places_places VALUES(122,106,107,'');
INSERT INTO places_places VALUES(123,107,8,'');
INSERT INTO places_places VALUES(124,108,109,'');
INSERT INTO places_places VALUES(125,109,110,'');
INSERT INTO places_places VALUES(126,110,8,'');
INSERT INTO places_places VALUES(127,111,109,'');
INSERT INTO places_places VALUES(128,112,113,'');
INSERT INTO places_places VALUES(129,113,114,'');
INSERT INTO places_places VALUES(130,114,8,'');
INSERT INTO places_places VALUES(131,115,116,'');
INSERT INTO places_places VALUES(132,116,8,'');
INSERT INTO places_places VALUES(133,117,118,'');
INSERT INTO places_places VALUES(134,118,119,'');
INSERT INTO places_places VALUES(135,119,8,'');
INSERT INTO places_places VALUES(136,120,121,'');
INSERT INTO places_places VALUES(137,121,122,'');
INSERT INTO places_places VALUES(138,122,8,'');
INSERT INTO places_places VALUES(139,123,124,'');
INSERT INTO places_places VALUES(140,124,125,'');
INSERT INTO places_places VALUES(141,125,8,'');
INSERT INTO places_places VALUES(142,126,127,'');
INSERT INTO places_places VALUES(143,127,128,'');
INSERT INTO places_places VALUES(144,128,8,'');
INSERT INTO places_places VALUES(145,92,129,'');
INSERT INTO places_places VALUES(147,130,129,'');
INSERT INTO places_places VALUES(152,134,135,'');
INSERT INTO places_places VALUES(153,135,136,'');
INSERT INTO places_places VALUES(154,130,138,'');
INSERT INTO places_places VALUES(155,138,29,'');
INSERT INTO places_places VALUES(157,130,141,'');
INSERT INTO places_places VALUES(158,141,29,'');
INSERT INTO places_places VALUES(159,130,142,'');
INSERT INTO places_places VALUES(160,142,29,'');
INSERT INTO places_places VALUES(166,130,145,'');
INSERT INTO places_places VALUES(167,145,29,'');
INSERT INTO places_places VALUES(168,146,147,'');
INSERT INTO places_places VALUES(169,147,148,'');
INSERT INTO places_places VALUES(170,148,8,'');
INSERT INTO places_places VALUES(171,146,149,'');
INSERT INTO places_places VALUES(172,149,148,'');
INSERT INTO places_places VALUES(173,146,150,'');
INSERT INTO places_places VALUES(174,150,148,'');
INSERT INTO places_places VALUES(175,151,152,'');
INSERT INTO places_places VALUES(176,152,153,'');
INSERT INTO places_places VALUES(177,153,8,'');
INSERT INTO places_places VALUES(178,151,154,'');
INSERT INTO places_places VALUES(179,154,153,'');
INSERT INTO places_places VALUES(180,151,155,'');
INSERT INTO places_places VALUES(181,155,153,'');
INSERT INTO places_places VALUES(182,151,156,'');
INSERT INTO places_places VALUES(183,156,153,'');
INSERT INTO places_places VALUES(184,157,158,'');
INSERT INTO places_places VALUES(185,158,159,'');
INSERT INTO places_places VALUES(186,159,8,'');
INSERT INTO places_places VALUES(187,157,160,'');
INSERT INTO places_places VALUES(188,160,159,'');
INSERT INTO places_places VALUES(189,161,162,'');
INSERT INTO places_places VALUES(190,162,163,'');
INSERT INTO places_places VALUES(191,163,8,'');
INSERT INTO places_places VALUES(192,161,164,'');
INSERT INTO places_places VALUES(193,164,159,'');
INSERT INTO places_places VALUES(194,165,166,'');
INSERT INTO places_places VALUES(195,166,167,'');
INSERT INTO places_places VALUES(196,167,8,'');
INSERT INTO places_places VALUES(197,165,168,'');
INSERT INTO places_places VALUES(198,168,167,'');
INSERT INTO places_places VALUES(199,169,170,'');
INSERT INTO places_places VALUES(200,170,171,'');
INSERT INTO places_places VALUES(201,171,8,'');
INSERT INTO places_places VALUES(202,169,172,'');
INSERT INTO places_places VALUES(203,172,171,'');
INSERT INTO places_places VALUES(204,173,174,'');
INSERT INTO places_places VALUES(205,174,97,'');
INSERT INTO places_places VALUES(206,173,175,'');
INSERT INTO places_places VALUES(207,175,97,'');
INSERT INTO places_places VALUES(208,176,177,'');
INSERT INTO places_places VALUES(209,177,178,'');
INSERT INTO places_places VALUES(210,178,8,'');
INSERT INTO places_places VALUES(211,176,179,'');
INSERT INTO places_places VALUES(212,179,178,'');
INSERT INTO places_places VALUES(213,180,181,'');
INSERT INTO places_places VALUES(214,181,182,'');
INSERT INTO places_places VALUES(215,182,8,'');
INSERT INTO places_places VALUES(216,180,183,'');
INSERT INTO places_places VALUES(217,183,182,'');
INSERT INTO places_places VALUES(218,184,185,'');
INSERT INTO places_places VALUES(219,185,122,'');
INSERT INTO places_places VALUES(221,184,186,'');
INSERT INTO places_places VALUES(222,186,122,'');
INSERT INTO places_places VALUES(223,184,187,'');
INSERT INTO places_places VALUES(224,187,122,'');
INSERT INTO places_places VALUES(225,184,188,'');
INSERT INTO places_places VALUES(226,188,122,'');
INSERT INTO places_places VALUES(227,184,189,'');
INSERT INTO places_places VALUES(228,189,122,'');
INSERT INTO places_places VALUES(229,190,191,'');
INSERT INTO places_places VALUES(230,191,114,'');
INSERT INTO places_places VALUES(231,190,192,'');
INSERT INTO places_places VALUES(232,192,114,'');
INSERT INTO places_places VALUES(233,190,193,'');
INSERT INTO places_places VALUES(234,193,114,'');
INSERT INTO places_places VALUES(235,194,195,'');
INSERT INTO places_places VALUES(236,195,196,'');
INSERT INTO places_places VALUES(237,196,8,'');
INSERT INTO places_places VALUES(238,194,197,'');
INSERT INTO places_places VALUES(239,197,196,'');
INSERT INTO places_places VALUES(240,198,199,'');
INSERT INTO places_places VALUES(241,199,200,'');
INSERT INTO places_places VALUES(242,200,8,'');
INSERT INTO places_places VALUES(243,198,201,'');
INSERT INTO places_places VALUES(244,201,200,'');
INSERT INTO places_places VALUES(248,206,208,'');
INSERT INTO places_places VALUES(249,208,7,'');
INSERT INTO places_places VALUES(250,209,7,'');
INSERT INTO places_places VALUES(251,207,208,'');
INSERT INTO places_places VALUES(253,210,211,'');
INSERT INTO places_places VALUES(254,212,213,'');
INSERT INTO places_places VALUES(255,213,214,'');
INSERT INTO places_places VALUES(256,216,217,'');
INSERT INTO places_places VALUES(257,217,128,'');
INSERT INTO places_places VALUES(258,218,219,'');
INSERT INTO places_places VALUES(259,219,178,'');
INSERT INTO places_places VALUES(260,220,221,'');
INSERT INTO places_places VALUES(261,221,128,'');
INSERT INTO places_places VALUES(262,222,221,'');
INSERT INTO places_places VALUES(263,223,224,'');
INSERT INTO places_places VALUES(264,224,7,'');
INSERT INTO places_places VALUES(265,225,226,'');
INSERT INTO places_places VALUES(266,226,227,'');
INSERT INTO places_places VALUES(267,228,229,'');
INSERT INTO places_places VALUES(268,666,668,'');
INSERT INTO places_places VALUES(269,668,29,'');
INSERT INTO places_places VALUES(270,667,669,'');
INSERT INTO places_places VALUES(271,669,129,'');
INSERT INTO places_places VALUES(275,672,679,'');
INSERT INTO places_places VALUES(279,677,12,'');
INSERT INTO places_places VALUES(280,678,12,'');
INSERT INTO places_places VALUES(281,15,679,'');
INSERT INTO places_places VALUES(282,679,14,'');
INSERT INTO places_places VALUES(283,680,681,'');
INSERT INTO places_places VALUES(284,682,683,'');
INSERT INTO places_places VALUES(285,684,114,'');
INSERT INTO places_places VALUES(286,685,686,'');
INSERT INTO places_places VALUES(287,687,688,'');
INSERT INTO places_places VALUES(288,688,8,'');
INSERT INTO places_places VALUES(289,689,NULL,'');
INSERT INTO places_places VALUES(290,690,NULL,'');
INSERT INTO places_places VALUES(292,692,12,'');
INSERT INTO places_places VALUES(293,693,NULL,'');
INSERT INTO places_places VALUES(294,694,NULL,'');
INSERT INTO places_places VALUES(295,695,8,'');
INSERT INTO places_places VALUES(297,696,NULL,'');
INSERT INTO places_places VALUES(298,697,NULL,'');
INSERT INTO places_places VALUES(299,698,NULL,'');
INSERT INTO places_places VALUES(300,699,NULL,'');
INSERT INTO places_places VALUES(301,700,NULL,'');
INSERT INTO places_places VALUES(302,701,NULL,'');
INSERT INTO places_places VALUES(303,702,8,'');
INSERT INTO places_places VALUES(304,703,NULL,'');
INSERT INTO places_places VALUES(305,704,NULL,'');
INSERT INTO places_places VALUES(306,706,NULL,'');
INSERT INTO places_places VALUES(307,707,NULL,'');
INSERT INTO places_places VALUES(308,708,8,'');
INSERT INTO places_places VALUES(309,709,NULL,'');
INSERT INTO places_places VALUES(310,710,NULL,'');
INSERT INTO places_places VALUES(311,711,NULL,'');
INSERT INTO places_places VALUES(312,712,NULL,'');
INSERT INTO places_places VALUES(313,713,8,'');
INSERT INTO places_places VALUES(314,715,NULL,'');
INSERT INTO places_places VALUES(315,716,NULL,'');
INSERT INTO places_places VALUES(316,717,12,'');
INSERT INTO places_places VALUES(317,718,12,'');
INSERT INTO places_places VALUES(318,719,12,'');
INSERT INTO places_places VALUES(319,720,200,'');
INSERT INTO places_places VALUES(320,721,2,'');
INSERT INTO places_places VALUES(322,723,101,'');
INSERT INTO places_places VALUES(323,724,725,'');
INSERT INTO places_places VALUES(324,725,8,'');
INSERT INTO places_places VALUES(325,726,122,'');
INSERT INTO places_places VALUES(326,727,708,'');
INSERT INTO places_places VALUES(327,728,708,'');
INSERT INTO places_places VALUES(328,729,730,'');
INSERT INTO places_places VALUES(329,730,8,'');
INSERT INTO places_places VALUES(330,731,200,'');
INSERT INTO places_places VALUES(331,732,683,'');
INSERT INTO places_places VALUES(332,683,8,'');
INSERT INTO places_places VALUES(333,733,734,'');
INSERT INTO places_places VALUES(334,734,163,'');
INSERT INTO places_places VALUES(335,735,736,'');
INSERT INTO places_places VALUES(336,736,16,'');
INSERT INTO places_places VALUES(337,737,738,'');
INSERT INTO places_places VALUES(338,738,16,'');
INSERT INTO places_places VALUES(339,739,740,'');
INSERT INTO places_places VALUES(340,740,741,'');
INSERT INTO places_places VALUES(341,741,8,'');
INSERT INTO places_places VALUES(342,742,743,'');
INSERT INTO places_places VALUES(343,743,116,'');
INSERT INTO places_places VALUES(344,744,122,'');
INSERT INTO places_places VALUES(345,745,110,'');
INSERT INTO places_places VALUES(346,746,747,'');
INSERT INTO places_places VALUES(347,747,8,'');
INSERT INTO places_places VALUES(348,748,749,'');
INSERT INTO places_places VALUES(349,749,125,'');
INSERT INTO places_places VALUES(350,750,751,'');
INSERT INTO places_places VALUES(351,751,125,'');
INSERT INTO places_places VALUES(352,752,148,'');
INSERT INTO places_places VALUES(353,753,107,'');
INSERT INTO places_places VALUES(354,754,171,'');
INSERT INTO places_places VALUES(355,755,756,'');
INSERT INTO places_places VALUES(356,756,757,'');
INSERT INTO places_places VALUES(381,758,148,'');
INSERT INTO places_places VALUES(382,782,783,'');
INSERT INTO places_places VALUES(383,783,7,'');
INSERT INTO places_places VALUES(384,785,784,'');
INSERT INTO places_places VALUES(385,784,200,'');
INSERT INTO places_places VALUES(386,786,787,'');
INSERT INTO places_places VALUES(387,787,125,'');
INSERT INTO places_places VALUES(388,788,787,'');
INSERT INTO places_places VALUES(389,789,785,'');
INSERT INTO places_places VALUES(390,791,790,'');
INSERT INTO places_places VALUES(391,790,683,'');
INSERT INTO places_places VALUES(392,792,78,'');
INSERT INTO places_places VALUES(393,793,78,'');
INSERT INTO places_places VALUES(394,794,116,'');
INSERT INTO places_places VALUES(395,795,34,'');
INSERT INTO places_places VALUES(396,796,30,'');
INSERT INTO places_places VALUES(397,797,216,'');
INSERT INTO places_places VALUES(398,798,799,'');
INSERT INTO places_places VALUES(399,798,800,'');
INSERT INTO places_places VALUES(400,801,799,'');
INSERT INTO places_places VALUES(401,802,795,'');
INSERT INTO places_places VALUES(402,803,796,'');
INSERT INTO places_places VALUES(403,30,804,'');
INSERT INTO places_places VALUES(404,806,807,'');
INSERT INTO places_places VALUES(405,807,805,'');
INSERT INTO places_places VALUES(406,805,725,'');
INSERT INTO places_places VALUES(407,808,809,'');
INSERT INTO places_places VALUES(408,809,810,'');
INSERT INTO places_places VALUES(409,810,122,'');
INSERT INTO places_places VALUES(446,811,812,'');
INSERT INTO places_places VALUES(447,812,813,'');
INSERT INTO places_places VALUES(448,813,8,'');
INSERT INTO places_places VALUES(449,814,815,'');
INSERT INTO places_places VALUES(450,815,816,'');
INSERT INTO places_places VALUES(451,816,8,'');
INSERT INTO places_places VALUES(452,817,818,'');
INSERT INTO places_places VALUES(453,818,819,'');
INSERT INTO places_places VALUES(454,819,8,'');
INSERT INTO places_places VALUES(455,820,821,'');
INSERT INTO places_places VALUES(456,821,822,'');
INSERT INTO places_places VALUES(457,822,8,'');
INSERT INTO places_places VALUES(458,823,824,'');
INSERT INTO places_places VALUES(459,824,825,'');
INSERT INTO places_places VALUES(460,825,8,'');
INSERT INTO places_places VALUES(461,827,828,'');
INSERT INTO places_places VALUES(462,828,829,'');
INSERT INTO places_places VALUES(463,829,8,'');
INSERT INTO places_places VALUES(464,830,831,'');
INSERT INTO places_places VALUES(465,831,832,'');
INSERT INTO places_places VALUES(466,832,8,'');
INSERT INTO places_places VALUES(467,833,834,'');
INSERT INTO places_places VALUES(468,834,835,'');
INSERT INTO places_places VALUES(469,835,8,'');
INSERT INTO places_places VALUES(470,836,837,'');
INSERT INTO places_places VALUES(471,837,838,'');
INSERT INTO places_places VALUES(472,838,8,'');
INSERT INTO places_places VALUES(473,839,840,'');
INSERT INTO places_places VALUES(474,840,841,'');
INSERT INTO places_places VALUES(475,841,8,'');
INSERT INTO places_places VALUES(476,842,843,'');
INSERT INTO places_places VALUES(477,843,844,'');
INSERT INTO places_places VALUES(478,844,8,'');
INSERT INTO places_places VALUES(479,20,18,'');
INSERT INTO places_places VALUES(480,20,19,'');
INSERT INTO places_places VALUES(481,211,NULL,'');
INSERT INTO places_places VALUES(482,214,NULL,'');
INSERT INTO places_places VALUES(483,215,NULL,'');
INSERT INTO places_places VALUES(484,227,NULL,'');
INSERT INTO places_places VALUES(485,229,NULL,'');
INSERT INTO places_places VALUES(486,129,NULL,'');
INSERT INTO places_places VALUES(487,681,NULL,'');
INSERT INTO places_places VALUES(488,686,NULL,'');
INSERT INTO places_places VALUES(489,757,NULL,'');
INSERT INTO places_places VALUES(490,800,NULL,'');
INSERT INTO places_places VALUES(491,799,NULL,'');
INSERT INTO places_places VALUES(493,31,NULL,'');
INSERT INTO places_places VALUES(494,136,NULL,'');
INSERT INTO places_places VALUES(495,137,NULL,'');
INSERT INTO places_places VALUES(496,140,NULL,'');
INSERT INTO places_places VALUES(505,138,329,'');
INSERT INTO places_places VALUES(506,138,429,'');
INSERT INTO places_places VALUES(507,329,8,'');
INSERT INTO places_places VALUES(508,429,8,'');
INSERT INTO places_places VALUES(509,21,10,'');
INSERT INTO places_places VALUES(534,845,846,'');
INSERT INTO places_places VALUES(535,846,NULL,'');
INSERT INTO places_places VALUES(558,847,848,'');
INSERT INTO places_places VALUES(559,848,849,'');
INSERT INTO places_places VALUES(560,849,NULL,'');
INSERT INTO places_places VALUES(561,850,851,'');
INSERT INTO places_places VALUES(562,851,852,'');
INSERT INTO places_places VALUES(563,852,853,'');
INSERT INTO places_places VALUES(564,853,NULL,'');
INSERT INTO places_places VALUES(565,854,855,'');
INSERT INTO places_places VALUES(566,855,NULL,'');
INSERT INTO places_places VALUES(567,856,857,'');
INSERT INTO places_places VALUES(568,857,853,'');
INSERT INTO places_places VALUES(587,858,856,'');
INSERT INTO places_places VALUES(588,859,679,'');
INSERT INTO places_places VALUES(589,860,854,'');
INSERT INTO places_places VALUES(590,861,10,'');
INSERT INTO places_places VALUES(591,862,20,'');
INSERT INTO places_places VALUES(592,863,18,'');
INSERT INTO places_places VALUES(593,864,728,'');
INSERT INTO places_places VALUES(594,865,864,'');
INSERT INTO places_places VALUES(595,866,860,'');
INSERT INTO places_places VALUES(600,868,708,'');
INSERT INTO places_places VALUES(601,869,728,'');
INSERT INTO places_places VALUES(602,870,728,'');
INSERT INTO places_places VALUES(603,871,728,'');
INSERT INTO places_places VALUES(604,872,728,'');
INSERT INTO places_places VALUES(605,873,728,'');
INSERT INTO places_places VALUES(606,874,728,'');
INSERT INTO places_places VALUES(607,875,728,'');
INSERT INTO places_places VALUES(608,876,728,'');
INSERT INTO places_places VALUES(609,877,728,'');
INSERT INTO places_places VALUES(610,878,728,'');
INSERT INTO places_places VALUES(611,879,728,'');
INSERT INTO places_places VALUES(612,880,728,'');
INSERT INTO places_places VALUES(613,881,728,'');
INSERT INTO places_places VALUES(614,882,728,'');
INSERT INTO places_places VALUES(615,728,868,'');
INSERT INTO places_places VALUES(616,794,743,'');
INSERT INTO places_places VALUES(617,724,884,'');
INSERT INTO places_places VALUES(618,884,725,'');
INSERT INTO places_places VALUES(619,884,725,'');
INSERT INTO places_places VALUES(620,885,724,'');
INSERT INTO places_places VALUES(621,885,724,'');
INSERT INTO places_places VALUES(622,886,724,'');
INSERT INTO places_places VALUES(623,886,724,'');
INSERT INTO places_places VALUES(624,887,724,'');
INSERT INTO places_places VALUES(625,887,724,'');
INSERT INTO places_places VALUES(626,888,32,'');
INSERT INTO places_places VALUES(627,32,31,'');
INSERT INTO places_places VALUES(628,889,15,'');
INSERT INTO places_places VALUES(629,890,682,'');
INSERT INTO places_places VALUES(630,682,892,'');
INSERT INTO places_places VALUES(631,892,683,'');
INSERT INTO places_places VALUES(632,890,682,'');
INSERT INTO places_places VALUES(633,892,683,'');
INSERT INTO places_places VALUES(634,893,894,'');
INSERT INTO places_places VALUES(635,894,895,'');
INSERT INTO places_places VALUES(636,895,NULL,'');
INSERT INTO places_places VALUES(637,893,894,'');
INSERT INTO places_places VALUES(638,894,895,'');
INSERT INTO places_places VALUES(639,895,NULL,'');
INSERT INTO places_places VALUES(640,896,897,'');
INSERT INTO places_places VALUES(641,897,NULL,'');
INSERT INTO places_places VALUES(642,896,897,'');
INSERT INTO places_places VALUES(643,897,NULL,'');
INSERT INTO places_places VALUES(644,898,899,'');
INSERT INTO places_places VALUES(645,899,NULL,'');
INSERT INTO places_places VALUES(646,898,899,'');
INSERT INTO places_places VALUES(647,899,NULL,'');
INSERT INTO places_places VALUES(648,897,122,'');
INSERT INTO places_places VALUES(649,900,10,'');
INSERT INTO places_places VALUES(650,10,2,'');
INSERT INTO places_places VALUES(651,901,4,'');
INSERT INTO places_places VALUES(652,902,6,'');
INSERT INTO places_places VALUES(653,903,4,'');
INSERT INTO places_places VALUES(654,903,4,'');
INSERT INTO places_places VALUES(655,904,10,'');
INSERT INTO places_places VALUES(656,905,81,'');
INSERT INTO places_places VALUES(657,905,81,'');
INSERT INTO places_places VALUES(658,906,29,'');
INSERT INTO places_places VALUES(660,813,NULL,'');
INSERT INTO places_places VALUES(661,907,185,'');
INSERT INTO places_places VALUES(662,908,849,'');
INSERT INTO places_places VALUES(663,909,NULL,'');
INSERT INTO places_places VALUES(664,910,12,'');
CREATE TABLE IF NOT EXISTS "setting" (setting_id INTEGER PRIMARY KEY AUTOINCREMENT, image_male_id INTEGER, image_female_id INTEGER, image_unisex_id INTEGER, image_source_id INTEGER, image_place_id INTEGER, default_image_male_id INTEGER NOT NULL DEFAULT 17, default_image_female_id INTEGER NOT NULL DEFAULT 15, default_image_unisex_id INTEGER NOT NULL DEFAULT 14, default_image_source_id INTEGER NOT NULL DEFAULT 18, default_image_place_id INTEGER NOT NULL DEFAULT 19, FOREIGN KEY (image_male_id) REFERENCES image (image_id), FOREIGN KEY (image_female_id) REFERENCES image (image_id), FOREIGN KEY (image_unisex_id) REFERENCES image (image_id), FOREIGN KEY (image_source_id) REFERENCES image (image_id), FOREIGN KEY (image_place_id) REFERENCES image (image_id));
INSERT INTO setting VALUES(1,NULL,NULL,NULL,NULL,NULL,17,15,14,18,19);
CREATE TABLE IF NOT EXISTS "findings_notes" (findings_notes_id INTEGER PRIMARY KEY AUTOINCREMENT, finding_id INTEGER NOT NULL, note_id INTEGER NOT NULL, topic_order INTEGER NOT NULL DEFAULT 0, FOREIGN KEY (finding_id) REFERENCES finding (finding_id), FOREIGN KEY (note_id) REFERENCES note (note_id));
INSERT INTO findings_notes VALUES(1,3,3,5);
INSERT INTO findings_notes VALUES(2,3,1,0);
INSERT INTO findings_notes VALUES(3,11,4,0);
INSERT INTO findings_notes VALUES(5,4,5,0);
INSERT INTO findings_notes VALUES(6,3,2,2);
INSERT INTO findings_notes VALUES(7,5,6,0);
INSERT INTO findings_notes VALUES(8,26,7,1);
INSERT INTO findings_notes VALUES(9,16,8,0);
INSERT INTO findings_notes VALUES(10,26,9,0);
INSERT INTO findings_notes VALUES(11,27,10,0);
INSERT INTO findings_notes VALUES(12,15,11,0);
INSERT INTO findings_notes VALUES(50,3,67,1);
INSERT INTO findings_notes VALUES(120,3,145,3);
INSERT INTO findings_notes VALUES(136,3,161,4);
INSERT INTO findings_notes VALUES(162,2,187,0);
INSERT INTO findings_notes VALUES(184,1,209,2);
INSERT INTO findings_notes VALUES(198,30,223,0);
INSERT INTO findings_notes VALUES(200,1,225,0);
CREATE TABLE IF NOT EXISTS "note" (note_id INTEGER PRIMARY KEY AUTOINCREMENT, notes TEXT NOT NULL DEFAULT '', private BOOLEAN NOT NULL DEFAULT 0, topic TEXT NOT NULL UNIQUE DEFAULT 'Note 1');
INSERT INTO note VALUES(1,replace('J. L. Grimaldo volunteered to lead the Salvation Army Band and carried out his  task with a fervor that was especially notable at Christmas time when he made special collections for the local orphanages.\n','\n',char(10)),0,'Philanthropy');
INSERT INTO note VALUES(2,replace('Jerry was a small, somewhat frail and very excitable man with an overabundance  of imagination and a tendency to overestimate his physical endurance. He would have fits of trembling whenever things didn''t go his way. During the Christmas season a note in the Personals column said only that he didn''t know when to come in out of the cold.\n','\n',char(10)),0,'Physical');
INSERT INTO note VALUES(3,replace('Jeremiah Grimaldo was able to play every instrument in the Salvation Army Band. It is said that sometimes he had to, because he was overqualified for the job and some amateur musicians found him hard to work with.\n','\n',char(10)),0,'Musical Ability');
INSERT INTO note VALUES(4,replace('While he was courting his future wife Ronnie Webb, she happened to mention that she''d always wanted to play the clarinet but found it impossible to learn. Jerry proclaimed that he could play several operas from memory on any instrument made, and ran out the door. He returned shortly with a clarinet and proceeded to impress Ronnie--who had already been deserted by a first husband--with his savantlike musical ability. But the demonstration was cut short when the police arrived, claiming the clarinet was stolen. Jerry insisted loudly that he had clearly informed the shopkeeper that he was only borrowing the instrument and would have it back forthwith. Nevertheless he was dragged kicking and screaming to the wagon and taken downtown, shouting hysterically the whole way and threatening the lives of his arresting officers, who gave him a good beating once out of sight inside the walls of the police station.\n\nThe incident was fueled by Jerry''s having recently pawned all his musical instruments in an attempt to prove to his heart-throb Ronnie that he could get a job doing normal work. He had already failed noisily at several job attempts when the clarinet-borrowing incident occurred.\n\nRonnie was known to freely offer the opinion that if she had not married Jerry, he would have been institutionalized. Since her first husband deserted her while Jerry was in prison, and Jerry still found ways to court her from prison, she finally gave in to his undying attention and they got married secretly the day her divorce from James was finalized.\n','\n',char(10)),0,'The Actual Crime');
INSERT INTO note VALUES(5,'When Jerry could not breathe well he became despondent because he could not play his beloved wind instruments anymore. His daughters report that he died of grief.',0,'Cause of Death');
INSERT INTO note VALUES(6,replace('Jeremiah Grimaldo and his wife-to-be Ronnie Webb practically lived together most of their lives. Ronnie was the daughter of the woman who fostered Jeremiah in Aspen, Colorado after he ran away from home at the age of 7.\n\nHowever, Ronnie was jealous of the attention her foster brother received and as a result she was not able to get along with her mother. She ended up living with neighbors throughout a large part of her childhood and teen years in order to avoid her mother and foster brother whose presence she could not tolerate.\n\nShe did however return home several times a week for piano lessons from her mother, who would not agree to the arrangement otherwise.\n\nWhen asked late in life why she detested her mother''s foster child so much and then married him, she stated that they''d been childhood sweethearts to anyone who could read between the lines, but his savantlike musical talent pleased her mother so much that Ronnie couldn''t stand the sight of either one of them. She said it was her bad experience with a completely non-musical first husband that straightened her out. She said that when she stopped comparing her considerable musical ability to Jerry''s monumental inborn talent, she realized she "actually liked him a little bit".\n','\n',char(10)),1,'Background');
INSERT INTO note VALUES(7,replace('Ronnie married her first husband briefly during a period of time when she was not getting along with her mother and never wanted to see another piano. The reason she gave was that James knew how to make money while Jeremiah (who didn''t stop courting her while he was in prison and she was still legally married to James) could only make noise.\n','\n',char(10)),0,'Reasons for Marriages');
INSERT INTO note VALUES(8,'Ronnie''s nickname ''Miss Polly Pianissimo'' was given to her by her husband who was small and frail but loud and opinionated. ''Miss Polly'' on the other hand was as quiet as a mouse. The longer she lived, the more beloved she was by her countless students and their families.',0,'Local Favorite');
INSERT INTO note VALUES(9,'Ronnie divorced her first husband soon after he went on a business trip back East and forgot to come home. In her divorce filing she stated that James only knew how to make money and his pronouncements of love for her had only been a lot of noise.',1,'Reasons for Divorce');
INSERT INTO note VALUES(10,replace('Outside of the abandoned logging barracks that Jeremiah and Ronnie made their home was their wagon, which bore a sign saying ''Grimaldo Music Academy''. Early in their career they decided to keep the wagon and mules at home during the winter months when they proved unable to keep the wagon on the road if there was a mud puddle anywhere in sight. During the summer months, the Grimaldos traveled extensively, offering music lessons on a wide range of instruments. One year they even carried a tiny piano on the wagon but they had to use more mules and couldn''t afford to keep them. During the other three seasons they rode the mules when possible to sell their services. Eventually they just stayed home as their musical academy become known and loved for miles around. Whenever the weather permitted, and sometimes when it didn''t, people of all ages would appear at the Grimaldo Music Academy hoping to trade a lesson for a sack of beans, a chicken leg or whatever they could trade.\n','\n',char(10)),0,'The J. L. Grimaldo Musical Academy');
INSERT INTO note VALUES(11,replace('Jerry became the foster child of his future mother-in-law when, as a runaway far from home, he saw a sign in her yard advertising piano lessons. When the filthy little ragamuffin pounded on her door, she thought he must be shaking from hunger, but he insisted that he just wanted a piano lesson so badly that he might fall down and die in her yard if she refused him. When she asked him to unwrap his bundle and saw a flute, a clarinet, and a trumpet, she reportedly told him he could not leave and he replied that he would die if she made him go back to Wyoming.\n','\n',char(10)),1,'Fostering');
INSERT INTO note VALUES(67,'As they grew older, Jerry and Ronnie took to spending the winter months in town where they ran the Salvation Army charities, performed at parties, and gave music lessons in their hotel room and at churches.',0,'Egbert, Wyoming');
INSERT INTO note VALUES(145,replace('Lorem ipsum dolor sit amet, consectetur adipiscing elit. Cras ac arcu quis justo maximus ultrices ac dignissim risus. In vitae facilisis nisl, eu pretium magna. Cras eros lacus, elementum nec odio vitae, dignissim vulputate diam. Pellentesque eget nulla semper, rhoncus leo tristique, hendrerit ligula. Vestibulum feugiat mattis aliquet. Nunc et diam sed quam aliquam elementum sit amet ac dui. Aliquam convallis mi nec elit rutrum luctus. Vestibulum sed erat vitae est faucibus ullamcorper. Curabitur lacinia non arcu vitae varius.\n\nMaecenas quis elit eleifend, lobortis turpis at, iaculis odio. Phasellus congue, urna sit amet posuere luctus, mauris risus tincidunt sapien, vulputate scelerisque ipsum libero at neque. Nunc accumsan pellentesque nulla, a ultricies ex convallis sit amet. Etiam ut sollicitudin felis, sit amet dictum lacus. Mauris sed mattis diam. Pellentesque eu malesuada ipsum, vitae sagittis nisl. Morbi a mi vitae nunc varius ullamcorper in ut urna. Maecenas auctor ultrices orci. Donec facilisis a tortor pellentesque venenatis. Curabitur pulvinar bibendum sem, id eleifend lorem sodales nec. Mauris eget scelerisque libero. Lorem ipsum dolor sit amet, consectetur adipiscing elit. Integer vel tellus nec orci finibus ornare. Praesent pellentesque aliquet augue, nec feugiat augue posuere a.\n\nQuisque id leo pharetra, aliquet massa vitae, mattis quam. Aliquam iaculis pulvinar convallis. Proin mauris lectus, dignissim ut lorem ac, porta tincidunt neque. Pellentesque volutpat leo dui, non pulvinar erat aliquam eget. Vestibulum sit amet dignissim enim. Sed tristique, nunc in sollicitudin volutpat, mauris metus ullamcorper risus, in lacinia ex neque non lorem. Phasellus et tristique ex, ac eleifend nunc. Nullam et dapibus quam. Suspendisse tincidunt aliquam elit in laoreet. Aenean consequat sit amet erat et convallis. Sed nec fringilla tortor, ac laoreet dolor.\n\nLorem ipsum dolor sit amet, consectetur adipiscing elit. Cras ac arcu quis justo maximus ultrices ac dignissim risus. In vitae facilisis nisl, eu pretium magna. Cras eros lacus, elementum nec odio vitae, dignissim vulputate diam. Pellentesque eget nulla semper, rhoncus leo tristique, hendrerit ligula. Vestibulum feugiat mattis aliquet. Nunc et diam sed quam aliquam elementum sit amet ac dui. Aliquam convallis mi nec elit rutrum luctus. Vestibulum sed erat vitae est faucibus ullamcorper. Curabitur lacinia non arcu vitae varius.\n\nMaecenas quis elit eleifend, lobortis turpis at, iaculis odio. Phasellus congue, urna sit amet posuere luctus, mauris risus tincidunt sapien, vulputate scelerisque ipsum libero at neque. Nunc accumsan pellentesque nulla, a ultricies ex convallis sit amet. Etiam ut sollicitudin felis, sit amet dictum lacus. Mauris sed mattis diam. Pellentesque eu malesuada ipsum, vitae sagittis nisl. Morbi a mi vitae nunc varius ullamcorper in ut urna. Maecenas auctor ultrices orci. Donec facilisis a tortor pellentesque venenatis. Curabitur pulvinar bibendum sem, id eleifend lorem sodales nec. Mauris eget scelerisque libero. Lorem ipsum dolor sit amet, consectetur adipiscing elit. Integer vel tellus nec orci finibus ornare. Praesent pellentesque aliquet augue, nec feugiat augue posuere a.\n\nQuisque id leo pharetra, aliquet massa vitae, mattis quam. Aliquam iaculis pulvinar convallis. Proin mauris lectus, dignissim ut lorem ac, porta tincidunt neque. Pellentesque volutpat leo dui, non pulvinar erat aliquam eget. Vestibulum sit amet dignissim enim. Sed tristique, nunc in sollicitudin volutpat, mauris metus ullamcorper risus, in lacinia ex neque non lorem. Phasellus et tristique ex, ac eleifend nunc. Nullam et dapibus quam. Suspendisse tincidunt aliquam elit in laoreet. Aenean consequat sit amet erat et convallis. Sed nec fringilla tortor, ac laoreet dolor.\n','\n',char(10)),0,'big');
INSERT INTO note VALUES(161,'',0,'New note');
INSERT INTO note VALUES(187,'Jerry found religion while in prison and got stuck on one old gospel hymn, "I''ll Fly Away". He sang the song over and over non-stop for three days and refused to eat. The other prisoners begged for his release and to their surprise, the jailkeeper passed their request on to the right person and Jerry was sent home. Once he was safely out of prison, Jerry''s religious fervor quickly subsided.',0,'Out of Jail');
INSERT INTO note VALUES(199,'sdfgsdfg',0,'ddddddddddddddddddddddddddddddd');
INSERT INTO note VALUES(200,'ggggggggggggggggggggggggggggggg',0,'sssssssssssssssssssssssss');
INSERT INTO note VALUES(202,'dddddddddddddggggggggggggggggggg',0,'aaaaaaaaaaaaaaaaaaaaaaaa');
INSERT INTO note VALUES(203,'sdfgsdfgsdfg',0,'ffffffffffffffffffffff');
INSERT INTO note VALUES(204,'hsfdghsdfgsdfg',0,'hjjjjjjjjjhhhhhhhhhhhhhhhhhhh');
INSERT INTO note VALUES(205,'jjjjjjjjjjjjjjsdghsdfgdfgh',0,'dsasdsdssssssssssssssssss');
INSERT INTO note VALUES(206,'testing',0,'testing123');
INSERT INTO note VALUES(207,'testing',0,'testing123r');
INSERT INTO note VALUES(208,'testing',0,'testing1234');
INSERT INTO note VALUES(209,'testing 123',0,'testing12345');
INSERT INTO note VALUES(211,'asdfasdfasdfasdfasdf',0,'aaaaa');
INSERT INTO note VALUES(212,'fasdfasdfasdf',0,'ddddddddddddd');
INSERT INTO note VALUES(213,'ddddddddddddddddd',0,'aaaaaaaaaaaaaaa');
INSERT INTO note VALUES(214,'aabbddcc',0,'abc');
INSERT INTO note VALUES(215,'a;lskdfja;sdlfkjasdf;lkasdfj',0,'dddddddddd');
INSERT INTO note VALUES(216,'asdfasdfasdf',0,'aaaaaaaaaaaa');
INSERT INTO note VALUES(217,'edddddddddddddd',0,'ddddddddddddddd');
INSERT INTO note VALUES(218,'ffffffffff',0,'assssssssssssssssss');
INSERT INTO note VALUES(219,'ddddddddddddddddddd',0,'aaaaaaaaaaaaaaaaa');
INSERT INTO note VALUES(220,'ddddddddddddddddddddddddd',0,'aaadddddddddddddddd');
INSERT INTO note VALUES(221,'asdfasdfasdf',0,'ddddddddddddddddd');
INSERT INTO note VALUES(222,'wertwertwert',0,'wwwwwwwwwwwwwww');
INSERT INTO note VALUES(223,'asdfasdfdsaf',0,'ddddddddddddddddddddddddddd');
INSERT INTO note VALUES(224,'abdef',0,'aaa');
INSERT INTO note VALUES(225,' aaaaaaaaaaaaaaa',0,'sadlfk;jasdioweoiphiopasdihop');
CREATE TABLE report_type (report_type_id INTEGER PRIMARY KEY AUTOINCREMENT, report_types TEXT NOT NULL DEFAULT '');
INSERT INTO report_type VALUES(1,'Narrative');
INSERT INTO report_type VALUES(2,'Outline');
INSERT INTO report_type VALUES(3,'Pedigree');
CREATE TABLE media_type (media_type_id INTEGER PRIMARY KEY AUTOINCREMENT, media_types TEXT NOT NULL DEFAULT '');
INSERT INTO media_type VALUES(1,'sound recording');
INSERT INTO media_type VALUES(2,'video recording');
INSERT INTO media_type VALUES(3,'home movie');
INSERT INTO media_type VALUES(4,'drawing');
INSERT INTO media_type VALUES(5,'painting');
CREATE TABLE chart_type (chart_type_id INTEGER PRIMARY KEY AUTOINCREMENT, chart_types TEXT NOT NULL DEFAULT '');
INSERT INTO chart_type VALUES(1,'descendant');
INSERT INTO chart_type VALUES(2,'ancestor');
INSERT INTO chart_type VALUES(3,'ancestor and descendant');
INSERT INTO chart_type VALUES(4,'relatives');
INSERT INTO chart_type VALUES(5,'fan');
CREATE TABLE project (project_id INTEGER PRIMARY KEY AUTOINCREMENT, projects TEXT NOT NULL DEFAULT '', project_summary TEXT);
CREATE TABLE to_do (to_do_id INTEGER PRIMARY KEY AUTOINCREMENT, to_dos TEXT NOT NULL DEFAULT '', priority INTEGER);
CREATE TABLE contact (contact_id INTEGER PRIMARY KEY AUTOINCREMENT, contact_name TEXT DEFAULT '', email TEXT default '', address TEXT DEFAULT '', phone TEXT DEFAULT '', cell TEXT DEFAULT '', website TEXT DEFAULT '', blog TEXT DEFAULT '', forum TEXT DEFAULT '', forum_handle TEXT DEFAULT '', ancestry_handle TEXT DEFAULT '', familysearch_handle TEXT DEFAULT '', findagrave_handle TEXT DEFAULT '', other1 TEXT DEFAULT '', other2 TEXT DEFAULT '', other3 TEXT DEFAULT '');
CREATE TABLE repository (repository_id INTEGER PRIMARY KEY AUTOINCREMENT, repository_name TEXT NOT NULL DEFAULT '', contact_name TEXT DEFAULT '', email TEXT default '', address TEXT DEFAULT '', phone TEXT DEFAULT '', cell TEXT DEFAULT '', website TEXT DEFAULT '', blog TEXT DEFAULT '', forum TEXT DEFAULT '', forum_handle TEXT DEFAULT '',  other1 TEXT DEFAULT '', other2 TEXT DEFAULT '', other3 TEXT DEFAULT '');
CREATE TABLE report (report_id INTEGER PRIMARY KEY AUTOINCREMENT, report_name TEXT NOT NULL DEFAULT '', report_type INTEGER, FOREIGN KEY (report_type) REFERENCES report_type (report_type_id));
CREATE TABLE media (media_id INTEGER PRIMARY KEY AUTOINCREMENT, media_name TEXT DEFAULT '', media_type INTEGER, FOREIGN KEY (media_type) REFERENCES media_type (media_type_id));
CREATE TABLE IF NOT EXISTS "images_elements" (images_elements_id INTEGER PRIMARY KEY AUTOINCREMENT, image_id INTEGER NOT NULL, main_image BOOLEAN NOT NULL DEFAULT 0, person_id INTEGER, place_id INTEGER, citation_id INTEGER, FOREIGN KEY (image_id) REFERENCES image (image_id), FOREIGN KEY (person_id) REFERENCES person (person_id), FOREIGN KEY (place_id) REFERENCES place (place_id), FOREIGN KEY (citation_id) REFERENCES citation (citation_id));
INSERT INTO images_elements VALUES(1,1,0,1,NULL,NULL);
INSERT INTO images_elements VALUES(2,2,0,1,NULL,NULL);
INSERT INTO images_elements VALUES(3,3,1,77,NULL,NULL);
INSERT INTO images_elements VALUES(4,4,1,6,NULL,NULL);
INSERT INTO images_elements VALUES(5,5,1,2,NULL,NULL);
INSERT INTO images_elements VALUES(9,3,1,88,NULL,NULL);
INSERT INTO images_elements VALUES(10,10,1,11,NULL,NULL);
INSERT INTO images_elements VALUES(12,12,1,5,NULL,NULL);
INSERT INTO images_elements VALUES(13,13,1,12,NULL,NULL);
INSERT INTO images_elements VALUES(15,16,0,1,NULL,NULL);
INSERT INTO images_elements VALUES(21,20,0,1,NULL,NULL);
INSERT INTO images_elements VALUES(22,21,0,1,NULL,NULL);
INSERT INTO images_elements VALUES(23,22,0,1,NULL,NULL);
INSERT INTO images_elements VALUES(24,23,0,1,NULL,NULL);
INSERT INTO images_elements VALUES(25,24,0,1,NULL,NULL);
INSERT INTO images_elements VALUES(26,25,1,1,NULL,NULL);
INSERT INTO images_elements VALUES(27,26,0,1,NULL,NULL);
INSERT INTO images_elements VALUES(289,6,1,4,NULL,NULL);
INSERT INTO images_elements VALUES(290,7,1,3,NULL,NULL);
INSERT INTO images_elements VALUES(291,28,1,NULL,2,NULL);
INSERT INTO images_elements VALUES(293,34,0,NULL,2,NULL);
INSERT INTO images_elements VALUES(294,35,0,NULL,10,NULL);
INSERT INTO images_elements VALUES(295,36,0,NULL,10,NULL);
INSERT INTO images_elements VALUES(296,37,1,NULL,4,NULL);
INSERT INTO images_elements VALUES(297,38,1,NULL,10,NULL);
INSERT INTO images_elements VALUES(298,39,1,NULL,6,NULL);
INSERT INTO images_elements VALUES(299,40,0,NULL,6,NULL);
INSERT INTO images_elements VALUES(300,27,1,NULL,7,NULL);
INSERT INTO images_elements VALUES(301,29,1,NULL,NULL,7);
INSERT INTO images_elements VALUES(302,30,1,NULL,NULL,8);
INSERT INTO images_elements VALUES(303,31,1,NULL,NULL,9);
INSERT INTO images_elements VALUES(304,32,1,NULL,NULL,10);
INSERT INTO images_elements VALUES(307,17,1,292,NULL,NULL);
INSERT INTO images_elements VALUES(308,17,1,293,NULL,NULL);
INSERT INTO images_elements VALUES(309,17,1,294,NULL,NULL);
INSERT INTO images_elements VALUES(310,17,1,295,NULL,NULL);
INSERT INTO images_elements VALUES(311,17,1,296,NULL,NULL);
INSERT INTO images_elements VALUES(312,17,1,297,NULL,NULL);
INSERT INTO images_elements VALUES(313,15,1,298,NULL,NULL);
INSERT INTO images_elements VALUES(314,17,1,299,NULL,NULL);
INSERT INTO images_elements VALUES(315,17,1,300,NULL,NULL);
INSERT INTO images_elements VALUES(316,15,1,301,NULL,NULL);
INSERT INTO images_elements VALUES(317,15,1,302,NULL,NULL);
INSERT INTO images_elements VALUES(318,15,1,303,NULL,NULL);
INSERT INTO images_elements VALUES(319,15,1,304,NULL,NULL);
INSERT INTO images_elements VALUES(320,15,1,305,NULL,NULL);
INSERT INTO images_elements VALUES(321,15,1,306,NULL,NULL);
INSERT INTO images_elements VALUES(322,17,1,307,NULL,NULL);
INSERT INTO images_elements VALUES(336,17,1,308,NULL,NULL);
INSERT INTO images_elements VALUES(339,17,1,309,NULL,NULL);
INSERT INTO images_elements VALUES(341,17,1,310,NULL,NULL);
INSERT INTO images_elements VALUES(342,15,1,311,NULL,NULL);
INSERT INTO images_elements VALUES(343,17,1,312,NULL,NULL);
INSERT INTO images_elements VALUES(344,14,1,317,NULL,NULL);
INSERT INTO images_elements VALUES(345,14,1,319,NULL,NULL);
INSERT INTO images_elements VALUES(346,14,1,322,NULL,NULL);
INSERT INTO images_elements VALUES(347,17,1,324,NULL,NULL);
INSERT INTO images_elements VALUES(348,14,1,326,NULL,NULL);
INSERT INTO images_elements VALUES(349,14,1,328,NULL,NULL);
INSERT INTO images_elements VALUES(353,14,1,331,NULL,NULL);
INSERT INTO images_elements VALUES(354,14,1,332,NULL,NULL);
INSERT INTO images_elements VALUES(355,14,1,333,NULL,NULL);
INSERT INTO images_elements VALUES(356,14,1,334,NULL,NULL);
INSERT INTO images_elements VALUES(357,14,1,335,NULL,NULL);
INSERT INTO images_elements VALUES(358,14,1,336,NULL,NULL);
INSERT INTO images_elements VALUES(359,14,1,340,NULL,NULL);
INSERT INTO images_elements VALUES(360,14,1,341,NULL,NULL);
INSERT INTO images_elements VALUES(361,14,1,342,NULL,NULL);
INSERT INTO images_elements VALUES(362,14,1,343,NULL,NULL);
INSERT INTO images_elements VALUES(363,14,1,344,NULL,NULL);
INSERT INTO images_elements VALUES(364,14,1,345,NULL,NULL);
INSERT INTO images_elements VALUES(365,14,1,346,NULL,NULL);
INSERT INTO images_elements VALUES(366,14,1,347,NULL,NULL);
INSERT INTO images_elements VALUES(367,14,1,348,NULL,NULL);
INSERT INTO images_elements VALUES(368,14,1,349,NULL,NULL);
INSERT INTO images_elements VALUES(369,14,1,350,NULL,NULL);
INSERT INTO images_elements VALUES(370,14,1,351,NULL,NULL);
INSERT INTO images_elements VALUES(371,14,1,352,NULL,NULL);
INSERT INTO images_elements VALUES(372,14,1,353,NULL,NULL);
INSERT INTO images_elements VALUES(373,14,1,354,NULL,NULL);
INSERT INTO images_elements VALUES(374,14,1,355,NULL,NULL);
INSERT INTO images_elements VALUES(375,14,1,356,NULL,NULL);
INSERT INTO images_elements VALUES(376,14,1,357,NULL,NULL);
INSERT INTO images_elements VALUES(377,14,1,358,NULL,NULL);
INSERT INTO images_elements VALUES(378,14,1,359,NULL,NULL);
INSERT INTO images_elements VALUES(379,14,1,360,NULL,NULL);
INSERT INTO images_elements VALUES(380,14,1,361,NULL,NULL);
INSERT INTO images_elements VALUES(381,14,1,362,NULL,NULL);
INSERT INTO images_elements VALUES(382,14,1,363,NULL,NULL);
INSERT INTO images_elements VALUES(383,14,1,364,NULL,NULL);
INSERT INTO images_elements VALUES(384,14,1,365,NULL,NULL);
INSERT INTO images_elements VALUES(385,14,1,366,NULL,NULL);
INSERT INTO images_elements VALUES(386,14,1,367,NULL,NULL);
INSERT INTO images_elements VALUES(387,14,1,368,NULL,NULL);
INSERT INTO images_elements VALUES(388,14,1,369,NULL,NULL);
INSERT INTO images_elements VALUES(389,14,1,370,NULL,NULL);
INSERT INTO images_elements VALUES(390,14,1,371,NULL,NULL);
INSERT INTO images_elements VALUES(391,14,1,372,NULL,NULL);
INSERT INTO images_elements VALUES(392,14,1,373,NULL,NULL);
INSERT INTO images_elements VALUES(393,14,1,374,NULL,NULL);
INSERT INTO images_elements VALUES(394,14,1,375,NULL,NULL);
INSERT INTO images_elements VALUES(395,14,1,376,NULL,NULL);
INSERT INTO images_elements VALUES(396,14,1,377,NULL,NULL);
INSERT INTO images_elements VALUES(397,14,1,378,NULL,NULL);
INSERT INTO images_elements VALUES(398,15,1,379,NULL,NULL);
INSERT INTO images_elements VALUES(399,15,1,380,NULL,NULL);
INSERT INTO images_elements VALUES(400,15,1,381,NULL,NULL);
INSERT INTO images_elements VALUES(401,15,1,382,NULL,NULL);
INSERT INTO images_elements VALUES(402,15,1,383,NULL,NULL);
INSERT INTO images_elements VALUES(403,14,1,384,NULL,NULL);
INSERT INTO images_elements VALUES(404,14,1,385,NULL,NULL);
INSERT INTO images_elements VALUES(405,17,1,386,NULL,NULL);
INSERT INTO images_elements VALUES(406,17,1,387,NULL,NULL);
INSERT INTO images_elements VALUES(407,17,1,388,NULL,NULL);
INSERT INTO images_elements VALUES(408,17,1,389,NULL,NULL);
INSERT INTO images_elements VALUES(409,17,1,390,NULL,NULL);
INSERT INTO images_elements VALUES(410,17,1,391,NULL,NULL);
INSERT INTO images_elements VALUES(411,17,1,392,NULL,NULL);
INSERT INTO images_elements VALUES(412,17,1,393,NULL,NULL);
INSERT INTO images_elements VALUES(413,17,1,394,NULL,NULL);
INSERT INTO images_elements VALUES(414,17,1,395,NULL,NULL);
INSERT INTO images_elements VALUES(416,15,1,398,NULL,NULL);
INSERT INTO images_elements VALUES(417,15,1,399,NULL,NULL);
INSERT INTO images_elements VALUES(418,15,1,400,NULL,NULL);
INSERT INTO images_elements VALUES(419,15,1,401,NULL,NULL);
INSERT INTO images_elements VALUES(420,15,1,402,NULL,NULL);
INSERT INTO images_elements VALUES(421,15,1,403,NULL,NULL);
INSERT INTO images_elements VALUES(422,15,1,404,NULL,NULL);
INSERT INTO images_elements VALUES(423,17,1,405,NULL,NULL);
INSERT INTO images_elements VALUES(424,15,1,406,NULL,NULL);
INSERT INTO images_elements VALUES(425,15,1,407,NULL,NULL);
INSERT INTO images_elements VALUES(426,15,1,408,NULL,NULL);
INSERT INTO images_elements VALUES(427,17,1,409,NULL,NULL);
INSERT INTO images_elements VALUES(428,15,1,410,NULL,NULL);
INSERT INTO images_elements VALUES(429,17,1,411,NULL,NULL);
INSERT INTO images_elements VALUES(430,17,1,412,NULL,NULL);
INSERT INTO images_elements VALUES(431,17,1,413,NULL,NULL);
INSERT INTO images_elements VALUES(432,17,1,414,NULL,NULL);
INSERT INTO images_elements VALUES(433,15,1,415,NULL,NULL);
INSERT INTO images_elements VALUES(434,15,1,416,NULL,NULL);
INSERT INTO images_elements VALUES(435,17,1,417,NULL,NULL);
INSERT INTO images_elements VALUES(436,15,1,418,NULL,NULL);
INSERT INTO images_elements VALUES(437,15,1,419,NULL,NULL);
INSERT INTO images_elements VALUES(438,17,1,420,NULL,NULL);
INSERT INTO images_elements VALUES(439,15,1,421,NULL,NULL);
INSERT INTO images_elements VALUES(440,17,1,422,NULL,NULL);
INSERT INTO images_elements VALUES(441,17,1,423,NULL,NULL);
INSERT INTO images_elements VALUES(442,17,1,424,NULL,NULL);
INSERT INTO images_elements VALUES(443,15,1,425,NULL,NULL);
INSERT INTO images_elements VALUES(444,17,1,426,NULL,NULL);
INSERT INTO images_elements VALUES(445,15,1,427,NULL,NULL);
INSERT INTO images_elements VALUES(446,15,1,428,NULL,NULL);
INSERT INTO images_elements VALUES(447,15,1,429,NULL,NULL);
INSERT INTO images_elements VALUES(448,15,1,430,NULL,NULL);
INSERT INTO images_elements VALUES(449,17,1,431,NULL,NULL);
INSERT INTO images_elements VALUES(450,15,1,432,NULL,NULL);
INSERT INTO images_elements VALUES(451,17,1,433,NULL,NULL);
INSERT INTO images_elements VALUES(452,17,1,434,NULL,NULL);
INSERT INTO images_elements VALUES(453,15,1,435,NULL,NULL);
INSERT INTO images_elements VALUES(455,15,1,437,NULL,NULL);
INSERT INTO images_elements VALUES(456,15,1,438,NULL,NULL);
INSERT INTO images_elements VALUES(458,15,1,440,NULL,NULL);
INSERT INTO images_elements VALUES(460,17,1,442,NULL,NULL);
INSERT INTO images_elements VALUES(461,15,1,443,NULL,NULL);
INSERT INTO images_elements VALUES(462,17,1,444,NULL,NULL);
INSERT INTO images_elements VALUES(464,14,1,447,NULL,NULL);
INSERT INTO images_elements VALUES(465,15,1,453,NULL,NULL);
INSERT INTO images_elements VALUES(466,17,1,456,NULL,NULL);
INSERT INTO images_elements VALUES(467,15,1,558,NULL,NULL);
INSERT INTO images_elements VALUES(468,17,1,559,NULL,NULL);
INSERT INTO images_elements VALUES(469,15,1,560,NULL,NULL);
INSERT INTO images_elements VALUES(470,15,1,561,NULL,NULL);
INSERT INTO images_elements VALUES(471,17,1,562,NULL,NULL);
INSERT INTO images_elements VALUES(472,15,1,563,NULL,NULL);
INSERT INTO images_elements VALUES(473,17,1,564,NULL,NULL);
INSERT INTO images_elements VALUES(474,15,1,565,NULL,NULL);
INSERT INTO images_elements VALUES(475,17,1,566,NULL,NULL);
INSERT INTO images_elements VALUES(476,15,1,567,NULL,NULL);
INSERT INTO images_elements VALUES(477,15,1,568,NULL,NULL);
INSERT INTO images_elements VALUES(478,15,1,569,NULL,NULL);
INSERT INTO images_elements VALUES(479,15,1,570,NULL,NULL);
INSERT INTO images_elements VALUES(480,17,1,571,NULL,NULL);
INSERT INTO images_elements VALUES(481,17,1,572,NULL,NULL);
INSERT INTO images_elements VALUES(482,15,1,573,NULL,NULL);
INSERT INTO images_elements VALUES(483,15,1,574,NULL,NULL);
INSERT INTO images_elements VALUES(484,15,1,575,NULL,NULL);
INSERT INTO images_elements VALUES(485,17,1,576,NULL,NULL);
INSERT INTO images_elements VALUES(486,17,1,577,NULL,NULL);
INSERT INTO images_elements VALUES(487,15,1,578,NULL,NULL);
INSERT INTO images_elements VALUES(488,15,1,579,NULL,NULL);
INSERT INTO images_elements VALUES(489,15,1,580,NULL,NULL);
INSERT INTO images_elements VALUES(490,15,1,581,NULL,NULL);
INSERT INTO images_elements VALUES(491,17,1,582,NULL,NULL);
INSERT INTO images_elements VALUES(492,15,1,583,NULL,NULL);
INSERT INTO images_elements VALUES(493,15,1,584,NULL,NULL);
INSERT INTO images_elements VALUES(494,15,1,585,NULL,NULL);
INSERT INTO images_elements VALUES(495,15,1,586,NULL,NULL);
INSERT INTO images_elements VALUES(496,17,1,587,NULL,NULL);
INSERT INTO images_elements VALUES(497,17,1,588,NULL,NULL);
INSERT INTO images_elements VALUES(498,15,1,589,NULL,NULL);
INSERT INTO images_elements VALUES(499,15,1,590,NULL,NULL);
INSERT INTO images_elements VALUES(500,17,1,591,NULL,NULL);
INSERT INTO images_elements VALUES(501,15,1,592,NULL,NULL);
INSERT INTO images_elements VALUES(502,17,1,593,NULL,NULL);
INSERT INTO images_elements VALUES(503,15,1,594,NULL,NULL);
INSERT INTO images_elements VALUES(504,17,1,595,NULL,NULL);
INSERT INTO images_elements VALUES(505,15,1,596,NULL,NULL);
INSERT INTO images_elements VALUES(506,15,1,597,NULL,NULL);
INSERT INTO images_elements VALUES(507,15,1,598,NULL,NULL);
INSERT INTO images_elements VALUES(508,15,1,599,NULL,NULL);
INSERT INTO images_elements VALUES(509,17,1,600,NULL,NULL);
INSERT INTO images_elements VALUES(510,17,1,601,NULL,NULL);
INSERT INTO images_elements VALUES(511,15,1,602,NULL,NULL);
INSERT INTO images_elements VALUES(512,17,1,603,NULL,NULL);
INSERT INTO images_elements VALUES(513,15,1,604,NULL,NULL);
INSERT INTO images_elements VALUES(514,17,1,605,NULL,NULL);
INSERT INTO images_elements VALUES(515,15,1,606,NULL,NULL);
INSERT INTO images_elements VALUES(516,17,1,607,NULL,NULL);
INSERT INTO images_elements VALUES(517,17,1,608,NULL,NULL);
INSERT INTO images_elements VALUES(518,17,1,609,NULL,NULL);
INSERT INTO images_elements VALUES(519,17,1,610,NULL,NULL);
INSERT INTO images_elements VALUES(520,15,1,611,NULL,NULL);
INSERT INTO images_elements VALUES(521,15,1,612,NULL,NULL);
INSERT INTO images_elements VALUES(522,17,1,613,NULL,NULL);
INSERT INTO images_elements VALUES(523,17,1,614,NULL,NULL);
INSERT INTO images_elements VALUES(524,17,1,615,NULL,NULL);
INSERT INTO images_elements VALUES(525,17,1,616,NULL,NULL);
INSERT INTO images_elements VALUES(526,17,1,617,NULL,NULL);
INSERT INTO images_elements VALUES(527,17,1,618,NULL,NULL);
INSERT INTO images_elements VALUES(528,17,1,619,NULL,NULL);
INSERT INTO images_elements VALUES(529,17,1,620,NULL,NULL);
INSERT INTO images_elements VALUES(530,17,1,621,NULL,NULL);
INSERT INTO images_elements VALUES(531,17,1,622,NULL,NULL);
INSERT INTO images_elements VALUES(533,17,1,624,NULL,NULL);
INSERT INTO images_elements VALUES(534,17,1,625,NULL,NULL);
INSERT INTO images_elements VALUES(535,17,1,626,NULL,NULL);
INSERT INTO images_elements VALUES(537,15,1,628,NULL,NULL);
INSERT INTO images_elements VALUES(538,15,1,629,NULL,NULL);
INSERT INTO images_elements VALUES(539,15,1,630,NULL,NULL);
INSERT INTO images_elements VALUES(540,17,1,631,NULL,NULL);
INSERT INTO images_elements VALUES(541,15,1,632,NULL,NULL);
INSERT INTO images_elements VALUES(542,17,1,633,NULL,NULL);
INSERT INTO images_elements VALUES(543,17,1,634,NULL,NULL);
INSERT INTO images_elements VALUES(544,17,1,635,NULL,NULL);
INSERT INTO images_elements VALUES(545,17,1,636,NULL,NULL);
INSERT INTO images_elements VALUES(546,17,1,637,NULL,NULL);
INSERT INTO images_elements VALUES(547,15,1,638,NULL,NULL);
INSERT INTO images_elements VALUES(550,17,1,5554,NULL,NULL);
INSERT INTO images_elements VALUES(551,15,1,5555,NULL,NULL);
INSERT INTO images_elements VALUES(552,15,1,5556,NULL,NULL);
INSERT INTO images_elements VALUES(553,17,1,5557,NULL,NULL);
INSERT INTO images_elements VALUES(554,15,1,5558,NULL,NULL);
INSERT INTO images_elements VALUES(555,15,1,5559,NULL,NULL);
INSERT INTO images_elements VALUES(556,15,1,5560,NULL,NULL);
INSERT INTO images_elements VALUES(557,17,1,5561,NULL,NULL);
INSERT INTO images_elements VALUES(558,15,1,5562,NULL,NULL);
INSERT INTO images_elements VALUES(559,17,1,5563,NULL,NULL);
INSERT INTO images_elements VALUES(561,15,1,5564,NULL,NULL);
INSERT INTO images_elements VALUES(562,15,1,5564,NULL,NULL);
INSERT INTO images_elements VALUES(563,15,1,5565,NULL,NULL);
INSERT INTO images_elements VALUES(564,15,1,5566,NULL,NULL);
INSERT INTO images_elements VALUES(565,15,1,5567,NULL,NULL);
INSERT INTO images_elements VALUES(566,17,1,5568,NULL,NULL);
INSERT INTO images_elements VALUES(567,17,1,5569,NULL,NULL);
INSERT INTO images_elements VALUES(568,15,1,5570,NULL,NULL);
INSERT INTO images_elements VALUES(569,15,1,5571,NULL,NULL);
INSERT INTO images_elements VALUES(570,14,1,5572,NULL,NULL);
INSERT INTO images_elements VALUES(571,15,1,5573,NULL,NULL);
INSERT INTO images_elements VALUES(572,14,1,5574,NULL,NULL);
INSERT INTO images_elements VALUES(574,14,1,5576,NULL,NULL);
INSERT INTO images_elements VALUES(576,14,1,5578,NULL,NULL);
INSERT INTO images_elements VALUES(578,14,1,5580,NULL,NULL);
INSERT INTO images_elements VALUES(579,14,1,5585,NULL,NULL);
INSERT INTO images_elements VALUES(580,14,1,5586,NULL,NULL);
INSERT INTO images_elements VALUES(581,14,1,5587,NULL,NULL);
INSERT INTO images_elements VALUES(582,14,1,5588,NULL,NULL);
INSERT INTO images_elements VALUES(583,14,1,5589,NULL,NULL);
INSERT INTO images_elements VALUES(584,14,1,5590,NULL,NULL);
INSERT INTO images_elements VALUES(587,14,1,5593,NULL,NULL);
INSERT INTO images_elements VALUES(588,14,1,5594,NULL,NULL);
INSERT INTO images_elements VALUES(589,14,1,5595,NULL,NULL);
INSERT INTO images_elements VALUES(591,14,1,5597,NULL,NULL);
INSERT INTO images_elements VALUES(593,14,1,5599,NULL,NULL);
INSERT INTO images_elements VALUES(594,14,1,5600,NULL,NULL);
INSERT INTO images_elements VALUES(595,14,1,5601,NULL,NULL);
INSERT INTO images_elements VALUES(596,14,1,5602,NULL,NULL);
INSERT INTO images_elements VALUES(597,14,1,5603,NULL,NULL);
INSERT INTO images_elements VALUES(598,14,1,5604,NULL,NULL);
INSERT INTO images_elements VALUES(599,14,1,5605,NULL,NULL);
INSERT INTO images_elements VALUES(600,14,1,5606,NULL,NULL);
INSERT INTO images_elements VALUES(602,14,1,5608,NULL,NULL);
INSERT INTO images_elements VALUES(604,14,1,5610,NULL,NULL);
INSERT INTO images_elements VALUES(605,14,1,5611,NULL,NULL);
INSERT INTO images_elements VALUES(606,14,1,5612,NULL,NULL);
INSERT INTO images_elements VALUES(607,14,1,5613,NULL,NULL);
INSERT INTO images_elements VALUES(608,14,1,5614,NULL,NULL);
INSERT INTO images_elements VALUES(609,14,1,5615,NULL,NULL);
INSERT INTO images_elements VALUES(610,14,1,5616,NULL,NULL);
INSERT INTO images_elements VALUES(611,14,1,5617,NULL,NULL);
INSERT INTO images_elements VALUES(612,14,1,5618,NULL,NULL);
INSERT INTO images_elements VALUES(613,14,1,5619,NULL,NULL);
INSERT INTO images_elements VALUES(614,14,1,5620,NULL,NULL);
INSERT INTO images_elements VALUES(615,14,1,5621,NULL,NULL);
INSERT INTO images_elements VALUES(616,14,1,5601,NULL,NULL);
INSERT INTO images_elements VALUES(617,14,1,5602,NULL,NULL);
INSERT INTO images_elements VALUES(618,14,1,5603,NULL,NULL);
INSERT INTO images_elements VALUES(619,14,1,5604,NULL,NULL);
INSERT INTO images_elements VALUES(620,14,1,5605,NULL,NULL);
INSERT INTO images_elements VALUES(621,14,1,5606,NULL,NULL);
INSERT INTO images_elements VALUES(623,14,1,5608,NULL,NULL);
INSERT INTO images_elements VALUES(625,14,1,5610,NULL,NULL);
INSERT INTO images_elements VALUES(626,15,1,5623,NULL,NULL);
INSERT INTO images_elements VALUES(627,15,1,5624,NULL,NULL);
INSERT INTO images_elements VALUES(628,15,1,5625,NULL,NULL);
INSERT INTO images_elements VALUES(629,14,1,5626,NULL,NULL);
INSERT INTO images_elements VALUES(630,14,1,5627,NULL,NULL);
INSERT INTO images_elements VALUES(632,17,1,5629,NULL,NULL);
INSERT INTO images_elements VALUES(633,15,1,5630,NULL,NULL);
INSERT INTO images_elements VALUES(634,14,1,5631,NULL,NULL);
INSERT INTO images_elements VALUES(635,47,1,5632,NULL,NULL);
INSERT INTO images_elements VALUES(637,15,1,5634,NULL,NULL);
INSERT INTO images_elements VALUES(638,15,1,5635,NULL,NULL);
INSERT INTO images_elements VALUES(639,17,1,5636,NULL,NULL);
INSERT INTO images_elements VALUES(640,17,1,5637,NULL,NULL);
INSERT INTO images_elements VALUES(641,14,1,5638,NULL,NULL);
INSERT INTO images_elements VALUES(642,15,1,5639,NULL,NULL);
INSERT INTO images_elements VALUES(643,17,1,5640,NULL,NULL);
INSERT INTO images_elements VALUES(644,14,1,5641,NULL,NULL);
INSERT INTO images_elements VALUES(645,15,1,5642,NULL,NULL);
INSERT INTO images_elements VALUES(646,15,1,5643,NULL,NULL);
INSERT INTO images_elements VALUES(647,17,1,5644,NULL,NULL);
INSERT INTO images_elements VALUES(648,14,1,5645,NULL,NULL);
INSERT INTO images_elements VALUES(649,15,1,5646,NULL,NULL);
INSERT INTO images_elements VALUES(650,15,1,5647,NULL,NULL);
INSERT INTO images_elements VALUES(653,15,1,5650,NULL,NULL);
INSERT INTO images_elements VALUES(654,15,1,5651,NULL,NULL);
INSERT INTO images_elements VALUES(655,17,1,5652,NULL,NULL);
INSERT INTO images_elements VALUES(656,17,1,5653,NULL,NULL);
INSERT INTO images_elements VALUES(657,15,1,5654,NULL,NULL);
INSERT INTO images_elements VALUES(658,15,1,5655,NULL,NULL);
INSERT INTO images_elements VALUES(659,14,1,5656,NULL,NULL);
INSERT INTO images_elements VALUES(660,17,1,5657,NULL,NULL);
INSERT INTO images_elements VALUES(661,17,1,5658,NULL,NULL);
INSERT INTO images_elements VALUES(662,17,1,5659,NULL,NULL);
INSERT INTO images_elements VALUES(663,15,1,5660,NULL,NULL);
INSERT INTO images_elements VALUES(664,15,1,5661,NULL,NULL);
INSERT INTO images_elements VALUES(665,17,1,5662,NULL,NULL);
INSERT INTO images_elements VALUES(666,17,1,5663,NULL,NULL);
INSERT INTO images_elements VALUES(667,15,1,5664,NULL,NULL);
INSERT INTO images_elements VALUES(668,17,1,5665,NULL,NULL);
INSERT INTO images_elements VALUES(669,17,1,5666,NULL,NULL);
INSERT INTO images_elements VALUES(670,17,1,5667,NULL,NULL);
INSERT INTO images_elements VALUES(671,15,1,5668,NULL,NULL);
INSERT INTO images_elements VALUES(672,15,1,5669,NULL,NULL);
INSERT INTO images_elements VALUES(673,17,1,5670,NULL,NULL);
INSERT INTO images_elements VALUES(674,15,1,5671,NULL,NULL);
INSERT INTO images_elements VALUES(675,15,1,5672,NULL,NULL);
INSERT INTO images_elements VALUES(676,17,1,5673,NULL,NULL);
INSERT INTO images_elements VALUES(677,15,1,5674,NULL,NULL);
INSERT INTO images_elements VALUES(678,15,1,5675,NULL,NULL);
INSERT INTO images_elements VALUES(679,15,1,5676,NULL,NULL);
INSERT INTO images_elements VALUES(680,17,1,5677,NULL,NULL);
INSERT INTO images_elements VALUES(681,15,1,5678,NULL,NULL);
INSERT INTO images_elements VALUES(682,17,1,5679,NULL,NULL);
INSERT INTO images_elements VALUES(683,17,1,5680,NULL,NULL);
INSERT INTO images_elements VALUES(684,15,1,5681,NULL,NULL);
INSERT INTO images_elements VALUES(686,17,1,5683,NULL,NULL);
INSERT INTO images_elements VALUES(687,15,1,5684,NULL,NULL);
INSERT INTO images_elements VALUES(688,17,1,5685,NULL,NULL);
INSERT INTO images_elements VALUES(689,17,1,5686,NULL,NULL);
INSERT INTO images_elements VALUES(690,15,1,5687,NULL,NULL);
INSERT INTO images_elements VALUES(691,15,1,5688,NULL,NULL);
INSERT INTO images_elements VALUES(692,15,1,5689,NULL,NULL);
INSERT INTO images_elements VALUES(693,17,1,5690,NULL,NULL);
INSERT INTO images_elements VALUES(694,17,1,5691,NULL,NULL);
INSERT INTO images_elements VALUES(695,15,1,5692,NULL,NULL);
INSERT INTO images_elements VALUES(696,17,1,5693,NULL,NULL);
INSERT INTO images_elements VALUES(697,17,1,5694,NULL,NULL);
INSERT INTO images_elements VALUES(698,17,1,5695,NULL,NULL);
INSERT INTO images_elements VALUES(699,15,1,5696,NULL,NULL);
INSERT INTO images_elements VALUES(700,17,1,5697,NULL,NULL);
INSERT INTO images_elements VALUES(701,15,1,5698,NULL,NULL);
INSERT INTO images_elements VALUES(702,17,1,5699,NULL,NULL);
INSERT INTO images_elements VALUES(703,17,1,5700,NULL,NULL);
INSERT INTO images_elements VALUES(704,15,1,5701,NULL,NULL);
INSERT INTO images_elements VALUES(705,17,1,5702,NULL,NULL);
INSERT INTO images_elements VALUES(706,15,1,5703,NULL,NULL);
INSERT INTO images_elements VALUES(707,15,1,5704,NULL,NULL);
INSERT INTO images_elements VALUES(708,17,1,5705,NULL,NULL);
INSERT INTO images_elements VALUES(709,14,1,5706,NULL,NULL);
INSERT INTO images_elements VALUES(710,15,1,5707,NULL,NULL);
INSERT INTO images_elements VALUES(711,14,1,5708,NULL,NULL);
INSERT INTO images_elements VALUES(712,17,1,5709,NULL,NULL);
INSERT INTO images_elements VALUES(713,15,1,5710,NULL,NULL);
INSERT INTO images_elements VALUES(714,14,1,5711,NULL,NULL);
INSERT INTO images_elements VALUES(715,14,1,5712,NULL,NULL);
INSERT INTO images_elements VALUES(716,14,1,5713,NULL,NULL);
INSERT INTO images_elements VALUES(717,15,1,5714,NULL,NULL);
INSERT INTO images_elements VALUES(718,17,1,5715,NULL,NULL);
INSERT INTO images_elements VALUES(719,17,1,5719,NULL,NULL);
INSERT INTO images_elements VALUES(720,15,1,5722,NULL,NULL);
INSERT INTO images_elements VALUES(721,17,1,5732,NULL,NULL);
INSERT INTO images_elements VALUES(722,15,1,5733,NULL,NULL);
INSERT INTO images_elements VALUES(723,15,1,5733,NULL,NULL);
INSERT INTO images_elements VALUES(724,15,1,5734,NULL,NULL);
INSERT INTO images_elements VALUES(725,15,1,5735,NULL,NULL);
INSERT INTO images_elements VALUES(726,17,1,5736,NULL,NULL);
INSERT INTO images_elements VALUES(727,14,1,5737,NULL,NULL);
INSERT INTO images_elements VALUES(728,15,1,5738,NULL,NULL);
INSERT INTO images_elements VALUES(729,15,1,5739,NULL,NULL);
INSERT INTO images_elements VALUES(730,15,1,5740,NULL,NULL);
INSERT INTO images_elements VALUES(731,14,1,5741,NULL,NULL);
INSERT INTO images_elements VALUES(732,14,1,5742,NULL,NULL);
INSERT INTO images_elements VALUES(733,15,1,5743,NULL,NULL);
INSERT INTO images_elements VALUES(734,17,1,5744,NULL,NULL);
INSERT INTO images_elements VALUES(735,15,1,5745,NULL,NULL);
INSERT INTO images_elements VALUES(736,17,1,5746,NULL,NULL);
INSERT INTO images_elements VALUES(738,15,1,5748,NULL,NULL);
INSERT INTO images_elements VALUES(739,15,1,5749,NULL,NULL);
INSERT INTO images_elements VALUES(740,17,1,5750,NULL,NULL);
INSERT INTO images_elements VALUES(741,17,1,5751,NULL,NULL);
INSERT INTO images_elements VALUES(742,17,1,5752,NULL,NULL);
INSERT INTO images_elements VALUES(743,17,1,5753,NULL,NULL);
INSERT INTO images_elements VALUES(744,15,1,5754,NULL,NULL);
INSERT INTO images_elements VALUES(745,17,1,5755,NULL,NULL);
INSERT INTO images_elements VALUES(746,35,0,1,NULL,NULL);
INSERT INTO images_elements VALUES(747,36,0,1,NULL,NULL);
INSERT INTO images_elements VALUES(748,37,0,1,NULL,NULL);
INSERT INTO images_elements VALUES(749,41,0,1,NULL,NULL);
INSERT INTO images_elements VALUES(750,28,0,1,NULL,NULL);
INSERT INTO images_elements VALUES(751,29,0,1,NULL,NULL);
INSERT INTO images_elements VALUES(752,30,0,1,NULL,NULL);
INSERT INTO images_elements VALUES(753,31,0,1,NULL,NULL);
INSERT INTO images_elements VALUES(754,32,0,1,NULL,NULL);
INSERT INTO images_elements VALUES(755,33,0,1,NULL,NULL);
INSERT INTO images_elements VALUES(756,34,0,1,NULL,NULL);
INSERT INTO images_elements VALUES(757,15,1,5756,NULL,NULL);
INSERT INTO images_elements VALUES(758,14,1,5757,NULL,NULL);
INSERT INTO images_elements VALUES(759,14,1,5758,NULL,NULL);
INSERT INTO images_elements VALUES(760,14,1,5759,NULL,NULL);
INSERT INTO images_elements VALUES(761,14,1,5760,NULL,NULL);
INSERT INTO images_elements VALUES(763,14,1,5762,NULL,NULL);
INSERT INTO images_elements VALUES(764,14,1,5763,NULL,NULL);
INSERT INTO images_elements VALUES(765,14,1,5764,NULL,NULL);
INSERT INTO images_elements VALUES(766,14,1,5765,NULL,NULL);
INSERT INTO images_elements VALUES(767,14,1,5766,NULL,NULL);
INSERT INTO images_elements VALUES(768,14,1,5767,NULL,NULL);
INSERT INTO images_elements VALUES(769,14,1,5768,NULL,NULL);
INSERT INTO images_elements VALUES(770,14,1,5769,NULL,NULL);
INSERT INTO images_elements VALUES(771,14,1,5770,NULL,NULL);
INSERT INTO images_elements VALUES(772,14,1,5771,NULL,NULL);
INSERT INTO images_elements VALUES(773,14,1,5772,NULL,NULL);
INSERT INTO images_elements VALUES(774,14,1,5773,NULL,NULL);
INSERT INTO images_elements VALUES(775,14,1,5774,NULL,NULL);
INSERT INTO images_elements VALUES(776,14,1,5775,NULL,NULL);
INSERT INTO images_elements VALUES(777,14,1,5776,NULL,NULL);
INSERT INTO images_elements VALUES(778,14,1,5777,NULL,NULL);
INSERT INTO images_elements VALUES(779,15,1,5778,NULL,NULL);
INSERT INTO images_elements VALUES(780,14,1,5779,NULL,NULL);
INSERT INTO images_elements VALUES(781,17,1,5780,NULL,NULL);
INSERT INTO images_elements VALUES(782,14,1,5781,NULL,NULL);
INSERT INTO images_elements VALUES(784,14,1,448,NULL,NULL);
INSERT INTO images_elements VALUES(785,14,1,449,NULL,NULL);
INSERT INTO images_elements VALUES(786,14,1,450,NULL,NULL);
INSERT INTO images_elements VALUES(787,14,1,451,NULL,NULL);
INSERT INTO images_elements VALUES(788,14,1,452,NULL,NULL);
INSERT INTO images_elements VALUES(789,14,1,454,NULL,NULL);
INSERT INTO images_elements VALUES(790,14,1,455,NULL,NULL);
INSERT INTO images_elements VALUES(791,14,1,457,NULL,NULL);
INSERT INTO images_elements VALUES(792,14,1,557,NULL,NULL);
INSERT INTO images_elements VALUES(793,14,1,556,NULL,NULL);
INSERT INTO images_elements VALUES(794,14,1,5581,NULL,NULL);
INSERT INTO images_elements VALUES(795,14,1,5582,NULL,NULL);
INSERT INTO images_elements VALUES(796,14,1,5583,NULL,NULL);
INSERT INTO images_elements VALUES(797,14,1,5584,NULL,NULL);
INSERT INTO images_elements VALUES(798,14,1,5622,NULL,NULL);
INSERT INTO images_elements VALUES(799,14,1,5716,NULL,NULL);
INSERT INTO images_elements VALUES(800,14,1,5717,NULL,NULL);
INSERT INTO images_elements VALUES(801,14,1,5718,NULL,NULL);
INSERT INTO images_elements VALUES(802,14,1,5720,NULL,NULL);
INSERT INTO images_elements VALUES(803,14,1,5721,NULL,NULL);
INSERT INTO images_elements VALUES(804,17,1,5782,NULL,NULL);
INSERT INTO images_elements VALUES(805,17,1,5783,NULL,NULL);
INSERT INTO images_elements VALUES(806,15,1,5784,NULL,NULL);
INSERT INTO images_elements VALUES(807,17,1,5785,NULL,NULL);
INSERT INTO images_elements VALUES(808,15,1,5786,NULL,NULL);
INSERT INTO images_elements VALUES(809,14,1,5787,NULL,NULL);
INSERT INTO images_elements VALUES(810,15,1,5788,NULL,NULL);
INSERT INTO images_elements VALUES(811,17,1,5789,NULL,NULL);
INSERT INTO images_elements VALUES(812,14,1,5790,NULL,NULL);
INSERT INTO images_elements VALUES(813,14,1,5791,NULL,NULL);
INSERT INTO images_elements VALUES(814,14,1,5792,NULL,NULL);
INSERT INTO images_elements VALUES(815,14,1,5793,NULL,NULL);
INSERT INTO images_elements VALUES(816,14,1,5794,NULL,NULL);
INSERT INTO images_elements VALUES(817,14,1,5795,NULL,NULL);
INSERT INTO images_elements VALUES(818,14,1,5796,NULL,NULL);
INSERT INTO images_elements VALUES(819,14,1,5797,NULL,NULL);
INSERT INTO images_elements VALUES(820,14,1,5798,NULL,NULL);
INSERT INTO images_elements VALUES(821,14,1,5794,NULL,NULL);
INSERT INTO images_elements VALUES(822,14,1,5794,NULL,NULL);
INSERT INTO images_elements VALUES(823,14,1,5795,NULL,NULL);
INSERT INTO images_elements VALUES(824,14,1,5794,NULL,NULL);
INSERT INTO images_elements VALUES(825,14,1,5795,NULL,NULL);
INSERT INTO images_elements VALUES(826,14,1,5796,NULL,NULL);
INSERT INTO images_elements VALUES(827,14,1,5797,NULL,NULL);
INSERT INTO images_elements VALUES(828,14,1,5798,NULL,NULL);
INSERT INTO images_elements VALUES(829,14,1,5799,NULL,NULL);
INSERT INTO images_elements VALUES(830,14,1,5800,NULL,NULL);
INSERT INTO images_elements VALUES(831,14,1,5801,NULL,NULL);
INSERT INTO images_elements VALUES(832,14,1,5802,NULL,NULL);
INSERT INTO images_elements VALUES(833,14,1,5803,NULL,NULL);
INSERT INTO images_elements VALUES(834,14,1,5804,NULL,NULL);
INSERT INTO images_elements VALUES(835,14,1,5805,NULL,NULL);
INSERT INTO images_elements VALUES(836,14,1,5806,NULL,NULL);
INSERT INTO images_elements VALUES(837,14,1,5807,NULL,NULL);
INSERT INTO images_elements VALUES(838,14,1,5808,NULL,NULL);
INSERT INTO images_elements VALUES(839,14,1,5809,NULL,NULL);
INSERT INTO images_elements VALUES(840,14,1,5810,NULL,NULL);
INSERT INTO images_elements VALUES(841,14,1,5811,NULL,NULL);
INSERT INTO images_elements VALUES(842,14,1,5812,NULL,NULL);
INSERT INTO images_elements VALUES(843,14,1,5813,NULL,NULL);
INSERT INTO images_elements VALUES(844,14,1,5814,NULL,NULL);
INSERT INTO images_elements VALUES(845,14,1,5815,NULL,NULL);
INSERT INTO images_elements VALUES(846,14,1,5816,NULL,NULL);
INSERT INTO images_elements VALUES(847,14,1,5817,NULL,NULL);
INSERT INTO images_elements VALUES(848,14,1,5818,NULL,NULL);
INSERT INTO images_elements VALUES(849,14,1,5819,NULL,NULL);
INSERT INTO images_elements VALUES(850,14,1,5820,NULL,NULL);
INSERT INTO images_elements VALUES(851,14,1,5821,NULL,NULL);
INSERT INTO images_elements VALUES(852,14,1,5822,NULL,NULL);
INSERT INTO images_elements VALUES(853,14,1,5823,NULL,NULL);
INSERT INTO images_elements VALUES(854,14,1,5824,NULL,NULL);
INSERT INTO images_elements VALUES(855,14,1,5825,NULL,NULL);
INSERT INTO images_elements VALUES(856,14,1,5826,NULL,NULL);
INSERT INTO images_elements VALUES(857,14,1,5827,NULL,NULL);
INSERT INTO images_elements VALUES(858,14,1,5828,NULL,NULL);
INSERT INTO images_elements VALUES(859,14,1,5829,NULL,NULL);
INSERT INTO images_elements VALUES(860,14,1,5830,NULL,NULL);
INSERT INTO images_elements VALUES(861,14,1,5831,NULL,NULL);
INSERT INTO images_elements VALUES(862,14,1,5832,NULL,NULL);
INSERT INTO images_elements VALUES(863,14,1,5833,NULL,NULL);
INSERT INTO images_elements VALUES(864,14,1,5834,NULL,NULL);
INSERT INTO images_elements VALUES(865,14,1,5835,NULL,NULL);
INSERT INTO images_elements VALUES(866,14,1,5836,NULL,NULL);
INSERT INTO images_elements VALUES(867,14,1,5837,NULL,NULL);
INSERT INTO images_elements VALUES(868,14,1,5838,NULL,NULL);
INSERT INTO images_elements VALUES(869,14,1,5839,NULL,NULL);
INSERT INTO images_elements VALUES(870,14,1,5840,NULL,NULL);
INSERT INTO images_elements VALUES(871,14,1,5841,NULL,NULL);
INSERT INTO images_elements VALUES(872,14,1,5842,NULL,NULL);
INSERT INTO images_elements VALUES(873,14,1,5843,NULL,NULL);
INSERT INTO images_elements VALUES(874,14,1,5844,NULL,NULL);
INSERT INTO images_elements VALUES(875,14,1,5845,NULL,NULL);
INSERT INTO images_elements VALUES(876,14,1,5846,NULL,NULL);
INSERT INTO images_elements VALUES(877,14,1,5847,NULL,NULL);
INSERT INTO images_elements VALUES(878,14,1,5848,NULL,NULL);
INSERT INTO images_elements VALUES(879,14,1,5849,NULL,NULL);
INSERT INTO images_elements VALUES(880,14,1,5850,NULL,NULL);
INSERT INTO images_elements VALUES(881,14,1,5851,NULL,NULL);
INSERT INTO images_elements VALUES(882,14,1,5852,NULL,NULL);
INSERT INTO images_elements VALUES(883,14,1,5853,NULL,NULL);
INSERT INTO images_elements VALUES(884,14,1,5854,NULL,NULL);
INSERT INTO images_elements VALUES(885,14,1,5855,NULL,NULL);
INSERT INTO images_elements VALUES(886,14,1,5856,NULL,NULL);
INSERT INTO images_elements VALUES(887,14,1,5857,NULL,NULL);
INSERT INTO images_elements VALUES(888,17,1,5858,NULL,NULL);
INSERT INTO images_elements VALUES(889,14,1,5859,NULL,NULL);
INSERT INTO images_elements VALUES(890,15,1,5860,NULL,NULL);
INSERT INTO images_elements VALUES(891,14,1,5861,NULL,NULL);
INSERT INTO images_elements VALUES(892,14,1,5862,NULL,NULL);
INSERT INTO images_elements VALUES(893,14,1,5863,NULL,NULL);
INSERT INTO images_elements VALUES(894,14,1,5864,NULL,NULL);
INSERT INTO images_elements VALUES(895,14,1,5865,NULL,NULL);
INSERT INTO images_elements VALUES(896,14,1,5866,NULL,NULL);
INSERT INTO images_elements VALUES(897,14,1,5867,NULL,NULL);
INSERT INTO images_elements VALUES(898,14,1,5868,NULL,NULL);
INSERT INTO images_elements VALUES(899,14,1,5869,NULL,NULL);
INSERT INTO images_elements VALUES(900,14,1,5870,NULL,NULL);
INSERT INTO images_elements VALUES(901,14,1,5871,NULL,NULL);
INSERT INTO images_elements VALUES(902,14,1,5872,NULL,NULL);
INSERT INTO images_elements VALUES(903,14,1,5873,NULL,NULL);
INSERT INTO images_elements VALUES(904,14,1,5874,NULL,NULL);
INSERT INTO images_elements VALUES(905,14,1,5875,NULL,NULL);
INSERT INTO images_elements VALUES(906,14,1,5876,NULL,NULL);
INSERT INTO images_elements VALUES(907,14,1,5877,NULL,NULL);
INSERT INTO images_elements VALUES(908,14,1,5878,NULL,NULL);
INSERT INTO images_elements VALUES(909,14,1,5879,NULL,NULL);
INSERT INTO images_elements VALUES(910,14,1,5880,NULL,NULL);
INSERT INTO images_elements VALUES(911,14,1,5881,NULL,NULL);
INSERT INTO images_elements VALUES(912,14,1,5882,NULL,NULL);
INSERT INTO images_elements VALUES(913,15,1,5883,NULL,NULL);
INSERT INTO images_elements VALUES(914,15,1,5884,NULL,NULL);
INSERT INTO images_elements VALUES(915,15,1,5885,NULL,NULL);
INSERT INTO images_elements VALUES(916,15,1,5886,NULL,NULL);
INSERT INTO images_elements VALUES(917,14,1,5887,NULL,NULL);
INSERT INTO images_elements VALUES(918,14,1,5888,NULL,NULL);
INSERT INTO images_elements VALUES(919,14,1,5889,NULL,NULL);
INSERT INTO images_elements VALUES(920,14,1,5890,NULL,NULL);
INSERT INTO images_elements VALUES(921,14,1,5891,NULL,NULL);
INSERT INTO images_elements VALUES(922,14,1,5892,NULL,NULL);
INSERT INTO images_elements VALUES(923,14,1,5893,NULL,NULL);
INSERT INTO images_elements VALUES(924,14,1,5894,NULL,NULL);
INSERT INTO images_elements VALUES(925,14,1,5895,NULL,NULL);
INSERT INTO images_elements VALUES(926,14,1,5896,NULL,NULL);
INSERT INTO images_elements VALUES(927,17,1,5897,NULL,NULL);
INSERT INTO images_elements VALUES(928,17,1,5898,NULL,NULL);
INSERT INTO images_elements VALUES(929,14,1,5899,NULL,NULL);
INSERT INTO images_elements VALUES(930,14,1,5900,NULL,NULL);
INSERT INTO images_elements VALUES(931,14,1,5901,NULL,NULL);
INSERT INTO images_elements VALUES(932,14,1,5902,NULL,NULL);
INSERT INTO images_elements VALUES(933,14,1,5903,NULL,NULL);
INSERT INTO images_elements VALUES(934,14,1,5904,NULL,NULL);
INSERT INTO images_elements VALUES(935,14,1,5905,NULL,NULL);
INSERT INTO images_elements VALUES(936,14,1,5906,NULL,NULL);
INSERT INTO images_elements VALUES(937,14,1,5907,NULL,NULL);
INSERT INTO images_elements VALUES(938,62,1,5908,NULL,NULL);
INSERT INTO images_elements VALUES(939,17,1,5909,NULL,NULL);
INSERT INTO images_elements VALUES(940,17,1,5910,NULL,NULL);
INSERT INTO images_elements VALUES(941,15,1,5911,NULL,NULL);
INSERT INTO images_elements VALUES(942,17,1,5912,NULL,NULL);
INSERT INTO images_elements VALUES(943,14,1,5913,NULL,NULL);
INSERT INTO images_elements VALUES(944,14,1,5914,NULL,NULL);
INSERT INTO images_elements VALUES(945,14,1,5915,NULL,NULL);
INSERT INTO images_elements VALUES(946,14,1,5916,NULL,NULL);
INSERT INTO images_elements VALUES(947,14,1,5917,NULL,NULL);
INSERT INTO images_elements VALUES(948,14,1,5918,NULL,NULL);
INSERT INTO images_elements VALUES(949,14,1,5919,NULL,NULL);
INSERT INTO images_elements VALUES(950,14,1,5920,NULL,NULL);
INSERT INTO images_elements VALUES(951,14,1,5921,NULL,NULL);
INSERT INTO images_elements VALUES(952,14,1,5922,NULL,NULL);
INSERT INTO images_elements VALUES(953,14,1,5923,NULL,NULL);
INSERT INTO images_elements VALUES(954,14,1,5924,NULL,NULL);
INSERT INTO images_elements VALUES(955,14,1,5925,NULL,NULL);
INSERT INTO images_elements VALUES(956,14,1,5926,NULL,NULL);
INSERT INTO images_elements VALUES(957,14,1,5927,NULL,NULL);
INSERT INTO images_elements VALUES(958,14,1,5928,NULL,NULL);
INSERT INTO images_elements VALUES(959,14,1,5929,NULL,NULL);
INSERT INTO images_elements VALUES(960,14,1,5930,NULL,NULL);
INSERT INTO images_elements VALUES(961,14,1,5931,NULL,NULL);
INSERT INTO images_elements VALUES(962,14,1,5932,NULL,NULL);
INSERT INTO images_elements VALUES(963,14,1,5933,NULL,NULL);
INSERT INTO images_elements VALUES(964,14,1,5934,NULL,NULL);
INSERT INTO images_elements VALUES(965,14,1,5935,NULL,NULL);
INSERT INTO images_elements VALUES(966,14,1,5936,NULL,NULL);
INSERT INTO images_elements VALUES(967,14,1,5937,NULL,NULL);
INSERT INTO images_elements VALUES(968,14,1,5938,NULL,NULL);
INSERT INTO images_elements VALUES(969,14,1,5939,NULL,NULL);
INSERT INTO images_elements VALUES(970,14,1,5940,NULL,NULL);
INSERT INTO images_elements VALUES(971,14,1,5941,NULL,NULL);
INSERT INTO images_elements VALUES(972,14,1,5942,NULL,NULL);
INSERT INTO images_elements VALUES(973,14,1,5943,NULL,NULL);
INSERT INTO images_elements VALUES(974,14,1,5944,NULL,NULL);
INSERT INTO images_elements VALUES(975,14,1,5945,NULL,NULL);
INSERT INTO images_elements VALUES(976,14,1,5946,NULL,NULL);
INSERT INTO images_elements VALUES(977,14,1,5947,NULL,NULL);
INSERT INTO images_elements VALUES(978,14,1,5948,NULL,NULL);
INSERT INTO images_elements VALUES(979,14,1,5949,NULL,NULL);
INSERT INTO images_elements VALUES(980,14,1,5950,NULL,NULL);
INSERT INTO images_elements VALUES(981,14,1,5951,NULL,NULL);
INSERT INTO images_elements VALUES(982,14,1,5952,NULL,NULL);
INSERT INTO images_elements VALUES(983,15,1,5953,NULL,NULL);
INSERT INTO images_elements VALUES(984,17,1,5954,NULL,NULL);
INSERT INTO images_elements VALUES(985,17,1,5955,NULL,NULL);
INSERT INTO images_elements VALUES(986,14,1,5956,NULL,NULL);
INSERT INTO images_elements VALUES(987,14,1,5957,NULL,NULL);
INSERT INTO images_elements VALUES(988,17,1,5958,NULL,NULL);
INSERT INTO images_elements VALUES(989,17,1,5959,NULL,NULL);
INSERT INTO images_elements VALUES(990,17,1,5960,NULL,NULL);
INSERT INTO images_elements VALUES(991,14,1,5961,NULL,NULL);
INSERT INTO images_elements VALUES(992,14,1,5962,NULL,NULL);
INSERT INTO images_elements VALUES(993,14,1,5963,NULL,NULL);
INSERT INTO images_elements VALUES(994,14,1,5964,NULL,NULL);
INSERT INTO images_elements VALUES(995,14,1,5965,NULL,NULL);
INSERT INTO images_elements VALUES(996,14,1,5966,NULL,NULL);
INSERT INTO images_elements VALUES(997,14,1,5967,NULL,NULL);
INSERT INTO images_elements VALUES(998,14,1,5968,NULL,NULL);
INSERT INTO images_elements VALUES(999,14,1,5969,NULL,NULL);
INSERT INTO images_elements VALUES(1000,14,1,5970,NULL,NULL);
INSERT INTO images_elements VALUES(1001,14,1,5971,NULL,NULL);
INSERT INTO images_elements VALUES(1002,14,1,5972,NULL,NULL);
INSERT INTO images_elements VALUES(1003,14,1,5973,NULL,NULL);
INSERT INTO images_elements VALUES(1004,14,1,5974,NULL,NULL);
INSERT INTO images_elements VALUES(1005,14,1,5975,NULL,NULL);
INSERT INTO images_elements VALUES(1006,14,1,5976,NULL,NULL);
INSERT INTO images_elements VALUES(1007,14,1,5977,NULL,NULL);
INSERT INTO images_elements VALUES(1008,14,1,5978,NULL,NULL);
INSERT INTO images_elements VALUES(1009,14,1,5979,NULL,NULL);
INSERT INTO images_elements VALUES(1010,14,1,5980,NULL,NULL);
INSERT INTO images_elements VALUES(1011,14,1,5981,NULL,NULL);
INSERT INTO images_elements VALUES(1012,14,1,5982,NULL,NULL);
INSERT INTO images_elements VALUES(1013,14,1,5983,NULL,NULL);
INSERT INTO images_elements VALUES(1014,14,1,5984,NULL,NULL);
INSERT INTO images_elements VALUES(1015,14,1,5985,NULL,NULL);
INSERT INTO images_elements VALUES(1016,14,1,5987,NULL,NULL);
INSERT INTO images_elements VALUES(1017,14,1,5988,NULL,NULL);
INSERT INTO images_elements VALUES(1018,14,1,5989,NULL,NULL);
INSERT INTO images_elements VALUES(1019,14,1,5990,NULL,NULL);
INSERT INTO images_elements VALUES(1020,14,1,5991,NULL,NULL);
INSERT INTO images_elements VALUES(1021,14,1,5992,NULL,NULL);
INSERT INTO images_elements VALUES(1022,14,1,5993,NULL,NULL);
INSERT INTO images_elements VALUES(1023,14,1,5994,NULL,NULL);
INSERT INTO images_elements VALUES(1024,14,1,5995,NULL,NULL);
INSERT INTO images_elements VALUES(1025,17,1,5996,NULL,NULL);
INSERT INTO images_elements VALUES(1026,14,1,5997,NULL,NULL);
INSERT INTO images_elements VALUES(1027,14,1,5998,NULL,NULL);
INSERT INTO images_elements VALUES(1028,14,1,5999,NULL,NULL);
INSERT INTO images_elements VALUES(1029,14,1,6000,NULL,NULL);
INSERT INTO images_elements VALUES(1030,14,1,6001,NULL,NULL);
INSERT INTO images_elements VALUES(1031,14,1,6002,NULL,NULL);
INSERT INTO images_elements VALUES(1032,14,1,6003,NULL,NULL);
INSERT INTO images_elements VALUES(1033,14,1,6004,NULL,NULL);
INSERT INTO images_elements VALUES(1034,14,1,6005,NULL,NULL);
INSERT INTO images_elements VALUES(1035,14,1,6006,NULL,NULL);
INSERT INTO images_elements VALUES(1036,14,1,6007,NULL,NULL);
INSERT INTO images_elements VALUES(1037,14,1,6008,NULL,NULL);
INSERT INTO images_elements VALUES(1038,14,1,6009,NULL,NULL);
INSERT INTO images_elements VALUES(1039,14,1,6010,NULL,NULL);
INSERT INTO images_elements VALUES(1040,14,1,6011,NULL,NULL);
INSERT INTO images_elements VALUES(1041,14,1,6012,NULL,NULL);
INSERT INTO images_elements VALUES(1042,14,1,6013,NULL,NULL);
INSERT INTO images_elements VALUES(1043,14,1,6014,NULL,NULL);
INSERT INTO images_elements VALUES(1044,14,1,6015,NULL,NULL);
INSERT INTO images_elements VALUES(1045,14,1,6016,NULL,NULL);
INSERT INTO images_elements VALUES(1046,14,1,6017,NULL,NULL);
INSERT INTO images_elements VALUES(1047,14,1,6018,NULL,NULL);
INSERT INTO images_elements VALUES(1048,14,1,6019,NULL,NULL);
INSERT INTO images_elements VALUES(1049,14,1,6020,NULL,NULL);
INSERT INTO images_elements VALUES(1050,14,1,6021,NULL,NULL);
INSERT INTO images_elements VALUES(1051,14,1,6022,NULL,NULL);
INSERT INTO images_elements VALUES(1052,14,1,6023,NULL,NULL);
INSERT INTO images_elements VALUES(1053,14,1,6024,NULL,NULL);
INSERT INTO images_elements VALUES(1054,14,1,6025,NULL,NULL);
INSERT INTO images_elements VALUES(1055,14,1,6026,NULL,NULL);
INSERT INTO images_elements VALUES(1056,14,1,6027,NULL,NULL);
INSERT INTO images_elements VALUES(1057,14,1,6028,NULL,NULL);
INSERT INTO images_elements VALUES(1058,14,1,6029,NULL,NULL);
INSERT INTO images_elements VALUES(1059,14,1,6030,NULL,NULL);
INSERT INTO images_elements VALUES(1060,14,1,6031,NULL,NULL);
INSERT INTO images_elements VALUES(1061,14,1,6032,NULL,NULL);
INSERT INTO images_elements VALUES(1062,14,1,6033,NULL,NULL);
INSERT INTO images_elements VALUES(1063,14,1,6034,NULL,NULL);
INSERT INTO images_elements VALUES(1064,14,1,6035,NULL,NULL);
INSERT INTO images_elements VALUES(1065,14,1,6036,NULL,NULL);
INSERT INTO images_elements VALUES(1066,14,1,6037,NULL,NULL);
INSERT INTO images_elements VALUES(1067,14,1,6038,NULL,NULL);
INSERT INTO images_elements VALUES(1068,14,1,6039,NULL,NULL);
INSERT INTO images_elements VALUES(1069,14,1,6040,NULL,NULL);
INSERT INTO images_elements VALUES(1070,14,1,6041,NULL,NULL);
INSERT INTO images_elements VALUES(1071,14,1,6042,NULL,NULL);
INSERT INTO images_elements VALUES(1072,14,1,6043,NULL,NULL);
INSERT INTO images_elements VALUES(1073,14,1,6044,NULL,NULL);
INSERT INTO images_elements VALUES(1074,14,1,6045,NULL,NULL);
INSERT INTO images_elements VALUES(1075,14,1,6046,NULL,NULL);
INSERT INTO images_elements VALUES(1076,14,1,6047,NULL,NULL);
INSERT INTO images_elements VALUES(1077,14,1,6048,NULL,NULL);
INSERT INTO images_elements VALUES(1078,14,1,6049,NULL,NULL);
INSERT INTO images_elements VALUES(1079,14,1,6050,NULL,NULL);
INSERT INTO images_elements VALUES(1080,14,1,6051,NULL,NULL);
INSERT INTO images_elements VALUES(1081,14,1,6052,NULL,NULL);
INSERT INTO images_elements VALUES(1082,14,1,6053,NULL,NULL);
INSERT INTO images_elements VALUES(1083,14,1,6054,NULL,NULL);
INSERT INTO images_elements VALUES(1084,14,1,6055,NULL,NULL);
INSERT INTO images_elements VALUES(1085,14,1,6056,NULL,NULL);
INSERT INTO images_elements VALUES(1086,14,1,6057,NULL,NULL);
INSERT INTO images_elements VALUES(1087,14,1,6058,NULL,NULL);
INSERT INTO images_elements VALUES(1088,14,1,6059,NULL,NULL);
INSERT INTO images_elements VALUES(1089,14,1,6060,NULL,NULL);
INSERT INTO images_elements VALUES(1090,14,1,6061,NULL,NULL);
INSERT INTO images_elements VALUES(1091,14,1,6062,NULL,NULL);
INSERT INTO images_elements VALUES(1092,14,1,6063,NULL,NULL);
INSERT INTO images_elements VALUES(1093,14,1,6064,NULL,NULL);
INSERT INTO images_elements VALUES(1094,14,1,6065,NULL,NULL);
INSERT INTO images_elements VALUES(1095,14,1,6066,NULL,NULL);
INSERT INTO images_elements VALUES(1096,14,1,6067,NULL,NULL);
INSERT INTO images_elements VALUES(1097,14,1,6068,NULL,NULL);
INSERT INTO images_elements VALUES(1098,14,1,6069,NULL,NULL);
INSERT INTO images_elements VALUES(1099,14,1,6070,NULL,NULL);
INSERT INTO images_elements VALUES(1100,14,1,6071,NULL,NULL);
INSERT INTO images_elements VALUES(1101,14,1,6072,NULL,NULL);
INSERT INTO images_elements VALUES(1102,14,1,6073,NULL,NULL);
INSERT INTO images_elements VALUES(1103,14,1,6074,NULL,NULL);
INSERT INTO images_elements VALUES(1104,14,1,6075,NULL,NULL);
INSERT INTO images_elements VALUES(1105,14,1,6076,NULL,NULL);
INSERT INTO images_elements VALUES(1106,14,1,6077,NULL,NULL);
INSERT INTO images_elements VALUES(1107,14,1,6078,NULL,NULL);
INSERT INTO images_elements VALUES(1108,14,1,6079,NULL,NULL);
INSERT INTO images_elements VALUES(1109,17,1,6080,NULL,NULL);
INSERT INTO images_elements VALUES(1110,14,1,6081,NULL,NULL);
INSERT INTO images_elements VALUES(1111,14,1,6082,NULL,NULL);
INSERT INTO images_elements VALUES(1112,14,1,6083,NULL,NULL);
INSERT INTO images_elements VALUES(1113,14,1,6084,NULL,NULL);
INSERT INTO images_elements VALUES(1114,14,1,6085,NULL,NULL);
INSERT INTO images_elements VALUES(1115,14,1,6086,NULL,NULL);
INSERT INTO images_elements VALUES(1116,14,1,6087,NULL,NULL);
INSERT INTO images_elements VALUES(1117,14,1,6088,NULL,NULL);
INSERT INTO images_elements VALUES(1118,14,1,6089,NULL,NULL);
INSERT INTO images_elements VALUES(1119,14,1,6090,NULL,NULL);
CREATE TABLE links_links (links_links_id INTEGER PRIMARY KEY AUTOINCREMENT, person_id INTEGER, places_places_id INTEGER, name_id INTEGER, source_id INTEGER, citation_id INTEGER, finding_id INTEGER, claim_id INTEGER, project_id INTEGER, to_do_id INTEGER, contact_id INTEGER, image_id INTEGER, note_id INTEGER, role_id INTEGER, repository_id INTEGER, report_id, INTEGER, chart_id INTEGER, media_id INTEGER, FOREIGN KEY (person_id) REFERENCES person (person_id), FOREIGN KEY (places_places_id) REFERENCES places_places (places_places_id), FOREIGN KEY (name_id) REFERENCES name (name_id), FOREIGN KEY (source_id) REFERENCES source (source_id), FOREIGN KEY (citation_id) REFERENCES citation (citation_id), FOREIGN KEY (finding_id) REFERENCES finding (finding_id), FOREIGN KEY (claim_id) REFERENCES claim (claim_id), FOREIGN KEY (project_id) REFERENCES project (project_id), FOREIGN KEY (to_do_id) REFERENCES to_do (to_do_id), FOREIGN KEY (contact_id) REFERENCES contact (contact_id), FOREIGN KEY (image_id) REFERENCES image (image_id), FOREIGN KEY (note_id) REFERENCES note (note_id), FOREIGN KEY (role_id) REFERENCES role (role_id), FOREIGN KEY (repository_id) REFERENCES repository (repository_id), FOREIGN KEY (report_id) REFERENCES report (report_id), FOREIGN KEY (chart_id) REFERENCES chart (chart_id), FOREIGN KEY (media_id) REFERENCES media (media_id));
CREATE TABLE persons_persons (persons_persons_id INTEGER PRIMARY KEY AUTOINCREMENT, person_id1 INTEGER DEFAULT null, person_id2 INTEGER DEFAULT null, FOREIGN KEY (person_id1) REFERENCES person (person_id), FOREIGN KEY (person_id2) REFERENCES person (person_id));
INSERT INTO persons_persons VALUES(1,1,6);
INSERT INTO persons_persons VALUES(2,1,6);
INSERT INTO persons_persons VALUES(3,2,3);
INSERT INTO persons_persons VALUES(4,1,6);
INSERT INTO persons_persons VALUES(5,1,6);
INSERT INTO persons_persons VALUES(6,5,4);
INSERT INTO persons_persons VALUES(7,387,77);
INSERT INTO persons_persons VALUES(8,615,88);
INSERT INTO persons_persons VALUES(9,2,3);
INSERT INTO persons_persons VALUES(10,6026,6001);
INSERT INTO persons_persons VALUES(11,5595,421);
INSERT INTO persons_persons VALUES(12,5595,421);
INSERT INTO persons_persons VALUES(13,5593,NULL);
INSERT INTO persons_persons VALUES(14,NULL,5599);
INSERT INTO persons_persons VALUES(15,NULL,5600);
INSERT INTO persons_persons VALUES(16,294,5754);
INSERT INTO persons_persons VALUES(17,12,5599);
INSERT INTO persons_persons VALUES(18,5631,5734);
INSERT INTO persons_persons VALUES(19,12,6);
INSERT INTO persons_persons VALUES(20,12,6);
INSERT INTO persons_persons VALUES(21,5588,5766);
INSERT INTO persons_persons VALUES(22,5588,5777);
INSERT INTO persons_persons VALUES(23,5588,5778);
INSERT INTO persons_persons VALUES(24,5588,5779);
INSERT INTO persons_persons VALUES(25,12,5635);
INSERT INTO persons_persons VALUES(26,12,6060);
INSERT INTO persons_persons VALUES(27,12,5735);
INSERT INTO persons_persons VALUES(28,5719,5773);
INSERT INTO persons_persons VALUES(29,NULL,NULL);
INSERT INTO persons_persons VALUES(30,NULL,NULL);
INSERT INTO persons_persons VALUES(31,NULL,NULL);
INSERT INTO persons_persons VALUES(33,NULL,NULL);
INSERT INTO persons_persons VALUES(34,NULL,NULL);
INSERT INTO persons_persons VALUES(35,NULL,NULL);
INSERT INTO persons_persons VALUES(36,NULL,NULL);
INSERT INTO persons_persons VALUES(37,NULL,NULL);
INSERT INTO persons_persons VALUES(38,6024,5999);
INSERT INTO persons_persons VALUES(39,6080,6087);
INSERT INTO persons_persons VALUES(40,NULL,NULL);
INSERT INTO persons_persons VALUES(41,NULL,NULL);
INSERT INTO persons_persons VALUES(42,5,4);
INSERT INTO persons_persons VALUES(43,5807,5808);
INSERT INTO persons_persons VALUES(44,5806,5805);
INSERT INTO persons_persons VALUES(45,5826,NULL);
INSERT INTO persons_persons VALUES(46,5827,NULL);
INSERT INTO persons_persons VALUES(47,5828,NULL);
INSERT INTO persons_persons VALUES(48,5829,5831);
INSERT INTO persons_persons VALUES(49,5832,NULL);
INSERT INTO persons_persons VALUES(50,5833,5836);
INSERT INTO persons_persons VALUES(51,5851,5835);
INSERT INTO persons_persons VALUES(69,NULL,NULL);
INSERT INTO persons_persons VALUES(70,NULL,NULL);
INSERT INTO persons_persons VALUES(71,NULL,NULL);
INSERT INTO persons_persons VALUES(74,NULL,NULL);
INSERT INTO persons_persons VALUES(75,NULL,NULL);
INSERT INTO persons_persons VALUES(76,5810,5842);
INSERT INTO persons_persons VALUES(77,5817,5837);
INSERT INTO persons_persons VALUES(78,5843,NULL);
INSERT INTO persons_persons VALUES(79,5844,NULL);
INSERT INTO persons_persons VALUES(80,5826,5830);
INSERT INTO persons_persons VALUES(81,5827,5847);
INSERT INTO persons_persons VALUES(82,5823,5798);
INSERT INTO persons_persons VALUES(83,5819,5792);
INSERT INTO persons_persons VALUES(84,NULL,NULL);
INSERT INTO persons_persons VALUES(85,5841,558);
INSERT INTO persons_persons VALUES(86,5848,5849);
INSERT INTO persons_persons VALUES(87,5850,NULL);
INSERT INTO persons_persons VALUES(88,5851,NULL);
INSERT INTO persons_persons VALUES(93,5855,5854);
INSERT INTO persons_persons VALUES(94,5856,NULL);
INSERT INTO persons_persons VALUES(95,5854,5856);
INSERT INTO persons_persons VALUES(96,5858,5859);
INSERT INTO persons_persons VALUES(97,5858,5859);
INSERT INTO persons_persons VALUES(98,5861,5862);
INSERT INTO persons_persons VALUES(99,5863,5864);
INSERT INTO persons_persons VALUES(100,5865,5866);
INSERT INTO persons_persons VALUES(101,5867,5868);
INSERT INTO persons_persons VALUES(102,5869,5870);
INSERT INTO persons_persons VALUES(103,5872,5871);
INSERT INTO persons_persons VALUES(104,5873,6088);
INSERT INTO persons_persons VALUES(105,5875,5876);
INSERT INTO persons_persons VALUES(106,5877,5878);
INSERT INTO persons_persons VALUES(107,5880,5879);
INSERT INTO persons_persons VALUES(108,5881,NULL);
INSERT INTO persons_persons VALUES(109,5856,5854);
INSERT INTO persons_persons VALUES(110,12,450);
INSERT INTO persons_persons VALUES(185,12,303);
INSERT INTO persons_persons VALUES(186,620,584);
INSERT INTO persons_persons VALUES(187,5688,NULL);
INSERT INTO persons_persons VALUES(188,5851,435);
INSERT INTO persons_persons VALUES(189,5635,12);
INSERT INTO persons_persons VALUES(190,2,NULL);
INSERT INTO persons_persons VALUES(191,2,5971);
INSERT INTO persons_persons VALUES(192,NULL,NULL);
INSERT INTO persons_persons VALUES(193,NULL,NULL);
INSERT INTO persons_persons VALUES(194,5974,5975);
INSERT INTO persons_persons VALUES(195,5983,5977);
INSERT INTO persons_persons VALUES(196,5978,NULL);
INSERT INTO persons_persons VALUES(198,NULL,NULL);
INSERT INTO persons_persons VALUES(199,5755,NULL);
INSERT INTO persons_persons VALUES(200,NULL,NULL);
INSERT INTO persons_persons VALUES(201,5799,NULL);
INSERT INTO persons_persons VALUES(202,NULL,5639);
INSERT INTO persons_persons VALUES(213,NULL,NULL);
INSERT INTO persons_persons VALUES(215,5599,6029);
INSERT INTO persons_persons VALUES(216,5599,6030);
INSERT INTO persons_persons VALUES(217,5599,6031);
INSERT INTO persons_persons VALUES(218,5599,6032);
INSERT INTO persons_persons VALUES(219,5599,6033);
INSERT INTO persons_persons VALUES(220,5599,6034);
INSERT INTO persons_persons VALUES(221,5599,6035);
INSERT INTO persons_persons VALUES(222,5599,293);
INSERT INTO persons_persons VALUES(223,5599,293);
INSERT INTO persons_persons VALUES(224,5599,6036);
INSERT INTO persons_persons VALUES(225,6037,6041);
INSERT INTO persons_persons VALUES(226,NULL,5696);
INSERT INTO persons_persons VALUES(227,6046,NULL);
INSERT INTO persons_persons VALUES(228,6044,6045);
INSERT INTO persons_persons VALUES(238,306,293);
INSERT INTO persons_persons VALUES(245,306,6042);
INSERT INTO persons_persons VALUES(246,306,6042);
INSERT INTO persons_persons VALUES(247,293,5696);
INSERT INTO persons_persons VALUES(249,6049,6050);
INSERT INTO persons_persons VALUES(250,293,5587);
INSERT INTO persons_persons VALUES(251,617,11);
INSERT INTO persons_persons VALUES(252,6050,NULL);
INSERT INTO persons_persons VALUES(253,6042,NULL);
INSERT INTO persons_persons VALUES(254,5959,NULL);
INSERT INTO persons_persons VALUES(255,6042,311);
INSERT INTO persons_persons VALUES(256,6036,5599);
INSERT INTO persons_persons VALUES(257,6036,6038);
INSERT INTO persons_persons VALUES(258,6052,6053);
INSERT INTO persons_persons VALUES(265,6025,NULL);
INSERT INTO persons_persons VALUES(266,6025,NULL);
INSERT INTO persons_persons VALUES(267,6025,NULL);
INSERT INTO persons_persons VALUES(268,6025,6058);
INSERT INTO persons_persons VALUES(272,5739,12);
INSERT INTO persons_persons VALUES(273,12,5735);
INSERT INTO persons_persons VALUES(274,6076,NULL);
INSERT INTO persons_persons VALUES(275,386,NULL);
INSERT INTO persons_persons VALUES(276,386,NULL);
INSERT INTO persons_persons VALUES(277,295,5759);
INSERT INTO persons_persons VALUES(278,NULL,NULL);
INSERT INTO persons_persons VALUES(279,NULL,5759);
INSERT INTO persons_persons VALUES(280,5588,5779);
INSERT INTO persons_persons VALUES(281,5588,5779);
INSERT INTO persons_persons VALUES(282,5588,5777);
INSERT INTO persons_persons VALUES(283,5588,5766);
INSERT INTO persons_persons VALUES(284,5588,5778);
INSERT INTO persons_persons VALUES(285,5588,5779);
INSERT INTO persons_persons VALUES(286,5588,5779);
INSERT INTO persons_persons VALUES(287,6084,6083);
CREATE TABLE IF NOT EXISTS "findings_persons" (findings_persons_id INTEGER PRIMARY KEY AUTOINCREMENT, finding_id INTEGER NOT NULL, age1 TEXT NOT NULL DEFAULT '', kin_type_id1 INTEGER, age2 TEXT NOT NULL DEFAULT '', kin_type_id2 INTEGER, persons_persons_id INTEGER NOT NULL REFERENCES persons_persons (persons_persons_id), FOREIGN KEY (finding_id) REFERENCES finding (finding_id), FOREIGN KEY (kin_type_id1) REFERENCES kin_type (kin_type_id), FOREIGN KEY (kin_type_id2) REFERENCES kin_type (kin_type_id));
INSERT INTO findings_persons VALUES(1,5,'25',9,'24',9,1);
INSERT INTO findings_persons VALUES(2,9,'24',9,'25',9,2);
INSERT INTO findings_persons VALUES(3,1,'33',2,'42',1,3);
INSERT INTO findings_persons VALUES(4,7,'28',2,'29',1,4);
INSERT INTO findings_persons VALUES(5,8,'28',2,'29',1,5);
INSERT INTO findings_persons VALUES(6,28,'',2,'35',1,6);
INSERT INTO findings_persons VALUES(7,6,'32',131,'40',131,42);
INSERT INTO findings_persons VALUES(8,477,'19',9,'22',9,7);
INSERT INTO findings_persons VALUES(9,478,'',2,'',1,8);
INSERT INTO findings_persons VALUES(10,562,'25',8,'31',7,9);
INSERT INTO findings_persons VALUES(11,128,'',2,'',1,10);
INSERT INTO findings_persons VALUES(17,574,'38',25,'29',24,11);
INSERT INTO findings_persons VALUES(21,581,'38',8,'23',7,12);
INSERT INTO findings_persons VALUES(22,582,'28',16,'23',17,13);
INSERT INTO findings_persons VALUES(24,587,'29',18,'23',19,15);
INSERT INTO findings_persons VALUES(68,631,'29',8,'30',7,16);
INSERT INTO findings_persons VALUES(71,635,'30',2,'28',1,18);
INSERT INTO findings_persons VALUES(72,646,'19',8,'29',7,19);
INSERT INTO findings_persons VALUES(73,649,'19',8,'23',7,20);
INSERT INTO findings_persons VALUES(80,658,'',128,'',9,21);
INSERT INTO findings_persons VALUES(90,660,'',128,'',129,22);
INSERT INTO findings_persons VALUES(91,664,'19',128,'18',129,23);
INSERT INTO findings_persons VALUES(92,666,'29',128,'',129,24);
INSERT INTO findings_persons VALUES(93,668,'35',2,'',1,25);
INSERT INTO findings_persons VALUES(96,671,'99',2,'',1,27);
INSERT INTO findings_persons VALUES(99,873,'',2,'',1,28);
INSERT INTO findings_persons VALUES(100,1040,'',2,'',1,29);
INSERT INTO findings_persons VALUES(101,863,'',2,'',1,30);
INSERT INTO findings_persons VALUES(102,686,'',2,'',1,31);
INSERT INTO findings_persons VALUES(104,970,'',2,'',1,33);
INSERT INTO findings_persons VALUES(105,927,'',2,'',1,34);
INSERT INTO findings_persons VALUES(106,861,'',2,'',1,35);
INSERT INTO findings_persons VALUES(107,981,'',2,'',1,36);
INSERT INTO findings_persons VALUES(108,699,'',2,'',1,37);
INSERT INTO findings_persons VALUES(109,1023,'',2,'',1,38);
INSERT INTO findings_persons VALUES(110,126,'',2,'',1,39);
INSERT INTO findings_persons VALUES(111,901,'',2,'',1,40);
INSERT INTO findings_persons VALUES(112,1068,'',2,'',1,41);
INSERT INTO findings_persons VALUES(113,1069,'',111,'',112,43);
INSERT INTO findings_persons VALUES(114,1070,'42',121,'40',122,44);
INSERT INTO findings_persons VALUES(115,855,'',2,'',1,48);
INSERT INTO findings_persons VALUES(116,1077,'',2,'',NULL,49);
INSERT INTO findings_persons VALUES(117,1080,'',2,'',1,50);
INSERT INTO findings_persons VALUES(118,1081,'',2,'',NULL,51);
INSERT INTO findings_persons VALUES(131,1085,'',110,'',110,69);
INSERT INTO findings_persons VALUES(132,1086,'',130,'',130,70);
INSERT INTO findings_persons VALUES(133,1087,'',120,'',120,71);
INSERT INTO findings_persons VALUES(135,1088,'',110,'',110,74);
INSERT INTO findings_persons VALUES(136,1089,'',120,'',120,75);
INSERT INTO findings_persons VALUES(137,1090,'',120,'',120,76);
INSERT INTO findings_persons VALUES(138,681,'',2,'',1,77);
INSERT INTO findings_persons VALUES(139,1097,'',111,'',112,78);
INSERT INTO findings_persons VALUES(140,1099,'',110,'',110,79);
INSERT INTO findings_persons VALUES(141,1101,'',121,'',122,80);
INSERT INTO findings_persons VALUES(142,667,'',2,'',1,81);
INSERT INTO findings_persons VALUES(143,1103,'',130,'',130,82);
INSERT INTO findings_persons VALUES(144,1104,'',110,'',112,83);
INSERT INTO findings_persons VALUES(146,1105,'',121,'',122,85);
INSERT INTO findings_persons VALUES(147,1075,'',2,'',1,86);
INSERT INTO findings_persons VALUES(148,1109,'',2,'',NULL,87);
INSERT INTO findings_persons VALUES(149,1111,'',110,'',110,88);
INSERT INTO findings_persons VALUES(154,1120,'',2,'',1,93);
INSERT INTO findings_persons VALUES(155,1121,'',110,'',110,94);
INSERT INTO findings_persons VALUES(156,1123,'',128,'',129,95);
INSERT INTO findings_persons VALUES(157,1118,'',2,'',1,96);
INSERT INTO findings_persons VALUES(158,1127,'',2,'',1,97);
INSERT INTO findings_persons VALUES(159,1126,'',2,'',1,98);
INSERT INTO findings_persons VALUES(160,1128,'',2,'',1,99);
INSERT INTO findings_persons VALUES(161,1131,'',2,'',1,100);
INSERT INTO findings_persons VALUES(162,1133,'',2,'',1,101);
INSERT INTO findings_persons VALUES(163,1135,'',2,'',1,102);
INSERT INTO findings_persons VALUES(164,1137,'',2,'',1,103);
INSERT INTO findings_persons VALUES(165,1138,'',2,'',1,104);
INSERT INTO findings_persons VALUES(166,1141,'',2,'',1,105);
INSERT INTO findings_persons VALUES(167,1142,'',2,'',1,106);
INSERT INTO findings_persons VALUES(168,1145,'',2,'',1,107);
INSERT INTO findings_persons VALUES(169,1146,'',2,'',NULL,108);
INSERT INTO findings_persons VALUES(170,1149,'',2,'',1,109);
INSERT INTO findings_persons VALUES(171,871,'',2,'',1,110);
INSERT INTO findings_persons VALUES(246,1150,'',2,'',1,185);
INSERT INTO findings_persons VALUES(247,788,'',2,'',1,186);
INSERT INTO findings_persons VALUES(248,791,'',2,'',1,187);
INSERT INTO findings_persons VALUES(249,951,'',2,'',1,188);
INSERT INTO findings_persons VALUES(250,1236,'28',128,'30',129,189);
INSERT INTO findings_persons VALUES(251,1243,'',2,'',NULL,190);
INSERT INTO findings_persons VALUES(252,1245,'',2,'',1,191);
INSERT INTO findings_persons VALUES(253,1247,'',NULL,'',1,192);
INSERT INTO findings_persons VALUES(254,1248,'',2,'',NULL,193);
INSERT INTO findings_persons VALUES(255,1249,'',2,'',1,194);
INSERT INTO findings_persons VALUES(256,1250,'',2,'',1,195);
INSERT INTO findings_persons VALUES(257,1253,'',2,'',NULL,196);
INSERT INTO findings_persons VALUES(259,1261,'',2,'',NULL,198);
INSERT INTO findings_persons VALUES(260,990,'',2,'',NULL,199);
INSERT INTO findings_persons VALUES(261,1006,'',2,'',NULL,200);
INSERT INTO findings_persons VALUES(262,1259,'',2,'',NULL,201);
INSERT INTO findings_persons VALUES(263,826,'',NULL,'',1,202);
INSERT INTO findings_persons VALUES(274,1312,'',128,'',129,213);
INSERT INTO findings_persons VALUES(276,1318,'',128,'',129,215);
INSERT INTO findings_persons VALUES(277,1320,'',128,'',129,216);
INSERT INTO findings_persons VALUES(278,1322,'',128,'',129,217);
INSERT INTO findings_persons VALUES(279,1324,'',128,'',129,218);
INSERT INTO findings_persons VALUES(280,1326,'',128,'',129,219);
INSERT INTO findings_persons VALUES(281,1328,'',128,'',129,220);
INSERT INTO findings_persons VALUES(282,1330,'',128,'',129,221);
INSERT INTO findings_persons VALUES(283,1333,'19',128,'29',129,222);
INSERT INTO findings_persons VALUES(284,1334,'',128,'',129,223);
INSERT INTO findings_persons VALUES(285,1336,'29',128,'26',129,224);
INSERT INTO findings_persons VALUES(286,1411,'',2,'',1,225);
INSERT INTO findings_persons VALUES(287,1337,'',2,'',1,226);
INSERT INTO findings_persons VALUES(288,1344,'',120,'',122,227);
INSERT INTO findings_persons VALUES(289,1345,'',130,'',130,228);
INSERT INTO findings_persons VALUES(299,1355,'',128,'',129,238);
INSERT INTO findings_persons VALUES(306,1359,'',128,'',129,245);
INSERT INTO findings_persons VALUES(307,1360,'',128,'',129,246);
INSERT INTO findings_persons VALUES(308,1362,'',128,'22',129,247);
INSERT INTO findings_persons VALUES(310,724,'',2,'',1,249);
INSERT INTO findings_persons VALUES(311,1368,'',2,'',1,250);
INSERT INTO findings_persons VALUES(312,1369,'',120,'',120,251);
INSERT INTO findings_persons VALUES(313,1371,'19',128,'',129,252);
INSERT INTO findings_persons VALUES(314,680,'',2,'',NULL,253);
INSERT INTO findings_persons VALUES(315,1342,'',2,'',1,254);
INSERT INTO findings_persons VALUES(316,1310,'',2,'',1,255);
INSERT INTO findings_persons VALUES(317,1372,'',128,'39',129,256);
INSERT INTO findings_persons VALUES(318,1373,'',128,'28',129,257);
INSERT INTO findings_persons VALUES(319,1374,'',121,'',122,258);
INSERT INTO findings_persons VALUES(326,1378,'',128,'',129,265);
INSERT INTO findings_persons VALUES(327,1379,'',128,'',129,266);
INSERT INTO findings_persons VALUES(328,1380,'',128,'',129,267);
INSERT INTO findings_persons VALUES(329,1384,'',128,'',129,268);
INSERT INTO findings_persons VALUES(333,1389,'18',128,'28',129,272);
INSERT INTO findings_persons VALUES(334,872,'',2,'',1,273);
INSERT INTO findings_persons VALUES(335,1405,'',2,'',NULL,274);
INSERT INTO findings_persons VALUES(336,1407,'28',128,'18',129,275);
INSERT INTO findings_persons VALUES(337,1408,'28',128,'28',129,276);
INSERT INTO findings_persons VALUES(338,1409,'28',128,'38',129,277);
INSERT INTO findings_persons VALUES(339,829,'',NULL,'',1,278);
INSERT INTO findings_persons VALUES(340,1410,'',NULL,'',1,279);
INSERT INTO findings_persons VALUES(341,690,'',2,'',1,280);
INSERT INTO findings_persons VALUES(342,1218,'',2,'',1,281);
INSERT INTO findings_persons VALUES(343,1208,'',2,'',1,282);
INSERT INTO findings_persons VALUES(344,1216,'',2,'',1,283);
INSERT INTO findings_persons VALUES(345,1265,'',2,'',1,284);
INSERT INTO findings_persons VALUES(346,1415,'',2,'',1,285);
INSERT INTO findings_persons VALUES(347,1224,'',2,'',1,286);
INSERT INTO findings_persons VALUES(348,550,'',2,'',1,287);
CREATE TABLE IF NOT EXISTS "name" (name_id INTEGER PRIMARY KEY AUTOINCREMENT, person_id INTEGER NOT NULL, names TEXT NOT NULL, name_type_id INTEGER NOT NULL DEFAULT 18, sort_order TEXT NOT NULL, used_by TEXT NOT NULL DEFAULT '', FOREIGN KEY (person_id) REFERENCES person (person_id), FOREIGN KEY (name_type_id) REFERENCES name_type (name_type_id));
INSERT INTO name VALUES(1,1,'Jeremiah Laurence Grimaldo',1,'Grimaldo, Jeremiah Laurence','');
INSERT INTO name VALUES(4,1,'8897652',4,'8897652','');
INSERT INTO name VALUES(5,1,'G-Man',12,'G-Man','');
INSERT INTO name VALUES(6,1,'Jerry Grimm',8,'Grimm, Jerry','');
INSERT INTO name VALUES(19,2,'Riccardo Saverio Grimaldo',1,'Grimaldo, Riccardo Saverio','');
INSERT INTO name VALUES(25,5,'Donald Wiley Webb',1,'Webb, Donald Wiley','');
INSERT INTO name VALUES(27,6,'Ronnie Webb',1,'Webb, Ronnie','');
INSERT INTO name VALUES(30,77,'Patricia Grimaldo',1,'Grimaldo, Patricia','');
INSERT INTO name VALUES(33,88,'Christiana Dalia Grimaldo',1,'Grimaldo, Christiana Dalia','');
INSERT INTO name VALUES(40,11,'Emelda Edwina Dorothy Rosas',1,'Jones, Salacious Spartina','');
INSERT INTO name VALUES(43,12,'James Woodland',2,'Woodland, James','');
INSERT INTO name VALUES(64,6,'Miss Polly Pianissimo',11,'Pianissimo, Miss Polly','');
INSERT INTO name VALUES(1367,4,'Maria Tabitha Mullinax',1,'Mullinax, Maria Tabitha','');
INSERT INTO name VALUES(1368,3,'Bellissa Ricci',1,'Ricci, Bellissa','');
INSERT INTO name VALUES(1371,292,'Darrell Bernard Arthur',1,'Arthur, Darrell Bernard','');
INSERT INTO name VALUES(1372,293,'Heriberto Theriot',1,'Theriot, Heriberto','');
INSERT INTO name VALUES(1373,294,'Horatio Jeffry Wynne',1,'Wynne, Horatio Jeffry','');
INSERT INTO name VALUES(1374,295,'Emilio Gerard Frantz',1,'Frantz, Emilio Gerard','');
INSERT INTO name VALUES(1375,296,'Andrew Ellsworth Van Zandt',1,'Van Zandt, Andrew Ellsworth','');
INSERT INTO name VALUES(1376,297,'Edward Riley Bordeaux',1,'Bordeaux, Edward Riley','');
INSERT INTO name VALUES(1377,298,'Anastasia Knoll',1,'Knoll, Anastasia','');
INSERT INTO name VALUES(1378,299,'Roger Bunker',1,'Bunker, Roger','');
INSERT INTO name VALUES(1379,300,'Michael Vaughn Beamer',1,'Beamer, Michael Vaughn','');
INSERT INTO name VALUES(1380,301,'Eleonora Renee Forbes',1,'Forbes, Eleonora Renee','');
INSERT INTO name VALUES(1381,302,'Kirstin Leslie Forbes',1,'Forbes, Kirstin Leslie','');
INSERT INTO name VALUES(1382,303,'Nilda Sunny Whitacre',1,'Whitacre, Nilda Sunny','');
INSERT INTO name VALUES(1383,304,'Sunny Renay Hodgdon',1,'Hodgdon, Sunny Renay','');
INSERT INTO name VALUES(1384,305,'Audra Annice Olszewski',1,'Olszewski, Audra Annice','');
INSERT INTO name VALUES(1385,306,'Candice Kyra Petit',1,'Petit, Candice Kyra','');
INSERT INTO name VALUES(1386,307,'Joseph Blaine Hollingshead',1,'Hollingshead, Joseph Blaine','');
INSERT INTO name VALUES(1387,3,'Bella S. Ritchey',2,'Ritchey, Bella S.','');
INSERT INTO name VALUES(1388,3,'Belle Richey',15,'Richey, Belle','');
INSERT INTO name VALUES(1389,308,'Christian Irving Buff',1,'Buff, Christian Irving','');
INSERT INTO name VALUES(1390,1,'Gerry Grimaldi',9,'Grimaldi, Gerry','');
INSERT INTO name VALUES(1391,1,'Geronimo Gramaldo',9,'Gramaldo, Geronimo','');
INSERT INTO name VALUES(1392,309,'Wally Walton Webb',1,'Webb, Wally Walton','');
INSERT INTO name VALUES(1393,5,'Donny Boxer',12,'Boxer, Donny','');
INSERT INTO name VALUES(1394,310,'Suzy Myrtis Rost',1,'Rost, Suzy Myrtis','');
INSERT INTO name VALUES(1395,311,'Floy Dannie Paul',1,'Paul, Floy Dannie','');
INSERT INTO name VALUES(1396,312,'Isaac E. Boyd',1,'Boyd, Isaac E.','');
INSERT INTO name VALUES(1398,322,'Lana Mariah C. Dunlap',1,'Dunlap, Lana Mariah C.','');
INSERT INTO name VALUES(1399,324,'Hipolito Roscoe Haggard',1,'Haggard, Hipolito Roscoe','');
INSERT INTO name VALUES(1448,379,'Alice Blakely',1,'Blakely, Alice','');
INSERT INTO name VALUES(1449,380,'Jennie O''Donnell',1,'O''Donnell, Jennie','');
INSERT INTO name VALUES(1450,381,'Greta Rae Randell',1,'Randell, Greta Rae','');
INSERT INTO name VALUES(1451,382,'Frances Eleanor Brandon',1,'Brandon, Frances Eleanor','');
INSERT INTO name VALUES(1452,383,'Bobbie Heilmann',1,'Heilmann, Bobbie','');
INSERT INTO name VALUES(1453,384,'Omer Oren Andresen',1,'Andresen, Omer Oren','');
INSERT INTO name VALUES(1454,385,'Elvin Frederick Berg',1,'Berg, Elvin Frederick','');
INSERT INTO name VALUES(1455,386,'Ervin Stephan Newll',1,'Newll, Ervin Stephan','');
INSERT INTO name VALUES(1456,387,'Kurtis Rudolf Long',1,'Long, Kurtis Rudolf','');
INSERT INTO name VALUES(1457,388,'Harley Stewart Naughton',1,'Naughton, Harley Stewart','');
INSERT INTO name VALUES(1458,389,'Robert E. Harrell',1,'Harrell, Robert E.','');
INSERT INTO name VALUES(1459,390,'Burt Cristobal Bryce',1,'Bryce, Burt Cristobal','');
INSERT INTO name VALUES(1460,391,'Kasey Miles Reardon',1,'Reardon, Kasey Miles','');
INSERT INTO name VALUES(1461,392,'Ronald R Troutman',1,'Troutman, Ronald R','');
INSERT INTO name VALUES(1462,393,'Rodolfo Otto Mcgrew',1,'Mcgrew, Rodolfo Otto','');
INSERT INTO name VALUES(1463,394,'Giovanni Friez',1,'Friez, Giovanni','');
INSERT INTO name VALUES(1464,395,'Byron Merrill Kunkel',1,'Kunkel, Byron Merrill','');
INSERT INTO name VALUES(1466,398,'Nelia Letty Kunkel',1,'Kunkel, Nelia Letty','');
INSERT INTO name VALUES(1467,399,'Patricia Tynes',1,'Tynes, Patricia','');
INSERT INTO name VALUES(1468,400,'Rowena Weiser',1,'Weiser, Rowena','');
INSERT INTO name VALUES(1469,401,'Madelaine Adah Ditto',1,'Ditto, Madelaine Adah','');
INSERT INTO name VALUES(1470,402,'Sybil Summer Haight',1,'Haight, Sybil Summer','');
INSERT INTO name VALUES(1471,403,'Kristan Isa Oney',1,'Oney, Kristan Isa','');
INSERT INTO name VALUES(1472,404,'Shirely Latrice Robeson',1,'Robeson, Shirely Latrice','');
INSERT INTO name VALUES(1473,405,'Adam Wilfred Obryan',1,'Obryan, Adam Wilfred','');
INSERT INTO name VALUES(1474,406,'Melonie Pine',1,'Pine, Melonie','');
INSERT INTO name VALUES(1475,407,'Nichole Lala Newkirk',1,'Newkirk, Nichole Lala','');
INSERT INTO name VALUES(1476,408,'Candida Caceres',1,'Caceres, Candida','');
INSERT INTO name VALUES(1477,409,'Milan Lamont Cunningham',1,'Cunningham, Milan Lamont','');
INSERT INTO name VALUES(1478,410,'Liberty Lavonia Valley',1,'Valley, Liberty Lavonia','');
INSERT INTO name VALUES(1479,411,'Julio Silveira',1,'Silveira, Julio','');
INSERT INTO name VALUES(1480,412,'Elisha Williams Charley Norris',1,'Norris, Elisha Williams Charley','');
INSERT INTO name VALUES(1481,413,'Alec Eli Zimmermann',1,'Zimmermann, Alec Eli','');
INSERT INTO name VALUES(1482,414,'Darrin Zack Pollard',1,'Pollard, Darrin Zack','');
INSERT INTO name VALUES(1483,415,'Laverna Conlon',1,'Conlon, Laverna','');
INSERT INTO name VALUES(1484,416,'Marcella Sanda Corrales',1,'Corrales, Marcella Sanda','');
INSERT INTO name VALUES(1486,418,'Marquetta Edie Cabrera',1,'Cabrera, Marquetta Edie','');
INSERT INTO name VALUES(1487,419,'Bula Jeanette Donaldson',1,'Donaldson, Bula Jeanette','');
INSERT INTO name VALUES(1488,420,'Buck Cooksey',1,'Cooksey, Buck','');
INSERT INTO name VALUES(1489,421,'Yasmin Rubi Shiver',1,'Shiver, Yasmin Rubi','');
INSERT INTO name VALUES(1490,422,'Armando Edmundo Lemon',1,'Lemon, Armando Edmundo','');
INSERT INTO name VALUES(1491,423,'Mikel Sebastian Horta',1,'Horta, Mikel Sebastian','');
INSERT INTO name VALUES(1492,424,'Aron Morton Weiser',1,'Weiser, Aron Morton','');
INSERT INTO name VALUES(1493,425,'Sally Catarina Cummings',1,'Cummings, Sally Catarina','');
INSERT INTO name VALUES(1494,426,'Buford Odell Fussell',1,'Fussell, Buford Odell','');
INSERT INTO name VALUES(1495,427,'Fidela Meghann Privett',1,'Privett, Fidela Meghann','');
INSERT INTO name VALUES(1496,428,'Noel Throckmorton',1,'Throckmorton, Noel','');
INSERT INTO name VALUES(1497,429,'Chloe Akiko Treadway',1,'Treadway, Chloe Akiko','');
INSERT INTO name VALUES(1498,430,'Lucienne DeCicco',1,'DeCicco, Lucienne','');
INSERT INTO name VALUES(1499,431,'Leon Joseph Schuster',1,'Schuster, Leon Joseph','');
INSERT INTO name VALUES(1500,432,'Lovella Hagans',1,'Hagans, Lovella','');
INSERT INTO name VALUES(1501,433,'Rodolfo Ben Fulton',1,'Fulton, Rodolfo Ben','');
INSERT INTO name VALUES(1502,434,'Carmen Joaquin Lamm',1,'Lamm, Carmen Joaquin','');
INSERT INTO name VALUES(1503,435,'Laquita Rolande Tammara Collado',1,'Collado, Laquita Rolande Tammara','');
INSERT INTO name VALUES(1505,437,'Loria Fidela Soto',1,'Soto, Loria Fidela','');
INSERT INTO name VALUES(1506,438,'Rosena Poteet',1,'Poteet, Rosena','');
INSERT INTO name VALUES(1508,440,'Kayleigh Eulalia Shamblin',1,'Shamblin, Kayleigh Eulalia','');
INSERT INTO name VALUES(1510,442,'Monte Gonzalo Coker',1,'Coker, Monte Gonzalo','');
INSERT INTO name VALUES(1511,443,'Lanora Zimmermann',1,'Zimmermann, Lanora','');
INSERT INTO name VALUES(1512,444,'Luther Clark Birdsall',1,'Birdsall, Luther Clark','');
INSERT INTO name VALUES(1515,448,'Shane Miles Rossiter',1,'Shane Miles Rossiter','');
INSERT INTO name VALUES(1516,449,'Lauren Mary Gillum',1,'Lauren Mary Gillum','');
INSERT INTO name VALUES(1517,450,'Retha Stedman',1,'Retha Stedman','');
INSERT INTO name VALUES(1518,451,'Bradley Anderson',1,'Bradley Anderson','');
INSERT INTO name VALUES(1519,452,'Santina Steffens',1,'Santina Steffens','');
INSERT INTO name VALUES(1520,453,'Santina Steffens',1,'Steffens, Santina','');
INSERT INTO name VALUES(1521,454,'Loren Cornell Trask',1,'Loren Cornell Trask','');
INSERT INTO name VALUES(1522,455,'Jonas Tyler Bouton',1,'Jonas Tyler Bouton','');
INSERT INTO name VALUES(1523,456,'Jonas Tyler Bouton',1,'Bouton, Jonas Tyler','');
INSERT INTO name VALUES(1524,457,'Crista Gertrudis Nygaard',1,'Crista Gertrudis Nygaard','');
INSERT INTO name VALUES(1525,556,'Carol Piper Swearingen',1,'Carol Piper Swearingen','');
INSERT INTO name VALUES(1526,557,'Paz Candyce Keesee',1,'Paz Candyce Keesee','');
INSERT INTO name VALUES(1527,558,'Cherish Maribel Terra Vanpelt',1,'Vanpelt, Cherish Maribel Terra','');
INSERT INTO name VALUES(1528,559,'Marion Roland Atkinson',1,'Atkinson, Marion Roland','');
INSERT INTO name VALUES(1529,560,'Charline Nelly Field',1,'Field, Charline Nelly','');
INSERT INTO name VALUES(1530,561,'Berta Madie Medley',1,'Medley, Berta Madie','');
INSERT INTO name VALUES(1531,562,'Modesto Shelton Ferrante',1,'Ferrante, Modesto Shelton','');
INSERT INTO name VALUES(1532,563,'Adrianne Maura Sackett',1,'Sackett, Adrianne Maura','');
INSERT INTO name VALUES(1533,564,'Rory Thad Fritz',1,'Fritz, Rory Thad','');
INSERT INTO name VALUES(1534,565,'Margarette Gertha Finnell',1,'Finnell, Margarette Gertha','');
INSERT INTO name VALUES(1535,566,'Mack Kiefer',1,'Kiefer, Mack','');
INSERT INTO name VALUES(1536,567,'Naida Belew',1,'Belew, Naida','');
INSERT INTO name VALUES(1537,568,'Alise Bertsch',1,'Bertsch, Alise','');
INSERT INTO name VALUES(1538,569,'Doretta Pearlene Hernandez',1,'Hernandez, Doretta Pearlene','');
INSERT INTO name VALUES(1539,570,'Arleen Metzler',1,'Metzler, Arleen','');
INSERT INTO name VALUES(1540,571,'Kelvin Gene Saechao',1,'Saechao, Kelvin Gene','');
INSERT INTO name VALUES(1541,572,'Nathan Conrad Whelan',1,'Whelan, Nathan Conrad','');
INSERT INTO name VALUES(1542,573,'Lela Faviola Hathcock',1,'Hathcock, Lela Faviola','');
INSERT INTO name VALUES(1543,574,'Cherry Watkins',1,'Watkins, Cherry','');
INSERT INTO name VALUES(1544,575,'Sarah Crumpett',1,'Crumpett, Sarah','');
INSERT INTO name VALUES(1545,576,'Ali McQuade',1,'McQuade, Ali','');
INSERT INTO name VALUES(1546,577,'Dan Maximo Demars',1,'Demars, Dan Maximo','');
INSERT INTO name VALUES(1547,578,'Davida Loraine',1,'Loraine, Davida','');
INSERT INTO name VALUES(1548,579,'Katina Ayana Dixon',1,'Dixon, Katina Ayana','');
INSERT INTO name VALUES(1549,580,'Leonora Julianne Joplin',1,'Joplin, Leonora Julianne','');
INSERT INTO name VALUES(1550,581,'Yer Davenport',1,'Davenport, Yer','');
INSERT INTO name VALUES(1551,582,'Shane Purifoy',1,'Purifoy, Shane','');
INSERT INTO name VALUES(1552,583,'Apolonia Eda Florio',1,'Florio, Apolonia Eda','');
INSERT INTO name VALUES(1553,584,'Pok Terica Bonar',1,'Bonar, Pok Terica','');
INSERT INTO name VALUES(1554,585,'Merrilee Binford',1,'Binford, Merrilee','');
INSERT INTO name VALUES(1555,586,'Regina Woodruff',1,'Woodruff, Regina','');
INSERT INTO name VALUES(1556,587,'Valentin Rhea',1,'Rhea, Valentin','');
INSERT INTO name VALUES(1557,588,'Sylvester Feaster',1,'Feaster, Sylvester','');
INSERT INTO name VALUES(1558,589,'Monique Jade Tarver',1,'Tarver, Monique Jade','');
INSERT INTO name VALUES(1559,590,'Diana Zoila Wyrick',1,'Wyrick, Diana Zoila','');
INSERT INTO name VALUES(1560,591,'Miles Coy Doby',1,'Doby, Miles Coy','');
INSERT INTO name VALUES(1561,592,'Gretchen Theressa Sherell',1,'Sherell, Gretchen Theressa','');
INSERT INTO name VALUES(1562,593,'Jeremiah Wilhoit',1,'Wilhoit, Jeremiah','');
INSERT INTO name VALUES(1563,594,'Maurita Nila McCrory',1,'McCrory, Maurita Nila','');
INSERT INTO name VALUES(1564,595,'Merrill Li',1,'Li, Merrill','');
INSERT INTO name VALUES(1565,596,'Minerva McHenry',1,'McHenry, Minerva','');
INSERT INTO name VALUES(1566,597,'Audry Betty Ann Fredette',1,'Fredette, Audry Betty Ann','');
INSERT INTO name VALUES(1567,598,'Inger Mona Geist',1,'Geist, Inger Mona','');
INSERT INTO name VALUES(1568,599,'Khalilah Candice Blaine',1,'Blaine, Khalilah Candice','');
INSERT INTO name VALUES(1569,600,'Terence Rupe',1,'Rupe, Terence','');
INSERT INTO name VALUES(1570,601,'Nick Kilby',1,'Kilby, Nick','');
INSERT INTO name VALUES(1571,602,'Marianela Gina Ferrante',1,'Ferrante, Marianela Gina','');
INSERT INTO name VALUES(1572,603,'Jake Hyman Nilson',1,'Nilson, Jake Hyman','');
INSERT INTO name VALUES(1573,604,'Glory Burma Lakey',1,'Lakey, Glory Burma','');
INSERT INTO name VALUES(1574,605,'Loren Jim Schaeffer',1,'Schaeffer, Loren Jim','');
INSERT INTO name VALUES(1575,606,'Dakota Rafaela Hatter',1,'Hatter, Dakota Rafaela','');
INSERT INTO name VALUES(1576,607,'Casey Medlock',1,'Medlock, Casey','');
INSERT INTO name VALUES(1577,608,'Valentin Felix Elvin',1,'Elvin, Valentin Felix','');
INSERT INTO name VALUES(1578,609,'Casey Medlocks',1,'Medlocks, Casey','');
INSERT INTO name VALUES(1579,610,'Edmond Boothe',1,'Boothe, Edmond','');
INSERT INTO name VALUES(1580,611,'Marion Kenisha Rossi',1,'Rossi, Marion Kenisha','');
INSERT INTO name VALUES(1581,612,'Irina Hamel',1,'Hamel, Irina','');
INSERT INTO name VALUES(1582,613,'Jay Emmett',1,'Emmett, Jay','');
INSERT INTO name VALUES(1583,614,'William Russell Hazel',1,'Hazel, William Russell','');
INSERT INTO name VALUES(1584,615,'Ryan Walton Eubanks',1,'Eubanks, Ryan Walton','');
INSERT INTO name VALUES(1585,616,'Kermit Pierre Davis McNary',1,'McNary, Kermit Pierre Davis','');
INSERT INTO name VALUES(1586,617,'Clarence Medlock',1,'Medlock, Clarence','');
INSERT INTO name VALUES(1587,618,'Joseph Herbert Winston Cournoyer',1,'Cournoyer, Joseph Herbert Winston','');
INSERT INTO name VALUES(1588,619,'Steven Spring',1,'Spring, Steven','');
INSERT INTO name VALUES(1589,620,'Quentin Raul Huyette',1,'Huyette, Quentin Raul','');
INSERT INTO name VALUES(1590,621,'Conrad Rufus Loudermilk',1,'Loudermilk, Conrad Rufus','');
INSERT INTO name VALUES(1591,622,'Frederick Trent Alex Kress',1,'Kress, Frederick Trent Alex','');
INSERT INTO name VALUES(1593,624,'Terrence Xavier Newbold',1,'Newbold, Terrence Xavier','');
INSERT INTO name VALUES(1594,625,'Clay Neville Luckey',1,'Luckey, Clay Neville','');
INSERT INTO name VALUES(1595,626,'Dennis Marcos Spillman',1,'Spillman, Dennis Marcos','');
INSERT INTO name VALUES(1597,628,'Florinda Iva Violette Churchill',1,'Churchill, Florinda Iva Violette','');
INSERT INTO name VALUES(1598,629,'Rosana Katharine Pang',1,'Pang, Rosana Katharine','');
INSERT INTO name VALUES(1599,630,'Roxanne Cristin Begay',1,'Begay, Roxanne Cristin','');
INSERT INTO name VALUES(1600,631,'Jeffrey Evenson',1,'Evenson, Jeffrey','');
INSERT INTO name VALUES(1601,632,'Lorilee Karie Vanzant',1,'Vanzant, Lorilee Karie','');
INSERT INTO name VALUES(1602,633,'Sean Loyd Garber',1,'Garber, Sean Loyd','');
INSERT INTO name VALUES(1603,634,'Rudolf Floyd Salyers',1,'Salyers, Rudolf Floyd','');
INSERT INTO name VALUES(1604,635,'Jack Barney Harley',1,'Harley, Jack Barney','');
INSERT INTO name VALUES(1605,636,'Cliff Maurice Hallett',1,'Hallett, Cliff Maurice','');
INSERT INTO name VALUES(1606,637,'Maurice Homer Macmillan',1,'Macmillan, Maurice Homer','');
INSERT INTO name VALUES(1607,638,'Consuela Hermila Hemingway',1,'Hemingway, Consuela Hermila','');
INSERT INTO name VALUES(1610,5554,'Kenny Mickey Wiltse',1,'Wiltse, Kenny Mickey','');
INSERT INTO name VALUES(1611,5555,'Vida Luise Weiser',1,'Weiser, Vida Luise','');
INSERT INTO name VALUES(1612,5556,'Katharina Burnside',1,'Burnside, Katharina','');
INSERT INTO name VALUES(1613,5557,'Russell Adcock',1,'Adcock, Russell','');
INSERT INTO name VALUES(1614,5558,'Tamara Brigitte Maxim',1,'Maxim, Tamara Brigitte','');
INSERT INTO name VALUES(1615,5559,'Consuela Rhoda Erickson',1,'Erickson, Consuela Rhoda','');
INSERT INTO name VALUES(1616,5560,'Amelia Garfield',1,'Garfield, Amelia','');
INSERT INTO name VALUES(1617,5561,'Henry R. Geoffrey',1,'Geoffrey, Henry R.','');
INSERT INTO name VALUES(1618,5562,'Corey Winslow',1,'Winslow, Corey','');
INSERT INTO name VALUES(1619,5563,'Orval Tedford',1,'Tedford, Orval','');
INSERT INTO name VALUES(1621,5564,'Tiffany Madeleine Fireby',3,'Fireby, Tiffany Madeleine','');
INSERT INTO name VALUES(1622,5564,'Phoebe Tellhouse',1,'Tellhouse, Phoebe','');
INSERT INTO name VALUES(1623,5565,'Nova Earlean Fatima Bolter',1,'Bolter, Nova Earlean Fatima','');
INSERT INTO name VALUES(1624,5566,'Bernie Elvira Gideon',1,'Gideon, Bernie Elvira','');
INSERT INTO name VALUES(1625,5567,'Louise Valerie Durr',1,'Durr, Louise Valerie','');
INSERT INTO name VALUES(1626,5568,'Luciano Donny Atkin',1,'Atkin, Luciano Donny','');
INSERT INTO name VALUES(1627,5569,'Theodore Hutton',1,'Hutton, Theodore','');
INSERT INTO name VALUES(1628,5570,'Arnette Birdie Lamoureux',1,'Lamoureux, Arnette Birdie','');
INSERT INTO name VALUES(1629,5571,'Esther G. Phillips',1,'Phillips, Esther G.','');
INSERT INTO name VALUES(1631,5573,'Cindy Stepford',1,'Stepford, Cindy','');
INSERT INTO name VALUES(1634,5576,'Fernando Mohammed Darr',1,'Darr, Fernando Mohammed','');
INSERT INTO name VALUES(1638,5580,'Morton K. Dixon',1,'Dixon, Morton K.','');
INSERT INTO name VALUES(1639,5585,'Morton K. Dixon',1,'Dixon, Morton K.','');
INSERT INTO name VALUES(1640,5586,'Alverta Reese',1,'Reese, Alverta','');
INSERT INTO name VALUES(1641,5587,'Ulrike Macie Deann Theriault',1,'Theriault, Ulrike Macie Deann','');
INSERT INTO name VALUES(1642,5588,'Rick Rob Roseman',1,'Roseman, Rick Rob','');
INSERT INTO name VALUES(1643,5589,'Rick Rob Roseman',1,'Roseman, Rick Rob','');
INSERT INTO name VALUES(1644,5590,'Mia Bobbie Runnels',1,'Runnels, Mia Bobbie','');
INSERT INTO name VALUES(1647,5593,'Natalya Flora Bradburn',1,'Bradburn, Natalya Flora','');
INSERT INTO name VALUES(1648,5594,'Gretchen Pearly Trainor',1,'Trainor, Gretchen Pearly','');
INSERT INTO name VALUES(1649,5595,'Leonel Erik Livesay',1,'Livesay, Leonel Erik','');
INSERT INTO name VALUES(1651,5597,'Matt Nathan Michell',1,'Michell, Matt Nathan','');
INSERT INTO name VALUES(1653,5599,'Selina Savoy',1,'Savoy, Selina','');
INSERT INTO name VALUES(1654,5600,'Tandra Emilia Bays',1,'Bays, Tandra Emilia','');
INSERT INTO name VALUES(1676,5601,'Belle Thwarp',1,'Thwarp, Belle','');
INSERT INTO name VALUES(1677,5602,'Leroy James',1,'James, Leroy','');
INSERT INTO name VALUES(1678,5603,'Boris Badanov',1,'Badanov, Boris','');
INSERT INTO name VALUES(1679,5604,'Sharita Watts',1,'Watts, Sharita','');
INSERT INTO name VALUES(1680,5605,'Hayley Brandenburg',1,'Brandenburg, Hayley','');
INSERT INTO name VALUES(1681,5606,'Gloria Rosann Chiles',1,'Chiles, Gloria Rosann','');
INSERT INTO name VALUES(1683,5608,'Herman Mcdowell',1,'Mcdowell, Herman','');
INSERT INTO name VALUES(1685,5610,'Jacqualine Talia Blais',1,'Blais, Jacqualine Talia','');
INSERT INTO name VALUES(1686,5623,'Devon Kathlyn Wiggs',1,'Wiggs, Devon Kathlyn','');
INSERT INTO name VALUES(1687,5624,'Jasmine Etta Miner',1,'Miner, Jasmine Etta','');
INSERT INTO name VALUES(1688,5625,'Carmelina Kingsbury',1,'Kingsbury, Carmelina','');
INSERT INTO name VALUES(1689,5626,'Fred Jones',1,'Jones, Fred','');
INSERT INTO name VALUES(1690,5627,'Tanya Bunker',1,'Bunker, Tanya','');
INSERT INTO name VALUES(1692,5629,'Glenn Alvaro Rolon',1,'Rolon, Glenn Alvaro','');
INSERT INTO name VALUES(1693,5630,'Patricia Queenie Sievert',1,'Sievert, Patricia Queenie','');
INSERT INTO name VALUES(1694,5631,'Paulo J. Grimaldi',14,'Grimaldi, Paulo J.','');
INSERT INTO name VALUES(1697,5634,'Katherine Steele',1,'Steele, Katherine','');
INSERT INTO name VALUES(1698,5635,'Harmony Maryland Hobgood',11,'Hobgood, Harmony Maryland','');
INSERT INTO name VALUES(1699,5636,'Charley Abram Staub',1,'Staub, Charley Abram','');
INSERT INTO name VALUES(1700,5637,'Gary Louis Alves',1,'Alves, Gary Louis','');
INSERT INTO name VALUES(1702,5639,'Stella Pancake',1,'Pancake, Stella','');
INSERT INTO name VALUES(1703,5640,'Huey Collin',1,'Collin, Huey','');
INSERT INTO name VALUES(1704,5641,'Lorraine Gilley',1,'Gilley, Lorraine','');
INSERT INTO name VALUES(1705,5642,'Layla Merlyn Gainer',1,'Gainer, Layla Merlyn','');
INSERT INTO name VALUES(1706,5643,'Marge Dunning',1,'Dunning, Marge','');
INSERT INTO name VALUES(1707,5644,'Gregorio Gilbert Rousseau',1,'Rousseau, Gregorio Gilbert','');
INSERT INTO name VALUES(1708,5645,'Ralph Ariel Dudek',1,'Dudek, Ralph Ariel','');
INSERT INTO name VALUES(1709,5646,'Madelaine Carroll',1,'Carroll, Madelaine','');
INSERT INTO name VALUES(1710,5647,'Marjorie Katelynn Margrett Valle',1,'Valle, Marjorie Katelynn Margrett','');
INSERT INTO name VALUES(1713,5650,'Lauran Reda Flynt',1,'Flynt, Lauran Reda','');
INSERT INTO name VALUES(1714,5651,'Sook Santina Renteria',1,'Renteria, Sook Santina','');
INSERT INTO name VALUES(1715,5652,'Eddy Blanton',1,'Blanton, Eddy','');
INSERT INTO name VALUES(1716,5653,'Gerry Clower',1,'Clower, Gerry','');
INSERT INTO name VALUES(1717,5654,'Eulah Petrella',1,'Petrella, Eulah','');
INSERT INTO name VALUES(1718,5655,'Hyacinth Adelaide Cusick',1,'Cusick, Hyacinth Adelaide','');
INSERT INTO name VALUES(1719,5656,'Jack B. Nelly',1,'Nelly, Jack B.','');
INSERT INTO name VALUES(1720,5657,'Jack B. Nelly',1,'Nelly, Jack B.','');
INSERT INTO name VALUES(1721,5658,'Jack B. Nelly',1,'Nelly, Jack B.','');
INSERT INTO name VALUES(1722,5659,'Lucien Omer Vasquez',1,'Vasquez, Lucien Omer','');
INSERT INTO name VALUES(1723,5660,'Fannie O''Grady',1,'O''Grady, Fannie','');
INSERT INTO name VALUES(1724,5661,'Miriam Paulson',1,'Paulson, Miriam','');
INSERT INTO name VALUES(1725,5662,'Darwin Oliver Horta',1,'Horta, Darwin Oliver','');
INSERT INTO name VALUES(1726,5663,'Shawn Cotton',1,'Cotton, Shawn','');
INSERT INTO name VALUES(1727,5664,'Lolita Tunstall',1,'Tunstall, Lolita','');
INSERT INTO name VALUES(1728,5665,'Maxwell Bock',1,'Bock, Maxwell','');
INSERT INTO name VALUES(1729,5666,'John McCaleb',1,'McCaleb, John','');
INSERT INTO name VALUES(1730,5667,'Jonathan Oliver',1,'Oliver, Jonathan','');
INSERT INTO name VALUES(1731,5668,'Corine Elia Forte',1,'Forte, Corine Elia','');
INSERT INTO name VALUES(1732,5669,'Jenee Dominique Chatfield',1,'Chatfield, Jenee Dominique','');
INSERT INTO name VALUES(1733,5670,'Del Deemer',1,'Deemer, Del','');
INSERT INTO name VALUES(1734,5671,'Leota Pansy Carlton',1,'Carlton, Leota Pansy','');
INSERT INTO name VALUES(1735,5672,'Garnett Dinsmore',1,'Dinsmore, Garnett','');
INSERT INTO name VALUES(1736,5673,'Lindsay Lazaro Hollingshead',1,'Hollingshead, Lindsay Lazaro','');
INSERT INTO name VALUES(1737,5674,'Wilhemina Contessa Eggen',1,'Eggen, Wilhemina Contessa','');
INSERT INTO name VALUES(1738,5675,'Laticia Remillard',1,'Remillard, Laticia','');
INSERT INTO name VALUES(1739,5676,'Lindsay Adkins',1,'Adkins, Lindsay','');
INSERT INTO name VALUES(1740,5677,'Clarence Bracken',1,'Bracken, Clarence','');
INSERT INTO name VALUES(1741,5678,'Colleen Via',1,'Via, Colleen','');
INSERT INTO name VALUES(1742,5679,'Boyd Cyrus Ickes',1,'Ickes, Boyd Cyrus','');
INSERT INTO name VALUES(1743,5680,'Cleo Rogelio Rude',1,'Rude, Cleo Rogelio','');
INSERT INTO name VALUES(1744,5681,'Delicia Lindo',1,'Lindo, Delicia','');
INSERT INTO name VALUES(1746,5683,'Eric Fredric Randel',1,'Randel, Eric Fredric','');
INSERT INTO name VALUES(1747,5684,'Jena Ling Villalba',1,'Villalba, Jena Ling','');
INSERT INTO name VALUES(1748,5685,'Noe Whitton',1,'Whitton, Noe','');
INSERT INTO name VALUES(1749,5686,'Daniel Deandre Maisonet',1,'Maisonet, Daniel Deandre','');
INSERT INTO name VALUES(1750,5687,'Chloe Deanda',1,'Deanda, Chloe','');
INSERT INTO name VALUES(1751,5688,'Wally Doby',1,'Doby, Wally','');
INSERT INTO name VALUES(1752,5689,'Amira Letisha Kirstin Rudolph',1,'Rudolph, Amira Letisha Kirstin','');
INSERT INTO name VALUES(1753,5690,'Rosario Alfonzo Rivera',1,'Rivera, Rosario Alfonzo','');
INSERT INTO name VALUES(1754,5691,'Rigoberto Carlo Matherne',1,'Matherne, Rigoberto Carlo','');
INSERT INTO name VALUES(1755,5692,'Lindsay Wrenn',1,'Wrenn, Lindsay','');
INSERT INTO name VALUES(1756,5693,'Jacob Gavin Bove',1,'Bove, Jacob Gavin','');
INSERT INTO name VALUES(1757,5694,'Reginald Bret Cray',1,'Cray, Reginald Bret','');
INSERT INTO name VALUES(1758,5695,'Lanny Mcmann',1,'Mcmann, Lanny','');
INSERT INTO name VALUES(1759,5696,'Babette Aracely Lemire',1,'Lemire, Babette Aracely','');
INSERT INTO name VALUES(1760,5697,'Keenan Graham Dever',1,'Dever, Keenan Graham','');
INSERT INTO name VALUES(1761,5698,'Cecilia Robin Cady',1,'Cady, Cecilia Robin','');
INSERT INTO name VALUES(1762,5699,'Rodrick Marty Hirst',1,'Hirst, Rodrick Marty','');
INSERT INTO name VALUES(1763,5700,'Rubin Loyd Tracy',1,'Tracy, Rubin Loyd','');
INSERT INTO name VALUES(1764,5701,'Rosalina Mira Buller',1,'Buller, Rosalina Mira','');
INSERT INTO name VALUES(1765,5702,'Jimmy Rayford Camara',1,'Camara, Jimmy Rayford','');
INSERT INTO name VALUES(1766,5703,'Aline Genevieve Melchor',1,'Melchor, Aline Genevieve','');
INSERT INTO name VALUES(1767,5704,'Leigh Fay',1,'Fay, Leigh','');
INSERT INTO name VALUES(1768,5705,'Jerrell Dallas Woody',1,'Woody, Jerrell Dallas','');
INSERT INTO name VALUES(1769,5706,'Dominick Newcomb',1,'Newcomb, Dominick','');
INSERT INTO name VALUES(1770,5707,'Stella F. Dunkirk',1,'Dunkirk, Stella F.','');
INSERT INTO name VALUES(1771,5708,'Harriette Dana Gayla Ziegler',1,'Ziegler, Harriette Dana Gayla','');
INSERT INTO name VALUES(1772,5709,'Mohammed Fiorentino',1,'Fiorentino, Mohammed','');
INSERT INTO name VALUES(1773,5710,'Robbyn Melodi Saad',1,'Saad, Robbyn Melodi','');
INSERT INTO name VALUES(1774,5711,'Albertha Siu Sobel',1,'Sobel, Albertha Siu','');
INSERT INTO name VALUES(1775,5712,'Lindy Justa Babara Rountree',1,'Rountree, Lindy Justa Babara','');
INSERT INTO name VALUES(1776,5713,'Delila Mei Kellar',1,'Kellar, Mei Delila','');
INSERT INTO name VALUES(1777,5714,'Bernardina Hamner',1,'Hamner, Bernardina','');
INSERT INTO name VALUES(1778,5715,'Fausto Foster Marchetti',1,'Marchetti, Fausto Foster','');
INSERT INTO name VALUES(1779,5719,'Clair Preston Boudreau',19,'Boudreau, Clair Preston','');
INSERT INTO name VALUES(1780,5722,'Su Franzen',21,'Franzen, Su','');
INSERT INTO name VALUES(1781,5732,'Joe-John O''Keefe',1,'O''Keefe, Joe-John','');
INSERT INTO name VALUES(1783,5733,'Andrea Parish',1,'Parish, Andrea','');
INSERT INTO name VALUES(1784,5734,'Janis Tequila Alida Canter',11,'Canter, Janis Tequila Alida','');
INSERT INTO name VALUES(1785,5735,'Moira Harding',1,'Harding, Moira','');
INSERT INTO name VALUES(1786,5736,'Ervin Val Granillo',1,'Granillo, Ervin Val','');
INSERT INTO name VALUES(1787,5737,'Nicholas Lee Goldston',1,'Goldston, Nicholas Lee','');
INSERT INTO name VALUES(1788,5738,'Anjelica Melinda Renninger',1,'Renninger, Anjelica Melinda','');
INSERT INTO name VALUES(1789,5739,'Moira Harding',1,'Harding, Moira','');
INSERT INTO name VALUES(1790,5740,'Moira Harding',1,'Harding, Moira','');
INSERT INTO name VALUES(1791,5741,'Jonelle Tanna Snyder',1,'Snyder, Jonelle Tanna','');
INSERT INTO name VALUES(1792,5742,'Bill Baxter',1,'Baxter, Bill','');
INSERT INTO name VALUES(1793,5743,'Julie Webb',1,'Webb, Julie','');
INSERT INTO name VALUES(1794,5744,'Paul Frank',1,'Frank, Paul','');
INSERT INTO name VALUES(1795,5745,'June Waters',1,'Waters, June','');
INSERT INTO name VALUES(1796,5746,'Jim Bladforth',1,'Bladforth, Jim','');
INSERT INTO name VALUES(1798,5748,'Theressa Adrienne Clara Essary',1,'Essary, Theressa Adrienne Clara','');
INSERT INTO name VALUES(1799,5749,'Vinita Mickie Anderson',1,'Anderson, Vinita Mickie','');
INSERT INTO name VALUES(1800,5750,'Bob Faraday',1,'Faraday, Bob','');
INSERT INTO name VALUES(1801,5751,'Bill Silver',1,'Silver, Bill','');
INSERT INTO name VALUES(1802,5752,'Hank Furness',1,'Furness, Hank','');
INSERT INTO name VALUES(1803,5753,'Hank Farrell',1,'Farrell, Hank','');
INSERT INTO name VALUES(1804,5754,'Lilley Fields',1,'Fields, Lilley','');
INSERT INTO name VALUES(1805,5755,'Seth Orgone',1,'Orgone, Seth','');
INSERT INTO name VALUES(1806,5756,'Hayley Mars',1,'Mars, Hayley','');
INSERT INTO name VALUES(1807,5757,'Hayley Marsten',1,'Marsten, Hayley','');
INSERT INTO name VALUES(1808,5758,'Jackie Shropshire',1,'Shropshire, Jackie','');
INSERT INTO name VALUES(1809,5759,'Verna Harper',1,'Harper, Verna','');
INSERT INTO name VALUES(1810,5760,'Leilani Paull',1,'Paull, Leilani','');
INSERT INTO name VALUES(1812,5762,'Cecila Chanel Yanez',1,'Yanez, Cecila Chanel','');
INSERT INTO name VALUES(1813,5763,'Ruby Jane Haworth',1,'Haworth, Ruby Jane','');
INSERT INTO name VALUES(1814,5764,'Marya Augustina Heffner',1,'Heffner, Marya Augustina','');
INSERT INTO name VALUES(1815,5765,'Cathleen Laure Huebner',1,'Huebner, Cathleen Laure','');
INSERT INTO name VALUES(1816,5766,'Nena Vannesa Briones',1,'Briones, Nena Vannesa','');
INSERT INTO name VALUES(1817,5767,'Keturah Linn Kisha Baisden',1,'Baisden, Keturah Linn Kisha','');
INSERT INTO name VALUES(1818,5768,'Lauralee Deidre Nesbit',1,'Nesbit, Lauralee Deidre','');
INSERT INTO name VALUES(1819,5769,'Arlene Merrifield',1,'Merrifield, Arlene','');
INSERT INTO name VALUES(1820,5770,'Belkis Chesney',1,'Chesney, Belkis','');
INSERT INTO name VALUES(1821,5771,'Armida Daphine Hilliard',1,'Hilliard, Armida Daphine','');
INSERT INTO name VALUES(1822,5772,'Lupe Nadia Jessup',1,'Jessup, Lupe Nadia','');
INSERT INTO name VALUES(1823,5773,'Rolanda Alcaraz',1,'Alcaraz, Rolanda','');
INSERT INTO name VALUES(1824,5774,'Glenna Pacheco',1,'Pacheco, Glenna','');
INSERT INTO name VALUES(1825,5775,'Livia Boatwright',1,'Boatwright, Livia','');
INSERT INTO name VALUES(1826,5776,'Valeria Estevez',1,'Estevez, Valeria','');
INSERT INTO name VALUES(1827,5777,'Lena Delois Rolf',1,'Rolf, Lena Delois','');
INSERT INTO name VALUES(1828,5778,'Altha Skidmore',1,'Skidmore, Altha','');
INSERT INTO name VALUES(1829,5779,'Janee Ricks',1,'Ricks, Janee','');
INSERT INTO name VALUES(1830,5780,'Wilber Wally Griner',1,'Griner, Wilber Wally','');
INSERT INTO name VALUES(1831,5781,'Freeman Lucio Chronister',1,'Chronister, Freeman Lucio','');
INSERT INTO name VALUES(1832,5782,'Albert Massey',1,'Massey, Albert','');
INSERT INTO name VALUES(1833,5783,'Ross Aldo Marquis',11,'Marquis, Ross Aldo','');
INSERT INTO name VALUES(1834,5784,'Marinda Rachael Huot',1,'Huot, Marinda Rachael','');
INSERT INTO name VALUES(1835,5785,'Boris Blau',1,'Blau, Boris','');
INSERT INTO name VALUES(1836,5786,'Lasandra Julianna Russ',1,'Russ, Lasandra Julianna','');
INSERT INTO name VALUES(1837,5787,'Selina Dudley',1,'Dudley, Selina','');
INSERT INTO name VALUES(1838,5788,'Martha Vineyard',1,'Vineyard, Martha','');
INSERT INTO name VALUES(1839,5789,'Edgar Blanchard',1,'Blanchard, Edgar','');
INSERT INTO name VALUES(1840,5790,'Barbara Wilford',1,'Wilford, Barbara','');
INSERT INTO name VALUES(1841,5791,'Geoffrey Stalwart',1,'Stalwart, Geoffrey','');
INSERT INTO name VALUES(1842,5792,'Kattie Benham',1,'Benham, Kattie','');
INSERT INTO name VALUES(1843,5793,'John Caleb Morrison',1,'Morrison, John Caleb','');
INSERT INTO name VALUES(1852,5794,'Sharan Connally',1,'Connally, Sharan','');
INSERT INTO name VALUES(1853,5795,'Gerardo Pabon',1,'Pabon, Gerardo','');
INSERT INTO name VALUES(1854,5796,'Bok Calandra Zhou',1,'Zhou, Bok Calandra','');
INSERT INTO name VALUES(1855,5797,'Juan Cleveland Ferrara',1,'Ferrara, Juan Cleveland','');
INSERT INTO name VALUES(1856,5798,'Tracey Yong Van Hernandez',1,'Hernandez, Tracey Yong Van','');
INSERT INTO name VALUES(1857,5799,'Lonny Earnest Lohr',1,'Lohr, Lonny Earnest','');
INSERT INTO name VALUES(1858,5800,'Marcelino Cordell Delrosario',1,'Delrosario, Marcelino Cordell','');
INSERT INTO name VALUES(1859,5801,'Natalie Maddux',1,'Maddux, Natalie','');
INSERT INTO name VALUES(1860,5802,'Cindy Sledge',1,'Sledge, Cindy','');
INSERT INTO name VALUES(1861,5803,'Beulah Dana Hollinger',1,'Hollinger, Beulah Dana','');
INSERT INTO name VALUES(1862,5804,'Beulah Josephine Hollinger',1,'Hollinger, Beulah Josephine','');
INSERT INTO name VALUES(1863,5805,'Erlinda Rickard',1,'Rickard, Erlinda','');
INSERT INTO name VALUES(1864,5806,'Lucien Patrick Mejia',1,'Mejia, Lucien Patrick','');
INSERT INTO name VALUES(1865,5807,'Asa Jaime Legault',1,'Legault, Asa Jaime','');
INSERT INTO name VALUES(1866,5808,'Mary Hilton Summer',1,'Summer, Mary Hilton','');
INSERT INTO name VALUES(1867,5809,'Landon Chester Robison',1,'Robison, Landon Chester','');
INSERT INTO name VALUES(1868,5810,'Marta Morrow',1,'Morrow, Marta','');
INSERT INTO name VALUES(1869,5811,'Minerva Darci May',1,'May, Minerva Darci','');
INSERT INTO name VALUES(1870,5812,'Norris Corner',1,'Corner, Norris','');
INSERT INTO name VALUES(1871,5813,'Teofila Martha Bynum',1,'Bynum, Teofila Martha','');
INSERT INTO name VALUES(1872,5814,'Coleman Wilfredo Brooker',1,'Brooker, Coleman Wilfredo','');
INSERT INTO name VALUES(1873,5815,'Jonnie Rocio Soriano',1,'Soriano, Jonnie Rocio','');
INSERT INTO name VALUES(1874,5816,'Marvis Alex Lieb',1,'Lieb, Marvis Alex','');
INSERT INTO name VALUES(1875,5817,'Fredrick Calvin Dowd',1,'Dowd, Fredrick Calvin','');
INSERT INTO name VALUES(1876,5818,'Janean Audrey Wagstaff',1,'Wagstaff, Janean Audrey','');
INSERT INTO name VALUES(1877,5819,'Forrest Ivory Suber',1,'Suber, Forrest Ivory','');
INSERT INTO name VALUES(1878,5820,'Clementine Brito',1,'Brito, Clementine','');
INSERT INTO name VALUES(1879,5821,'Katherine S. Castleman',1,'Castleman, Katherine S.','');
INSERT INTO name VALUES(1880,5822,'Arie Suttle',1,'Suttle, Arie','');
INSERT INTO name VALUES(1881,5823,'Dan Borkley',1,'Borkley, Dan','');
INSERT INTO name VALUES(1882,5824,'Dan Watley',1,'Watley, Dan','');
INSERT INTO name VALUES(1883,5825,'Simeon Sutcliffe',1,'Sutcliffe, Simeon','');
INSERT INTO name VALUES(1884,5826,'Billy Marc Benton',1,'Benton, Billy Marc','');
INSERT INTO name VALUES(1885,5827,'Tony Isaias Spell',1,'Spell, Tony Isaias','');
INSERT INTO name VALUES(1886,5828,'Roy Harris Baptist',1,'Baptist, Roy Harris','');
INSERT INTO name VALUES(1887,5829,'Antone Braaten',1,'Braaten, Antone','');
INSERT INTO name VALUES(1888,5830,'Nettie Womble',1,'Womble, Nettie','');
INSERT INTO name VALUES(1889,5831,'Sarah Lentz',1,'Lentz, Sarah','');
INSERT INTO name VALUES(1890,5832,'Angelo Rigoberto Tamez',1,'Tamez, Angelo Rigoberto','');
INSERT INTO name VALUES(1891,5833,'Irwin Ray Broussard',1,'Broussard, Irwin Ray','');
INSERT INTO name VALUES(1892,5834,'Claris Tubbs',1,'Tubbs, Claris','');
INSERT INTO name VALUES(1893,5835,'Josephine Alanna Kornegay',1,'Kornegay, Josephine Alanna','');
INSERT INTO name VALUES(1894,5836,'Petra Soloman',1,'Soloman, Petra','');
INSERT INTO name VALUES(1895,5837,'Samantha Browning',1,'Browning, Samantha','');
INSERT INTO name VALUES(1896,5838,'Sven Hilyard',1,'Hilyard, Sven','');
INSERT INTO name VALUES(1897,5839,'Ruben Gutierrez',1,'Gutierrez, Ruben','');
INSERT INTO name VALUES(1898,5840,'Kevin James Barbasol',1,'Barbasol, Kevin James','');
INSERT INTO name VALUES(1899,5841,'Louis Decicco',1,'Decicco, Louis','');
INSERT INTO name VALUES(1900,5842,'LeAnne Schuck',1,'Schuck, LeAnne','');
INSERT INTO name VALUES(1901,5843,'Raphael Fish',1,'Fish, Raphael','');
INSERT INTO name VALUES(1902,5844,'Luis B. Deluna',1,'Deluna, Luis B.','');
INSERT INTO name VALUES(1903,5845,'Felicia Amortado',1,'Amortado, Felicia','');
INSERT INTO name VALUES(1904,5846,'Felix Spencer',1,'Spencer, Felix','');
INSERT INTO name VALUES(1905,5847,'Alicia Amortado',1,'Amortado, Alicia','');
INSERT INTO name VALUES(1906,5848,'Bill Spell',1,'Spell, Bill','');
INSERT INTO name VALUES(1907,5849,'Jill Spell',1,'Spell, Jill','');
INSERT INTO name VALUES(1908,5850,'Delbert Moribund',1,'Moribund, Delbert','');
INSERT INTO name VALUES(1909,5851,'Stephen Gelato',1,'Gelato, Stephen','');
INSERT INTO name VALUES(1910,5852,'Bob Deletable',1,'Deletable, Bob','');
INSERT INTO name VALUES(1911,5853,'Theodore Candy',1,'Candy, Theodore','');
INSERT INTO name VALUES(1912,5854,'Marge Robinson',1,'Robinson, Marge','');
INSERT INTO name VALUES(1913,5855,'Jack Swelto',1,'Swelto, Jack','');
INSERT INTO name VALUES(1914,5856,'Dwayne Franck',1,'Franck, Dwayne','');
INSERT INTO name VALUES(1915,5857,'Terrence Swelto',1,'Swelto, Terrence','');
INSERT INTO name VALUES(1916,5858,'Fred Swelto',1,'Swelto, Fred','');
INSERT INTO name VALUES(1917,5859,'Betty Aragorn',1,'Aragorn, Betty','');
INSERT INTO name VALUES(1918,5860,'Cynthia Swelto',1,'Swelto, Cynthia','');
INSERT INTO name VALUES(1919,5861,'Wesley Warren Bryan Haase',1,'Haase, Wesley Warren Bryan','');
INSERT INTO name VALUES(1920,5862,'Eugenie Beatriz Blume',1,'Blume, Eugenie Beatriz','');
INSERT INTO name VALUES(1921,5863,'Bryan W. Haase',1,'Haase, Bryan W.','');
INSERT INTO name VALUES(1922,5864,'Sally Lawler',1,'Lawler, Sally','');
INSERT INTO name VALUES(1923,5865,'Myron Alcaraz',1,'Alcaraz, Myron','');
INSERT INTO name VALUES(1924,5866,'Ena Probst',1,'Probst, Ena','');
INSERT INTO name VALUES(1925,5867,'Eli Julius Spiker',1,'Spiker, Eli Julius','');
INSERT INTO name VALUES(1926,5868,'Laverna Muniz',1,'Muniz, Laverna','');
INSERT INTO name VALUES(1927,5869,'Sylvester Ferdinand Wickman',1,'Wickman, Sylvester Ferdinand','');
INSERT INTO name VALUES(1928,5870,'Sunday Bewley',1,'Bewley, Sunday','');
INSERT INTO name VALUES(1929,5871,'Aileen Faust',1,'Faust, Aileen','');
INSERT INTO name VALUES(1930,5872,'Lino Maness',1,'Maness, Lino','');
INSERT INTO name VALUES(1931,5873,'Bert Dave Thies',1,'Thies, Bert Dave','');
INSERT INTO name VALUES(1932,5874,'Miss Cavallo',1,'Cavallo, Miss','');
INSERT INTO name VALUES(1933,5875,'Damon Lester Garofalo',1,'Garofalo, Damon Lester','');
INSERT INTO name VALUES(1934,5876,'Kimberli Marjorie Byrne',1,'Byrne, Kimberli Marjorie','');
INSERT INTO name VALUES(1935,5877,'Jess Swinney',1,'Swinney, Jess','');
INSERT INTO name VALUES(1936,5878,'Jocelyn Matthews',1,'Matthews, Jocelyn','');
INSERT INTO name VALUES(1937,5879,'Latanya Mellisa Santiago',1,'Santiago, Latanya Mellisa','');
INSERT INTO name VALUES(1938,5880,'Elias Monte Pullum',1,'Pullum, Elias Monte','');
INSERT INTO name VALUES(1939,5881,'Monroe Mohamed Bechtold',1,'Bechtold, Monroe Mohamed','');
INSERT INTO name VALUES(1940,5882,'Vespa Franck',1,'Franck, Vespa','');
INSERT INTO name VALUES(1941,5883,'Melodie Natividad',1,'Natividad, Melodie','');
INSERT INTO name VALUES(1942,5884,'Arlena Wetzel',1,'Wetzel, Arlena','');
INSERT INTO name VALUES(1943,5885,'_____',1,'_____','');
INSERT INTO name VALUES(1944,5886,'Sofia Natividad',1,'Natividad, Sofia','');
INSERT INTO name VALUES(1945,5887,'Phillip Newyear',1,'Newyear, Phillip','');
INSERT INTO name VALUES(1946,5888,'Sam Digwell',1,'Digwell, Sam','');
INSERT INTO name VALUES(1947,5889,'Forrest Gump Presley',1,'Presley, Forrest Gump','');
INSERT INTO name VALUES(1948,5890,'Stillman Breznick',1,'Breznick, Stillman','');
INSERT INTO name VALUES(1949,5891,'Eddy Erwin Landwehr',1,'Landwehr, Eddy Erwin','');
INSERT INTO name VALUES(1950,5892,'Gayla Shona Buford',1,'Buford, Gayla Shona','');
INSERT INTO name VALUES(1951,5893,'Zachery Stephan Eckman',1,'Eckman, Zachery Stephan','');
INSERT INTO name VALUES(1952,5894,'Zachery Stephan Eckman',1,'Eckman, Zachery Stephan','');
INSERT INTO name VALUES(1953,5895,'Lowell Arnold Rizo',1,'Rizo, Lowell Arnold','');
INSERT INTO name VALUES(1954,5896,'Liane Angele Sparrow',1,'Sparrow, Liane Angele','');
INSERT INTO name VALUES(1955,5897,'Eugene Kurtis Oren Peacock',1,'Peacock, Eugene Kurtis Oren','');
INSERT INTO name VALUES(1956,5898,'Antony Rickey Farias',1,'Farias, Antony Rickey','');
INSERT INTO name VALUES(1957,5899,'Emery Peiffer',1,'Peiffer, Emery','');
INSERT INTO name VALUES(1958,5900,'Michel Cornelius Degroot',1,'Degroot, Michel Cornelius','');
INSERT INTO name VALUES(1959,5901,'Dan Alden Brady',1,'Brady, Dan Alden','');
INSERT INTO name VALUES(1960,5902,'Erline Worden',1,'Worden, Erline','');
INSERT INTO name VALUES(1961,5903,'Carl Mink',1,'Mink, Carl','');
INSERT INTO name VALUES(1962,5904,'Maira Lyndsey Attaway',1,'Attaway, Maira Lyndsey','');
INSERT INTO name VALUES(1963,5905,'Genevive Noyes',1,'Noyes, Genevive','');
INSERT INTO name VALUES(1964,5906,'Emerson Damon Wyman',1,'Wyman, Emerson Damon','');
INSERT INTO name VALUES(1965,5907,'Emile Darell Wortham',1,'Wortham, Emile Darell','');
INSERT INTO name VALUES(1966,5908,'Kendall Hepner',1,'Hepner, Kendall','');
INSERT INTO name VALUES(1967,5909,'Bradly Jeremiah Belle',1,'Belle, Bradly Jeremiah','');
INSERT INTO name VALUES(1968,5910,'Clarence Logan',1,'Logan, Clarence','');
INSERT INTO name VALUES(1969,5911,'Lorine Milly Conners',1,'Conners, Lorine Milly','');
INSERT INTO name VALUES(1970,5912,'Lucio Eugenio Maria Hilario Paschall',1,'Paschall, Lucio Eugenio Maria Hilario','');
INSERT INTO name VALUES(1971,5913,'Dwain Bixler',1,'Bixler, Dwain','');
INSERT INTO name VALUES(1972,5914,'Lenora Humes',1,'Humes, Lenora','');
INSERT INTO name VALUES(1973,5915,'Lucila Michaelis',1,'Michaelis, Lucila','');
INSERT INTO name VALUES(1974,5916,'Anastacia Pitcher',1,'Pitcher, Anastacia','');
INSERT INTO name VALUES(1975,5917,'Stephen Gerry Lunt',1,'Lunt, Stephen Gerry','');
INSERT INTO name VALUES(1976,5918,'JoLynn Hermann',1,'Hermann, JoLynn','');
INSERT INTO name VALUES(1977,5919,'JoLynne Hedwig',1,'Hedwig, JoLynne','');
INSERT INTO name VALUES(1978,5920,'Ariana Jara',1,'Jara, Ariana','');
INSERT INTO name VALUES(1979,5921,'Arianna Lemon',1,'Lemon, Arianna','');
INSERT INTO name VALUES(1980,5922,'Zarah Dent',1,'Dent, Zarah','');
INSERT INTO name VALUES(1981,5923,'John Smith',1,'Smith, John','friends');
INSERT INTO name VALUES(1982,5924,'John Smith',11,'Smith, John','family');
INSERT INTO name VALUES(1983,5925,'John Sparrow',1,'Sparrow, John','');
INSERT INTO name VALUES(1984,5926,'John Sparrow',1,'Sparrow, John','');
INSERT INTO name VALUES(1985,5927,'John Smith',9,'Smith, John','fraternity');
INSERT INTO name VALUES(1986,5928,'Elena Maple Matteson',1,'Matteson, Elena Maple','');
INSERT INTO name VALUES(1987,5929,'Tod Shelby Hendricks',1,'Hendricks, Tod Shelby','');
INSERT INTO name VALUES(1988,5930,'Hans Booker Anderson',1,'Anderson, Hans Booker','');
INSERT INTO name VALUES(1989,5931,'Hans Booker Hathorn',1,'Hathorn, Hans Booker','');
INSERT INTO name VALUES(1990,5932,'Bernie Asberry',1,'Asberry, Bernie','');
INSERT INTO name VALUES(1991,5933,'Antione Asa Trent',1,'Trent, Antione Asa','');
INSERT INTO name VALUES(1992,5934,'Nick Randall Padgett',1,'Padgett, Nick Randall','');
INSERT INTO name VALUES(1993,5935,'Scotty Ferguson',1,'Ferguson, Scotty','');
INSERT INTO name VALUES(1994,5936,'Allan Mark Herron',1,'Herron, Allan Mark','');
INSERT INTO name VALUES(1995,5937,'Herbert Melon',1,'Melon, Herbert','');
INSERT INTO name VALUES(1996,5938,'Horatio Feldspar',1,'Feldspar, Horatio','');
INSERT INTO name VALUES(1997,5939,'Gregg Charles Moncada',1,'Moncada, Gregg Charles','');
INSERT INTO name VALUES(1998,5940,'Gertrude Brigham',1,'Brigham, Gertrude','');
INSERT INTO name VALUES(1999,5941,'Gertrude F. Brigham',1,'Brigham, Gertrude F.','');
INSERT INTO name VALUES(2000,5942,'Jose Junior Starr',1,'Starr, Jose Junior','');
INSERT INTO name VALUES(2001,5943,'Tammara Zuckerman',1,'Zuckerman, Tammara','');
INSERT INTO name VALUES(2002,5944,'Fritz Buster Smitherman',1,'Smitherman, Fritz Buster','');
INSERT INTO name VALUES(2003,5945,'Leigha Hill',1,'Hill, Leigha','');
INSERT INTO name VALUES(2004,5946,'Sadie Russell',1,'Russell, Sadie','');
INSERT INTO name VALUES(2005,5947,'Patricia Pelfrey',1,'Pelfrey, Patricia','');
INSERT INTO name VALUES(2006,5948,'Verline Lettie Swann',1,'Swann, Verline Lettie','');
INSERT INTO name VALUES(2007,5949,'Fanny Cecilia Olivares',1,'Olivares, Fanny Cecilia','');
INSERT INTO name VALUES(2008,5950,'Rupert EvanTowner',1,'EvanTowner, Rupert','');
INSERT INTO name VALUES(2009,5951,'Barrett Lansing',1,'Lansing, Barrett','');
INSERT INTO name VALUES(2010,5952,'Renee Bellhouse',1,'Bellhouse, Renee','');
INSERT INTO name VALUES(2011,5953,'Matilda Snodgrass',1,'Snodgrass, Matilda','');
INSERT INTO name VALUES(2012,5954,'Rick G. Barnstable',1,'Barnstable, Rick G.','');
INSERT INTO name VALUES(2013,5955,'John Smith',1,'Smith, John','lodge');
INSERT INTO name VALUES(2014,5956,'John Smith',20,'Smith, John','business club');
INSERT INTO name VALUES(2015,5957,'John Smith',19,'Smith, John','');
INSERT INTO name VALUES(2016,5958,'John Smith',1,'Smith, John','sister');
INSERT INTO name VALUES(2017,5959,'John Smith',15,'Smith, John','');
INSERT INTO name VALUES(2018,5960,'John Smith',2,'Smith, John','St. Peter');
INSERT INTO name VALUES(2019,5961,'Stellan Kirkgaard',1,'Kirkgaard, Stellan','');
INSERT INTO name VALUES(2020,5962,'Nolan Abel Sosebee',1,'Sosebee, Nolan Abel','');
INSERT INTO name VALUES(2021,5963,'Gay Beem',1,'Beem, Gay','');
INSERT INTO name VALUES(2022,5964,'Rosamond Alyssa Ruth',1,'Ruth, Rosamond Alyssa','');
INSERT INTO name VALUES(2023,5965,'Jerrod Maurice Farwell',1,'Farwell, Jerrod Maurice','');
INSERT INTO name VALUES(2024,5966,'Marcelo Thoma',1,'Thoma, Marcelo','');
INSERT INTO name VALUES(2025,5967,'Sarah Younger',1,'Younger, Sarah','');
INSERT INTO name VALUES(2026,5968,'Clifford Ernie Flickinger',1,'Flickinger, Clifford Ernie','');
INSERT INTO name VALUES(2027,5969,'Mariella Owensby',1,'Owensby, Mariella','');
INSERT INTO name VALUES(2028,5970,'Ryan Macgregor',1,'Macgregor, Ryan','');
INSERT INTO name VALUES(2029,5971,'Rochel Barbara Rankin',1,'Rankin, Rochel Barbara','');
INSERT INTO name VALUES(2030,5972,'Ava Idell Lowrey',1,'Lowrey, Ava Idell','');
INSERT INTO name VALUES(2031,5973,'Phil Nicholas',1,'Nicholas, Phil','');
INSERT INTO name VALUES(2032,5974,'Hai Paniagua',1,'Paniagua, Hai','');
INSERT INTO name VALUES(2033,5975,'Trudi Trask',1,'Trask, Trudi','');
INSERT INTO name VALUES(2034,5976,'Owen Power',1,'Power, Owen','');
INSERT INTO name VALUES(2035,5977,'Anjelika Standish',1,'Standish, Anjelika','');
INSERT INTO name VALUES(2036,5978,'Norbert Ortega',1,'Ortega, Norbert','');
INSERT INTO name VALUES(2037,5979,'Mohammad Robin Strauss',1,'Strauss, Mohammad Robin','');
INSERT INTO name VALUES(2038,5980,'Dean Zhou',1,'Zhou, Dean','');
INSERT INTO name VALUES(2039,5981,'Desmond Reyes',1,'Reyes, Desmond','');
INSERT INTO name VALUES(2040,5982,'Vincent Wally Marcus',1,'Marcus, Vincent Wally','');
INSERT INTO name VALUES(2041,5983,'Olin Houston Brewer',1,'Brewer, Olin Houston','');
INSERT INTO name VALUES(2042,5984,'Edwin Ernesto Ritchie',1,'Ritchie, Edwin Ernesto','');
INSERT INTO name VALUES(2043,5985,'Carline Santos Lucas',1,'Lucas, Carline Santos','');
INSERT INTO name VALUES(2044,5638,'Weatherguy',19,'Weatherguy','');
INSERT INTO name VALUES(2048,5638,'Brother John',17,'Thunderbaby','');
INSERT INTO name VALUES(2049,5987,'John Smith',7,'Smith, John','');
INSERT INTO name VALUES(2050,5988,'John Smith',14,'Smith, John','');
INSERT INTO name VALUES(2051,5989,'John Smith',22,'Smith, John','');
INSERT INTO name VALUES(2052,5990,'John Sparrow',13,'Sparrow, John','');
INSERT INTO name VALUES(2053,5991,'John Sparrow',6,'Sparrow, John','');
INSERT INTO name VALUES(2054,5992,'John Sparrow',12,'Sparrow, John','');
INSERT INTO name VALUES(2055,5993,'Samuel Kinsman',1,'Kinsman, Samuel','');
INSERT INTO name VALUES(2056,5994,'Lawrence Marlin James',1,'James, Lawrence Marlin','');
INSERT INTO name VALUES(2057,5995,'Paola Lona Gabaldon',1,'Gabaldon, Paola Lona','');
INSERT INTO name VALUES(2058,5996,'Fermin Lunn',1,'Lunn, Fermin','');
INSERT INTO name VALUES(2059,5997,'Marylee Paulina Marvis Tinsley',1,'Tinsley, Marylee Paulina Marvis','');
INSERT INTO name VALUES(2060,5998,'Lance Eldred',1,'Eldred, Lance','');
INSERT INTO name VALUES(2061,5999,'Stella Nightley',1,'Nightley, Stella','');
INSERT INTO name VALUES(2062,6000,'Jeff Hanson',1,'Hanson, Jeff','');
INSERT INTO name VALUES(2063,6001,'Cassondra Herod',1,'Herod, Cassondra','');
INSERT INTO name VALUES(2064,6002,'Phillip Orval Torgerson',1,'Torgerson, Phillip Orval','');
INSERT INTO name VALUES(2065,6003,'Earlie Rosetta Whittington',1,'Whittington, Earlie Rosetta','');
INSERT INTO name VALUES(2066,6004,'Leora Tisa Simonson',1,'Simonson, Leora Tisa','');
INSERT INTO name VALUES(2067,6005,'Jocelyn Gladys Epley',1,'Epley, Jocelyn Gladys','');
INSERT INTO name VALUES(2068,6006,'Scotty Jonas Diemer',1,'Diemer, Scotty Jonas','');
INSERT INTO name VALUES(2069,6007,'Santina Sonya Pare',1,'Pare, Santina Sonya','');
INSERT INTO name VALUES(2070,6008,'Anderson Donnell Saunders',1,'Saunders, Anderson Donnell','');
INSERT INTO name VALUES(2071,6009,'Paulette H. Pierre',1,'Pierre, Paulette H.','');
INSERT INTO name VALUES(2072,6010,'Malinda Debby Welter',1,'Welter, Malinda Debby','');
INSERT INTO name VALUES(2073,6011,'Rayford Willison',1,'Willison, Rayford','');
INSERT INTO name VALUES(2074,6012,'Harold Mckinley Oday',1,'Oday, Harold Mckinley','');
INSERT INTO name VALUES(2075,6013,'Harold Mckinley Oday',1,'Oday, Harold Mckinley','');
INSERT INTO name VALUES(2076,6014,'Dewitt Manzanares',1,'Manzanares, Dewitt','');
INSERT INTO name VALUES(2077,6015,'Gregory Lenny Buettner',1,'Buettner, Gregory Lenny','');
INSERT INTO name VALUES(2078,6016,'Cortez Dino Rael',1,'Rael, Cortez Dino','');
INSERT INTO name VALUES(2079,6017,'Hollis Jed Robbins',1,'Robbins, Hollis Jed','');
INSERT INTO name VALUES(2080,6018,'Jeffery Chauncey Dufrene',1,'Dufrene, Jeffery Chauncey','');
INSERT INTO name VALUES(2081,6019,'Milo Shults',1,'Shults, Milo','');
INSERT INTO name VALUES(2082,6020,'Henry Pettigrew',1,'Pettigrew, Henry','');
INSERT INTO name VALUES(2083,6021,'Lino Salerno',1,'Salerno, Lino','');
INSERT INTO name VALUES(2084,6022,'Adrian Wynne',1,'Wynne, Adrian','');
INSERT INTO name VALUES(2085,6023,'Marlin Virgil Lafayette',1,'Lafayette, Marlin Virgil','');
INSERT INTO name VALUES(2086,6024,'Cleveland Osman',1,'Osman, Cleveland','');
INSERT INTO name VALUES(2087,6025,'Rufus Bolding',1,'Bolding, Rufus','');
INSERT INTO name VALUES(2088,6026,'Brent Delmer Torrence',1,'Torrence, Brent Delmer','');
INSERT INTO name VALUES(2089,6027,'Armand Woosley',1,'Woosley, Armand','');
INSERT INTO name VALUES(2090,6028,'Reed Marrero',1,'Marrero, Reed','');
INSERT INTO name VALUES(2091,6029,'Scott Mumford',1,'Mumford, Scott','');
INSERT INTO name VALUES(2092,6030,'Eddy Ogden',1,'Ogden, Eddy','');
INSERT INTO name VALUES(2093,6031,'Nickolas Oscar Chitwood',1,'Chitwood, Nickolas Oscar','');
INSERT INTO name VALUES(2094,6032,'Boris Frederic Weathers',1,'Weathers, Boris Frederic','');
INSERT INTO name VALUES(2095,6033,'Aaron Haddix',1,'Haddix, Aaron','');
INSERT INTO name VALUES(2096,6034,'Toby Boyd Frisbie',1,'Frisbie, Toby Boyd','');
INSERT INTO name VALUES(2097,6035,'Bradly Flagg',1,'Flagg, Bradly','');
INSERT INTO name VALUES(2098,6036,'Tom Cedric Kern',1,'Kern, Tom Cedric','');
INSERT INTO name VALUES(2099,6037,'Philbert Pancake',1,'Pancake, Philbert','');
INSERT INTO name VALUES(2100,6038,'Hannelore Withers',1,'Withers, Hannelore','');
INSERT INTO name VALUES(2101,6039,'Katerine Blau',1,'Blau, Katerine','');
INSERT INTO name VALUES(2102,6040,'Delora Saran Andress',1,'Andress, Delora Saran','');
INSERT INTO name VALUES(2103,6041,'Sandra Oxendine',1,'Oxendine, Sandra','');
INSERT INTO name VALUES(2104,6042,'John McCaleb',1,'McCaleb, John','');
INSERT INTO name VALUES(2105,6043,'Samuel Pancake',1,'Pancake, Samuel','');
INSERT INTO name VALUES(2106,6044,'Johnny Dodge',1,'Dodge, Johnny','');
INSERT INTO name VALUES(2107,6045,'Elsie Marcela Arrington',1,'Arrington, Elsie Marcela','');
INSERT INTO name VALUES(2108,6046,'Rickard Van Zandt',1,'Zandt, Rickard Van','');
INSERT INTO name VALUES(2109,6047,'Jewell Catheryn Treadway',1,'Treadway, Jewell Catheryn','');
INSERT INTO name VALUES(2110,6048,'Manuel Bonilla',1,'Bonilla, Manuel','');
INSERT INTO name VALUES(2111,6049,'Abe Herschel Nieves',1,'Nieves, Abe Herschel','');
INSERT INTO name VALUES(2112,6050,'Nanette Irena Cave',1,'Cave, Nanette Irena','');
INSERT INTO name VALUES(2113,6051,'Duane Delbert Lheureux',1,'Lheureux, Duane Delbert','');
INSERT INTO name VALUES(2114,6052,'Wilfredo Hendren',1,'Hendren, Wilfredo','');
INSERT INTO name VALUES(2115,6053,'Meridith Hoke',1,'Hoke, Meridith','');
INSERT INTO name VALUES(2116,6054,'Diedre Marcia Collum',1,'Collum, Diedre Marcia','');
INSERT INTO name VALUES(2117,6055,'Jacqueline Leatherwood',1,'Leatherwood, Jacqueline','');
INSERT INTO name VALUES(2118,6056,'Cassandra Renate Sartain',1,'Sartain, Cassandra Renate','');
INSERT INTO name VALUES(2119,6057,'Gianna Desiree Dutra',1,'Dutra, Gianna Desiree','');
INSERT INTO name VALUES(2120,6058,'Margarita Tegan Wetmore',1,'Wetmore, Margarita Tegan','');
INSERT INTO name VALUES(2121,6059,'Carmen Valles',1,'Valles, Carmen','');
INSERT INTO name VALUES(2122,6060,'Samantha Isidra Duguay',1,'Duguay, Samantha Isidra','');
INSERT INTO name VALUES(2123,6061,'Yvonne Nader',1,'Nader, Yvonne','');
INSERT INTO name VALUES(2124,6062,'Cora Isenberg',1,'Isenberg, Cora','');
INSERT INTO name VALUES(2125,6063,'Clarice de Witt',1,'Witt, Clarice de','');
INSERT INTO name VALUES(2126,6064,'C. Shelby Witt',1,'Witt, C. Shelby','');
INSERT INTO name VALUES(2127,6065,'Basilia Karie Bethea',1,'Bethea, Basilia Karie','');
INSERT INTO name VALUES(2128,6066,'_____',1,'_____,','');
INSERT INTO name VALUES(2129,6067,'Sherell Lavina Darrah',1,'Darrah, Sherell Lavina','');
INSERT INTO name VALUES(2130,6068,'Annett Rina Lira',1,'Lira, Annett Rina','');
INSERT INTO name VALUES(2131,6069,'Christine K. Mulholland',1,'Mulholland, Christine K.','');
INSERT INTO name VALUES(2132,6070,'Martha Relph',1,'Relph, Martha','');
INSERT INTO name VALUES(2133,6071,'Martha Rossmeier',1,'Rossmeier, Martha','');
INSERT INTO name VALUES(2134,6072,'Dottie Hale',1,'Hale, Dottie','');
INSERT INTO name VALUES(2135,6073,'Virginia R. Robinson',1,'Robinson, Virginia R.','');
INSERT INTO name VALUES(2136,6074,'Karen Ardella Nicks',1,'Nicks, Karen Ardella','');
INSERT INTO name VALUES(2137,6075,'Arletha Willard',1,'Willard, Arletha','');
INSERT INTO name VALUES(2138,6076,'Raymond Willard',1,'Willard, Raymond','');
INSERT INTO name VALUES(2139,6077,'Pearly Odessa Deonna Charmain Vanbuskirk',1,'Vanbuskirk, Pearly Odessa Deonna Charmain','');
INSERT INTO name VALUES(2140,6078,'Williemae Pruitt',1,'Pruitt, Williemae','');
INSERT INTO name VALUES(2141,6079,'Herschel Gailey',1,'Gailey, Herschel','');
INSERT INTO name VALUES(2142,6080,'Stu Jenkins',1,'Jenkins, Stu','');
INSERT INTO name VALUES(2143,6081,'Stu Dinkins',1,'Dinkins, Stu','');
INSERT INTO name VALUES(2144,6082,'Steve Tensmith',1,'Tensmith, Steve','');
INSERT INTO name VALUES(2145,6083,'Lily Santeri',1,'Santeri, Lily','');
INSERT INTO name VALUES(2146,6084,'Giovanni Vespucci',1,'Vespucci, Giovanni','');
INSERT INTO name VALUES(2147,6085,'Marvin Pizchek',1,'Pizchek, Marvin','');
INSERT INTO name VALUES(2148,6086,'Stan Delaplane',1,'Delaplane, Stan','');
INSERT INTO name VALUES(2149,6087,'Theresa Stowers',1,'Stowers, Theresa','');
INSERT INTO name VALUES(2150,6088,'Catarina Heilman',1,'Heilman, Catarina','');
INSERT INTO name VALUES(2151,6089,'Bennie Benitez',1,'Benitez, Bennie','');
INSERT INTO name VALUES(2152,6090,'Eugene W. West',1,'West, Eugene W.','');
CREATE TABLE IF NOT EXISTS "finding" (finding_id INTEGER PRIMARY KEY AUTOINCREMENT, date TEXT NOT NULL DEFAULT '-0000-00-00-------', particulars TEXT NOT NULL DEFAULT '', age TEXT NOT NULL DEFAULT '', person_id INTEGER DEFAULT null, event_type_id INTEGER NOT NULL, date_sorter TEXT NOT NULL DEFAULT '0, 0, 0', age1 TEXT NOT NULL DEFAULT '', kin_type_id1 INTEGER, age2 TEXT NOT NULL DEFAULT '', kin_type_id2 INTEGER, person_id1 INTEGER DEFAULT null, person_id2 INTEGER DEFAULT null, nest0 INTEGER NOT NULL DEFAULT 1, nest1 INTEGER DEFAULT NULL, nest2 INTEGER DEFAULT NULL, nest3 INTEGER DEFAULT NULL, nest4 INTEGER DEFAULT NULL, nest5 INTEGER DEFAULT NULL, nest6 INTEGER DEFAULT NULL, nest7 INTEGER DEFAULT NULL, nest8 INTEGER DEFAULT NULL, FOREIGN KEY (person_id) REFERENCES person (person_id), FOREIGN KEY (event_type_id) REFERENCES event_type (event_type_id), FOREIGN KEY (kin_type_id1) REFERENCES kin_type (kin_type_id), FOREIGN KEY (kin_type_id2) REFERENCES kin_type (kin_type_id), FOREIGN KEY (person_id1) REFERENCES person (person_id), FOREIGN KEY (person_id2) REFERENCES person (person_id), FOREIGN KEY (nest0) REFERENCES place (place_id), FOREIGN KEY (nest1) REFERENCES place (place_id), FOREIGN KEY (nest2) REFERENCES place (place_id), FOREIGN KEY (nest3) REFERENCES place (place_id), FOREIGN KEY (nest4) REFERENCES place (place_id), FOREIGN KEY (nest5) REFERENCES place (place_id), FOREIGN KEY (nest6) REFERENCES place (place_id), FOREIGN KEY (nest7) REFERENCES place (place_id), FOREIGN KEY (nest8) REFERENCES place (place_id));
INSERT INTO finding VALUES(1,'-1884-ap-7-------','','0',1,1,'1884,4,7','25',2,'24',1,2,3,6,11,7,8,NULL,NULL,NULL,NULL,NULL);
INSERT INTO finding VALUES(2,'-1903-may--------','sang "I''ll Fly Away" for three days, didn''t eat','22',1,10,'1903,5,0','',NULL,'',NULL,NULL,NULL,7,8,NULL,NULL,NULL,NULL,NULL,NULL,NULL);
INSERT INTO finding VALUES(3,'-1910----to--1912---','Salvation Army Band','30',1,6,'1910,0,0','',NULL,'',NULL,NULL,NULL,6,11,7,8,NULL,NULL,NULL,NULL,NULL);
INSERT INTO finding VALUES(4,'-1955-f-04-------','','69',1,4,'1955,2,4','',NULL,'',NULL,NULL,NULL,6,11,7,8,NULL,NULL,NULL,NULL,NULL);
INSERT INTO finding VALUES(5,'-1909-mar-12-------','musically inclined, childhood sweethearts','',NULL,2,'1909,3,12','25',9,'24',9,1,6,6,11,7,8,NULL,NULL,NULL,NULL,NULL);
INSERT INTO finding VALUES(6,'-1891---------','','7',1,48,'1891,0,0','25',131,'24',131,5,4,1,NULL,NULL,NULL,NULL,NULL,NULL,NULL,NULL);
INSERT INTO finding VALUES(7,'-1913-may-9-------','twin','0',77,1,'1913,5,9','25',2,'24',1,1,6,21,10,4,2,8,NULL,NULL,NULL,NULL);
INSERT INTO finding VALUES(8,'-1913-may-08-------','twin 2','0',88,1,'1913,5,8','25',2,'24',1,1,6,21,10,4,2,8,NULL,NULL,NULL,NULL);
INSERT INTO finding VALUES(9,'-1909-mar-13-------','the groom arranged the music for the wedding','',NULL,11,'1909,3,13','25',9,'24',9,1,6,10,2,8,NULL,NULL,NULL,NULL,NULL,NULL);
INSERT INTO finding VALUES(11,'-1903-may-15-------','stole a clarinette','19',1,7,'1903,5,15','',NULL,'',NULL,NULL,NULL,6,11,7,8,NULL,NULL,NULL,NULL,NULL);
INSERT INTO finding VALUES(12,'-1955-f-07-------','details unclear','25',1,5,'1955,2,7','',NULL,'',NULL,NULL,NULL,6,11,7,8,NULL,NULL,NULL,NULL,NULL);
INSERT INTO finding VALUES(13,'abt-1891----to-est-1909---','turned in by a music teacher','7',1,12,'1891,0,0','',NULL,'',NULL,NULL,NULL,2,8,NULL,NULL,NULL,NULL,NULL,NULL,NULL);
INSERT INTO finding VALUES(14,'-1899---------','','',1,13,'1899,0,0','',NULL,'',NULL,NULL,NULL,4,2,8,NULL,NULL,NULL,NULL,NULL,NULL);
INSERT INTO finding VALUES(15,'-0000-00-00-------','fostered by his music teacher','7',1,13,'0000,00,00','',NULL,'',NULL,NULL,NULL,6,11,7,8,NULL,NULL,NULL,NULL,NULL);
INSERT INTO finding VALUES(16,'est-1909-f--ad-to-bef-1965---','music teacher','',6,6,'1909,2,0','',NULL,'',NULL,NULL,NULL,1,NULL,NULL,NULL,NULL,NULL,NULL,NULL,NULL);
INSERT INTO finding VALUES(17,'-1884----to--1909---','','25',6,6,'1884,0,0','',NULL,'',NULL,NULL,NULL,6,11,7,8,NULL,NULL,NULL,NULL,NULL);
INSERT INTO finding VALUES(18,'-1892---------','Swedish masseuse','42',15,6,'1892,0,0','',NULL,'',NULL,NULL,NULL,6,11,7,8,NULL,NULL,NULL,NULL,NULL);
INSERT INTO finding VALUES(26,'-1900----and--1901---','first marriage was short-lived','',NULL,2,'1900,0,0','',NULL,'',NULL,NULL,NULL,6,11,7,8,NULL,NULL,NULL,NULL,NULL);
INSERT INTO finding VALUES(27,'-1909----and--1955-mar--','husband and wife music school team (itinerant)','25',1,13,'1909,0,0','',NULL,'',NULL,NULL,NULL,6,11,7,8,NULL,NULL,NULL,NULL,NULL);
INSERT INTO finding VALUES(28,'-1884-f-30-------',' ','0',6,1,'1884,2,30','25',2,'24',1,5,4,6,11,7,8,NULL,NULL,NULL,NULL,NULL);
INSERT INTO finding VALUES(29,'-1963-jul-27-------','surrounded by students','76',6,4,'1963,7,27','',NULL,'',NULL,NULL,NULL,21,10,4,2,8,NULL,NULL,NULL,NULL);
INSERT INTO finding VALUES(30,'-1909-f-14-------','','25',6,13,'1909,2,14','',NULL,'',NULL,NULL,NULL,6,11,7,8,NULL,NULL,NULL,NULL,NULL);
INSERT INTO finding VALUES(119,'-1901-no-14-------','','',NULL,16,'1901,11,14','',NULL,'',NULL,NULL,NULL,6,11,7,8,NULL,NULL,NULL,NULL,NULL);
INSERT INTO finding VALUES(120,'-1849-f-17-------','','0',2,1,'1849,2,17','',NULL,'',NULL,NULL,NULL,6,11,7,8,NULL,NULL,NULL,NULL,NULL);
INSERT INTO finding VALUES(121,'-1935-d-01-------','','',2,4,'1935,12,1','',NULL,'',NULL,NULL,NULL,6,11,7,8,NULL,NULL,NULL,NULL,NULL);
INSERT INTO finding VALUES(122,'-1999-may-16-------','','',77,4,'1999,5,16','',NULL,'',NULL,NULL,NULL,1,NULL,NULL,NULL,NULL,NULL,NULL,NULL,NULL);
INSERT INTO finding VALUES(123,'-1931-ap-03-------','','',88,4,'1931,4,3','',NULL,'',NULL,NULL,NULL,6,11,7,8,NULL,NULL,NULL,NULL,NULL);
INSERT INTO finding VALUES(124,'-1859-mar-16-------','','0',4,1,'1859,3,16','',NULL,'',NULL,NULL,5740,6,11,7,8,NULL,NULL,NULL,NULL,NULL);
INSERT INTO finding VALUES(125,'-1961-d-05-------','','',4,4,'1961,12,5','',NULL,'',NULL,NULL,NULL,6,11,7,8,NULL,NULL,NULL,NULL,NULL);
INSERT INTO finding VALUES(126,'-1852----and--1853---','','0',5,1,'1852,0,0','',2,'',1,6080,NULL,6,11,7,8,NULL,NULL,NULL,NULL,NULL);
INSERT INTO finding VALUES(127,'-1922-jun--------','','',5,4,'1922,6,0','',NULL,'',NULL,NULL,NULL,6,11,7,8,NULL,NULL,NULL,NULL,NULL);
INSERT INTO finding VALUES(128,'-1890-ap-04-------','','0',12,1,'1890,4,4','',2,'',1,5637,5735,11,7,8,NULL,NULL,NULL,NULL,NULL,NULL);
INSERT INTO finding VALUES(129,'-1935---------','','',12,4,'1935,0,0','',NULL,'',NULL,NULL,NULL,6,11,7,8,NULL,NULL,NULL,NULL,NULL);
INSERT INTO finding VALUES(130,'-1850-jun-25-------','','0',292,1,'1850,6,25','',NULL,'',NULL,NULL,NULL,6,11,7,8,NULL,NULL,NULL,NULL,NULL);
INSERT INTO finding VALUES(131,'-1922-no-20-------','','',292,4,'1922,11,20','',NULL,'',NULL,NULL,NULL,6,11,7,8,NULL,NULL,NULL,NULL,NULL);
INSERT INTO finding VALUES(132,'-1870-jun-16-------','','0',293,1,'1870,6,16','',NULL,'',NULL,NULL,NULL,6,11,7,8,NULL,NULL,NULL,NULL,NULL);
INSERT INTO finding VALUES(133,'-1948-mar-14-------','','',293,4,'1948,3,14','',NULL,'',NULL,NULL,NULL,6,11,7,8,NULL,NULL,NULL,NULL,NULL);
INSERT INTO finding VALUES(134,'-1843-no-14-------','','0',294,1,'1843,11,14','',NULL,'',NULL,NULL,NULL,6,11,7,8,NULL,NULL,NULL,NULL,NULL);
INSERT INTO finding VALUES(135,'-1915-ap-16-------','','',294,4,'1915,4,16','',NULL,'',NULL,NULL,NULL,6,11,7,8,NULL,NULL,NULL,NULL,NULL);
INSERT INTO finding VALUES(136,'-1898-jul-01-------','','0',301,1,'1898,6,1','',NULL,'',NULL,NULL,NULL,6,11,7,8,NULL,NULL,NULL,NULL,NULL);
INSERT INTO finding VALUES(137,'-2001-ja-08-------','','',301,4,'2001,1,8','',NULL,'',NULL,NULL,NULL,6,11,7,8,NULL,NULL,NULL,NULL,NULL);
INSERT INTO finding VALUES(138,'-1895-may-12-------','','0',302,1,'1895,5,12','',NULL,'',NULL,NULL,NULL,6,11,7,8,NULL,NULL,NULL,NULL,NULL);
INSERT INTO finding VALUES(139,'-1923-mar-04-------','','',302,4,'1923,3,4','',NULL,'',NULL,NULL,NULL,6,11,7,8,NULL,NULL,NULL,NULL,NULL);
INSERT INTO finding VALUES(140,'-1876-ja-09-------','','0',303,1,'1876,1,9','',NULL,'',NULL,NULL,NULL,6,11,7,8,NULL,NULL,NULL,NULL,NULL);
INSERT INTO finding VALUES(141,'-1965-ja-24-------','','',303,4,'1965,1,24','',NULL,'',NULL,NULL,NULL,6,11,7,8,NULL,NULL,NULL,NULL,NULL);
INSERT INTO finding VALUES(142,'-1880-ja-21-------','','0',304,1,'1880,1,21','',NULL,'',NULL,NULL,NULL,6,11,7,8,NULL,NULL,NULL,NULL,NULL);
INSERT INTO finding VALUES(143,'-1950-mar-07-------','','',304,4,'1950,3,7','',NULL,'',NULL,NULL,NULL,6,11,7,8,NULL,NULL,NULL,NULL,NULL);
INSERT INTO finding VALUES(144,'-1852-mar-11-------','','0',305,1,'1852,3,11','',NULL,'',NULL,NULL,NULL,6,11,7,8,NULL,NULL,NULL,NULL,NULL);
INSERT INTO finding VALUES(145,'-1936-au-17-------','','',305,4,'1936,8,17','',NULL,'',NULL,NULL,NULL,6,11,7,8,NULL,NULL,NULL,NULL,NULL);
INSERT INTO finding VALUES(146,'-1888-ap-03-------','','0',306,1,'1888,4,3','',NULL,'',NULL,NULL,NULL,6,11,7,8,NULL,NULL,NULL,NULL,NULL);
INSERT INTO finding VALUES(147,'-1930-au-08-------','','',306,4,'1930,8,8','',NULL,'',NULL,NULL,NULL,6,11,7,8,NULL,NULL,NULL,NULL,NULL);
INSERT INTO finding VALUES(148,'-1922-s-08-------','','0',307,1,'1922,9,8','',NULL,'',NULL,NULL,NULL,6,11,7,8,NULL,NULL,NULL,NULL,NULL);
INSERT INTO finding VALUES(149,'-1988---------','','',307,4,'1988,0,0','',NULL,'',NULL,NULL,NULL,6,11,7,8,NULL,NULL,NULL,NULL,NULL);
INSERT INTO finding VALUES(150,'-1882-jul-04-------','','',NULL,2,'1882,7,4','',NULL,'',NULL,NULL,NULL,6,11,7,8,NULL,NULL,NULL,NULL,NULL);
INSERT INTO finding VALUES(153,'-0000-00-00-------','Italian','',1,26,'0,0,0','',NULL,'',NULL,NULL,NULL,1,NULL,NULL,NULL,NULL,NULL,NULL,NULL,NULL);
INSERT INTO finding VALUES(154,'-0000-00-00-------','dark red','',6,20,'0000,00,00','',NULL,'',NULL,NULL,NULL,19,7,8,NULL,NULL,NULL,NULL,NULL,NULL);
INSERT INTO finding VALUES(157,'-0000-00-00-------','lifelong wine lover','',1,46,'0,0,0','',NULL,'',NULL,NULL,NULL,1,NULL,NULL,NULL,NULL,NULL,NULL,NULL,NULL);
INSERT INTO finding VALUES(162,'-0000-00-00-------','music teacher','',1,31,'0,0,0','',NULL,'',NULL,NULL,NULL,1,NULL,NULL,NULL,NULL,NULL,NULL,NULL,NULL);
INSERT INTO finding VALUES(163,'-0000-00-00-------','never touched the stuff','',1,45,'0,0,0','',NULL,'',NULL,NULL,NULL,6,11,7,8,NULL,NULL,NULL,NULL,NULL);
INSERT INTO finding VALUES(164,'-0000-00-00-------','playing more music','',1,37,'0,0,0','',NULL,'',NULL,NULL,NULL,6,11,7,8,NULL,NULL,NULL,NULL,NULL);
INSERT INTO finding VALUES(165,'-0000-00-00-------','graduated early grade 12','',6,42,'0,0,0','',NULL,'',NULL,NULL,NULL,6,11,7,8,NULL,NULL,NULL,NULL,NULL);
INSERT INTO finding VALUES(170,'-0000-00-00-------','brown','',297,20,'0,0,0','',NULL,'',NULL,NULL,NULL,6,11,7,8,NULL,NULL,NULL,NULL,NULL);
INSERT INTO finding VALUES(172,'-0000-00-00-------','imported cigars only','',5,45,'0,0,0','',NULL,'',NULL,NULL,NULL,6,11,7,8,NULL,NULL,NULL,NULL,NULL);
INSERT INTO finding VALUES(173,'-0000-00-00-------','piano tuner and coffin maker','',5,31,'0,0,0','',NULL,'',NULL,NULL,NULL,6,11,7,8,NULL,NULL,NULL,NULL,NULL);
INSERT INTO finding VALUES(179,'-0000-00-00-------','8','',297,33,'0,0,0','',NULL,'',NULL,NULL,NULL,6,11,7,8,NULL,NULL,NULL,NULL,NULL);
INSERT INTO finding VALUES(180,'-0000-00-00-------','collected empty cough syrup bottles','',297,46,'0,0,0','',NULL,'',NULL,NULL,NULL,6,11,7,8,NULL,NULL,NULL,NULL,NULL);
INSERT INTO finding VALUES(189,'-0000-00-00-------','pastor','',297,31,'0,0,0','',NULL,'',NULL,NULL,NULL,6,11,7,8,NULL,NULL,NULL,NULL,NULL);
INSERT INTO finding VALUES(191,'-0000-00-00-------','divorced','34',297,34,'0,0,0','',NULL,'',NULL,NULL,NULL,6,11,7,8,NULL,NULL,NULL,NULL,NULL);
INSERT INTO finding VALUES(202,'-0000-00-00-------','13','48',297,32,'0,0,0','',NULL,'',NULL,NULL,NULL,6,11,7,8,NULL,NULL,NULL,NULL,NULL);
INSERT INTO finding VALUES(205,'-0000-00-00-------','from Catholic to Presbyterian','',297,10,'0,0,0','',NULL,'',NULL,NULL,NULL,6,11,7,8,NULL,NULL,NULL,NULL,NULL);
INSERT INTO finding VALUES(206,'-0000-00-00-------','automatic hand to turn bible pages','52',297,9,'0,0,0','',NULL,'',NULL,NULL,NULL,6,11,7,8,NULL,NULL,NULL,NULL,NULL);
INSERT INTO finding VALUES(207,'-0000-00-00-------','yes','',297,39,'0,0,0','',NULL,'',NULL,NULL,NULL,6,11,7,8,NULL,NULL,NULL,NULL,NULL);
INSERT INTO finding VALUES(208,'-0000-00-00-------','meadow behind church','',297,5,'0,0,0','',NULL,'',NULL,NULL,NULL,6,11,7,8,NULL,NULL,NULL,NULL,NULL);
INSERT INTO finding VALUES(209,'-0000-00-00-------','church steeple','0',297,1,'0,0,0','',NULL,'',NULL,NULL,NULL,6,11,7,8,NULL,NULL,NULL,NULL,NULL);
INSERT INTO finding VALUES(210,'-0000-00-00-------','beware pilgrim','68',297,4,'0,0,0','',NULL,'',NULL,NULL,NULL,6,11,7,8,NULL,NULL,NULL,NULL,NULL);
INSERT INTO finding VALUES(211,'-0000-00-00-------','half French Canadian','',297,41,'0,0,0','',NULL,'',NULL,NULL,NULL,6,11,7,8,NULL,NULL,NULL,NULL,NULL);
INSERT INTO finding VALUES(212,'-0000-00-00-------','not noticably sober most of the time','',297,29,'0,0,0','',NULL,'',NULL,NULL,NULL,6,11,7,8,NULL,NULL,NULL,NULL,NULL);
INSERT INTO finding VALUES(214,'-1824-oc-03-------','','0',309,1,'1824,10,3','',NULL,'',NULL,NULL,NULL,6,11,7,8,NULL,NULL,NULL,NULL,NULL);
INSERT INTO finding VALUES(215,'-0000-00-00-------','yes','',6,39,'0,0,0','',NULL,'',NULL,NULL,NULL,1,NULL,NULL,NULL,NULL,NULL,NULL,NULL,NULL);
INSERT INTO finding VALUES(222,'-0000-00-00-------','playing and teaching music','',6,36,'0,0,0','',NULL,'',NULL,NULL,NULL,6,11,7,8,NULL,NULL,NULL,NULL,NULL);
INSERT INTO finding VALUES(225,'-0000-00-00-------','','0',631,1,'0,0,0','',NULL,'',NULL,NULL,NULL,6,11,7,8,NULL,NULL,NULL,NULL,NULL);
INSERT INTO finding VALUES(226,'-0000-00-00-------','','',631,5,'0,0,0','',NULL,'',NULL,NULL,NULL,6,11,7,8,NULL,NULL,NULL,NULL,NULL);
INSERT INTO finding VALUES(227,'-0000-00-00-------','','',631,4,'0,0,0','',NULL,'',NULL,NULL,NULL,6,11,7,8,NULL,NULL,NULL,NULL,NULL);
INSERT INTO finding VALUES(475,'bet-1872-au-17-and-cal-1874---ad','','0',5555,1,'1872,8,17','',NULL,'',NULL,NULL,NULL,6,11,7,8,NULL,NULL,NULL,NULL,NULL);
INSERT INTO finding VALUES(477,'-0000-00-00-------','','',NULL,2,'0,0,0','25',9,'24',9,387,77,6,11,7,8,NULL,NULL,NULL,NULL,NULL);
INSERT INTO finding VALUES(478,'-0000-00-00-------','','0',388,1,'0,0,0','',2,'',1,615,88,6,11,7,8,NULL,NULL,NULL,NULL,NULL);
INSERT INTO finding VALUES(540,'-0000-00-00-------','','',NULL,11,'0,0,0','',NULL,'',NULL,NULL,NULL,8,NULL,NULL,NULL,NULL,NULL,NULL,NULL,NULL);
INSERT INTO finding VALUES(541,'-0000-00-00-------','','',NULL,11,'0,0,0','',NULL,'',NULL,NULL,NULL,8,NULL,NULL,NULL,NULL,NULL,NULL,NULL,NULL);
INSERT INTO finding VALUES(550,'-0000-00-00-------','','0',3,1,'0,0,0','',2,'',1,6084,6083,12,NULL,NULL,NULL,NULL,NULL,NULL,NULL,NULL);
INSERT INTO finding VALUES(551,'-0000-00-00-------','','88',3,4,'0,0,0','',NULL,'',NULL,NULL,NULL,7,8,NULL,NULL,NULL,NULL,NULL,NULL,NULL);
INSERT INTO finding VALUES(552,'-1942-s-07------','','88',3,68,'1942, 9, 7','',NULL,'',NULL,NULL,NULL,7,8,NULL,NULL,NULL,NULL,NULL,NULL,NULL);
INSERT INTO finding VALUES(553,'-1942-au-08------','','88',3,5,'1942, 8, 8','',NULL,'',NULL,NULL,NULL,6,11,7,8,NULL,NULL,NULL,NULL,NULL);
INSERT INTO finding VALUES(556,'-0000-00-00-------','','',NULL,2,'0,0,0','',NULL,'',NULL,NULL,NULL,8,NULL,NULL,NULL,NULL,NULL,NULL,NULL,NULL);
INSERT INTO finding VALUES(558,'-0000-00-00-------','','',NULL,2,'0,0,0','',NULL,'',NULL,NULL,NULL,8,NULL,NULL,NULL,NULL,NULL,NULL,NULL,NULL);
INSERT INTO finding VALUES(559,'-0000-00-00-------','','',NULL,2,'0,0,0','',NULL,'',NULL,NULL,NULL,8,NULL,NULL,NULL,NULL,NULL,NULL,NULL,NULL);
INSERT INTO finding VALUES(560,'-0000-00-00-------','','',NULL,2,'0,0,0','',NULL,'',NULL,NULL,NULL,8,NULL,NULL,NULL,NULL,NULL,NULL,NULL,NULL);
INSERT INTO finding VALUES(561,'-0000-00-00-------','','',NULL,2,'0,0,0','',NULL,'',NULL,NULL,NULL,8,NULL,NULL,NULL,NULL,NULL,NULL,NULL,NULL);
INSERT INTO finding VALUES(562,'-0000-00-00-------','shortly before emigrating to America','',NULL,11,'0,0,0','25',8,'24',7,2,3,14,12,NULL,NULL,NULL,NULL,NULL,NULL,NULL);
INSERT INTO finding VALUES(564,'-0000-00-00-------','','',NULL,2,'0,0,0','',NULL,'',NULL,NULL,NULL,8,NULL,NULL,NULL,NULL,NULL,NULL,NULL,NULL);
INSERT INTO finding VALUES(570,'-0000-00-00-------','','0',5561,1,'0,0,0','',NULL,'',NULL,NULL,NULL,8,NULL,NULL,NULL,NULL,NULL,NULL,NULL,NULL);
INSERT INTO finding VALUES(573,'-0000-00-00-------','selling car insurance','33',5569,31,'0,0,0','',NULL,'',NULL,NULL,NULL,10,2,8,NULL,NULL,NULL,NULL,NULL,NULL);
INSERT INTO finding VALUES(574,'-0000-00-00-------','pink and green','',NULL,11,'0,0,0','25',25,'24',24,5595,421,16,NULL,NULL,NULL,NULL,NULL,NULL,NULL,NULL);
INSERT INTO finding VALUES(579,'-0000-00-00-------','dsf','0',421,1,'0,0,0','',NULL,'',NULL,NULL,NULL,800,NULL,NULL,NULL,NULL,NULL,NULL,NULL,NULL);
INSERT INTO finding VALUES(581,'-0000-00-00-------','asdf','',NULL,17,'0,0,0','25',8,'24',7,5595,421,19,7,8,NULL,NULL,NULL,NULL,NULL,NULL);
INSERT INTO finding VALUES(582,'-0000-00-00-------','asd','',NULL,16,'0,0,0','25',16,'24',17,5593,NULL,19,7,8,NULL,NULL,NULL,NULL,NULL,NULL);
INSERT INTO finding VALUES(586,'-0000-00-00-------','asdf','0',5599,1,'0,0,0','',NULL,'',NULL,NULL,NULL,19,7,8,NULL,NULL,NULL,NULL,NULL,NULL);
INSERT INTO finding VALUES(587,'-0000-00-00-------','asad','',NULL,17,'0,0,0','25',18,'24',19,NULL,5600,19,7,8,NULL,NULL,NULL,NULL,NULL,NULL);
INSERT INTO finding VALUES(588,'-0000-00-00-------','','0',5600,1,'0,0,0','',NULL,'',NULL,NULL,NULL,1,NULL,NULL,NULL,NULL,NULL,NULL,NULL,NULL);
INSERT INTO finding VALUES(594,'-0000-00-00-------','','0',5595,1,'0,0,0','',NULL,'',NULL,NULL,NULL,1,NULL,NULL,NULL,NULL,NULL,NULL,NULL,NULL);
INSERT INTO finding VALUES(595,'-0000-00-00-------','','0',5557,1,'0,0,0','',NULL,'',NULL,NULL,NULL,1,NULL,NULL,NULL,NULL,NULL,NULL,NULL,NULL);
INSERT INTO finding VALUES(615,'-0000-00-00-------','','',NULL,17,'0,0,0','',NULL,'',NULL,NULL,NULL,8,NULL,NULL,NULL,NULL,NULL,NULL,NULL,NULL);
INSERT INTO finding VALUES(619,'-1900-f-14-------','','28',12,13,'1900,2,14','',NULL,'',NULL,NULL,NULL,2,8,NULL,NULL,NULL,NULL,NULL,NULL,NULL);
INSERT INTO finding VALUES(621,'-1900----to--1905---','grade 7','11',12,42,'1900,0,0','',NULL,'',NULL,NULL,NULL,2,8,NULL,NULL,NULL,NULL,NULL,NULL,NULL);
INSERT INTO finding VALUES(622,'-0000-00-00-------','used car salesman','37',12,6,'0,0,0','',NULL,'',NULL,NULL,NULL,119,8,NULL,NULL,NULL,NULL,NULL,NULL,NULL);
INSERT INTO finding VALUES(623,'-0000-00-00-------','pauper''s field','46',12,88,'0,0,0','',NULL,'',NULL,NULL,NULL,118,119,8,NULL,NULL,NULL,NULL,NULL,NULL);
INSERT INTO finding VALUES(624,'-0000-00-00-------','tombstone salesman','41',12,6,'0,0,0','',NULL,'',NULL,NULL,NULL,118,119,8,NULL,NULL,NULL,NULL,NULL,NULL);
INSERT INTO finding VALUES(625,'-1920----to-abt-1935-jul-18-ad','bachelor pad','35',12,13,'1920,0,0','',NULL,'',NULL,NULL,NULL,118,119,8,NULL,NULL,NULL,NULL,NULL,NULL);
INSERT INTO finding VALUES(627,'-1890---------','1bd','0',5666,1,'0,0,0','',NULL,'',NULL,NULL,NULL,19,7,8,NULL,NULL,NULL,NULL,NULL,NULL);
INSERT INTO finding VALUES(628,'-1844---------','','0',5675,1,'0,0,0','',NULL,'',NULL,NULL,NULL,16,NULL,NULL,NULL,NULL,NULL,NULL,NULL,NULL);
INSERT INTO finding VALUES(629,'-1899---------','','16',12,13,'1899,0,0','',NULL,'',NULL,NULL,NULL,29,8,NULL,NULL,NULL,NULL,NULL,NULL,NULL);
INSERT INTO finding VALUES(630,'-1901---------','','28',12,13,'1901,0,0','',NULL,'',NULL,NULL,NULL,702,8,NULL,NULL,NULL,NULL,NULL,NULL,NULL);
INSERT INTO finding VALUES(631,'-1888---------','asdf','',NULL,2,'0,0,0','25',8,'24',7,294,5754,6,11,7,8,NULL,NULL,NULL,NULL,NULL);
INSERT INTO finding VALUES(635,'-0000-00-00-------','','0',5635,1,'0,0,0','25',2,'24',1,5631,5734,1,NULL,NULL,NULL,NULL,NULL,NULL,NULL,NULL);
INSERT INTO finding VALUES(637,'-0000-00-00-------','','21',6,45,'0,0,0','',NULL,'',NULL,NULL,NULL,1,NULL,NULL,NULL,NULL,NULL,NULL,NULL,NULL);
INSERT INTO finding VALUES(638,'-1922---------','','33',6,13,'1922,0,0','',NULL,'',NULL,NULL,NULL,7,8,NULL,NULL,NULL,NULL,NULL,NULL,NULL);
INSERT INTO finding VALUES(641,'-0000-00-00-------','married','45',6,34,'0,0,0','',NULL,'',NULL,NULL,NULL,7,8,NULL,NULL,NULL,NULL,NULL,NULL,NULL);
INSERT INTO finding VALUES(645,'-0000-00-00-------','nothing stronger than apple jack','',6,46,'0,0,0','',NULL,'',NULL,NULL,NULL,1,NULL,NULL,NULL,NULL,NULL,NULL,NULL,NULL);
INSERT INTO finding VALUES(646,'-1905---------','done in haste','',NULL,15,'1905,0,0','25',7,'24',8,12,6,6,11,7,8,NULL,NULL,NULL,NULL,NULL);
INSERT INTO finding VALUES(649,'-1906-mar--------','county courthouse','',NULL,18,'1906,3,0','25',7,'24',8,12,6,1,NULL,NULL,NULL,NULL,NULL,NULL,NULL,NULL);
INSERT INTO finding VALUES(651,'-0000-00-00-------','unknown','88',6,34,'0,0,0','',NULL,'',NULL,NULL,NULL,1,NULL,NULL,NULL,NULL,NULL,NULL,NULL,NULL);
INSERT INTO finding VALUES(652,'-1912---------','','39',6,3,'1912,0,0','',NULL,'',NULL,NULL,NULL,10,2,8,NULL,NULL,NULL,NULL,NULL,NULL);
INSERT INTO finding VALUES(653,'-1999---------','posthumous maybe?','200',6,72,'1999,0,0','',NULL,'',NULL,NULL,NULL,11,7,8,NULL,NULL,NULL,NULL,NULL,NULL);
INSERT INTO finding VALUES(654,'-0000-00-00-------','sick of being married','22',6,3,'0,0,0','',NULL,'',NULL,NULL,NULL,19,7,8,NULL,NULL,NULL,NULL,NULL,NULL);
INSERT INTO finding VALUES(656,'-1965---------','','0',392,1,'1965,0,0','',NULL,'',NULL,NULL,NULL,1,NULL,NULL,NULL,NULL,NULL,NULL,NULL,NULL);
INSERT INTO finding VALUES(657,'-0000-00-00-------','','',NULL,2,'0,0,0','',NULL,'',NULL,NULL,NULL,1,NULL,NULL,NULL,NULL,NULL,NULL,NULL,NULL);
INSERT INTO finding VALUES(658,'abt-1889---------','','',NULL,11,'1889,0,0','',128,'',9,5588,5766,1,NULL,NULL,NULL,NULL,NULL,NULL,NULL,NULL);
INSERT INTO finding VALUES(659,'-1921-ap-14-------','sdfasdf','0',5766,1,'1921,4,14','',NULL,'',NULL,NULL,NULL,20,19,7,8,NULL,NULL,NULL,NULL,NULL);
INSERT INTO finding VALUES(660,'abt-1884-ap-1-------','','',NULL,11,'1884,4,1','',128,'',129,5588,5777,1,NULL,NULL,NULL,NULL,NULL,NULL,NULL,NULL);
INSERT INTO finding VALUES(661,'-0000-00-00-------','','0',5777,1,'0,0,0','',NULL,'',NULL,NULL,NULL,1,NULL,NULL,NULL,NULL,NULL,NULL,NULL,NULL);
INSERT INTO finding VALUES(662,'-1915---------','asdf','10',5588,6,'1915,0,0','',NULL,'',NULL,NULL,NULL,6,11,7,8,NULL,NULL,NULL,NULL,NULL);
INSERT INTO finding VALUES(663,'-1925---------','asdf','88',5588,13,'1925,0,0','',NULL,'',NULL,NULL,NULL,7,8,NULL,NULL,NULL,NULL,NULL,NULL,NULL);
INSERT INTO finding VALUES(664,'-1899---------','asdf','',NULL,11,'1899,0,0','25',128,'24',129,5588,5778,2,8,NULL,NULL,NULL,NULL,NULL,NULL,NULL);
INSERT INTO finding VALUES(665,'-0000-00-00-------','','0',5778,1,'0,0,0','',NULL,'',NULL,NULL,NULL,1,NULL,NULL,NULL,NULL,NULL,NULL,NULL,NULL);
INSERT INTO finding VALUES(666,'abt-1897---------','asdf','',NULL,11,'1897,0,0','25',128,'24',129,5588,5779,4,2,8,NULL,NULL,NULL,NULL,NULL,NULL);
INSERT INTO finding VALUES(667,'-0000-00-00-------','','0',5779,1,'0,0,0','',2,'',1,5827,5847,1,NULL,NULL,NULL,NULL,NULL,NULL,NULL,NULL);
INSERT INTO finding VALUES(668,'-1920---------','sdf','0',5783,1,'1920,0,0','25',2,'24',1,12,5635,117,118,119,8,NULL,NULL,NULL,NULL,NULL);
INSERT INTO finding VALUES(669,'-1922-ja-18-------','','0',5740,1,'1922,1,18','',NULL,'',NULL,NULL,NULL,1,NULL,NULL,NULL,NULL,NULL,NULL,NULL,NULL);
INSERT INTO finding VALUES(670,'-1915-au-1-------','','0',5711,1,'1915,8,1','',NULL,'',NULL,NULL,NULL,1,NULL,NULL,NULL,NULL,NULL,NULL,NULL,NULL);
INSERT INTO finding VALUES(671,'-1929-s-30-------','','0',5732,1,'1929,9,30','25',2,'24',1,12,5735,1,NULL,NULL,NULL,NULL,NULL,NULL,NULL,NULL);
INSERT INTO finding VALUES(672,'-1921-ap-14-------','','0',5677,1,'1921,4,14','',NULL,'',NULL,NULL,NULL,1,NULL,NULL,NULL,NULL,NULL,NULL,NULL,NULL);
INSERT INTO finding VALUES(673,'-1927-au-6-------','','0',5685,1,'1927,8,6','',NULL,'',NULL,NULL,NULL,1,NULL,NULL,NULL,NULL,NULL,NULL,NULL,NULL);
INSERT INTO finding VALUES(674,'-1961-jun-29-------',';lkjsadf','40',5677,4,'1961,6,29','',NULL,'',NULL,NULL,NULL,117,118,119,8,NULL,NULL,NULL,NULL,NULL);
INSERT INTO finding VALUES(678,'-0000-00-00-------','','0',7,1,'0,0,0','',NULL,'',NULL,NULL,NULL,1,NULL,NULL,NULL,NULL,NULL,NULL,NULL,NULL);
INSERT INTO finding VALUES(679,'-0000-00-00-------','','0',8,1,'0,0,0','',NULL,'',NULL,NULL,NULL,1,NULL,NULL,NULL,NULL,NULL,NULL,NULL,NULL);
INSERT INTO finding VALUES(680,'-0000-00-00-------','','0',11,1,'0,0,0','',2,'',NULL,6042,NULL,1,NULL,NULL,NULL,NULL,NULL,NULL,NULL,NULL);
INSERT INTO finding VALUES(681,'-0000-00-00-------','','0',295,1,'0,0,0','',2,'',1,5817,5837,1,NULL,NULL,NULL,NULL,NULL,NULL,NULL,NULL);
INSERT INTO finding VALUES(682,'-0000-00-00-------','','0',296,1,'0,0,0','',NULL,'',NULL,NULL,NULL,1,NULL,NULL,NULL,NULL,NULL,NULL,NULL,NULL);
INSERT INTO finding VALUES(683,'-0000-00-00-------','','0',298,1,'0,0,0','',NULL,'',NULL,NULL,NULL,1,NULL,NULL,NULL,NULL,NULL,NULL,NULL,NULL);
INSERT INTO finding VALUES(684,'-0000-00-00-------','','0',299,1,'0,0,0','',NULL,'',NULL,NULL,NULL,1,NULL,NULL,NULL,NULL,NULL,NULL,NULL,NULL);
INSERT INTO finding VALUES(685,'-0000-00-00-------','','0',300,1,'0,0,0','',NULL,'',NULL,NULL,NULL,1,NULL,NULL,NULL,NULL,NULL,NULL,NULL,NULL);
INSERT INTO finding VALUES(686,'-0000-00-00-------','','0',308,1,'0,0,0','',2,'',1,NULL,NULL,1,NULL,NULL,NULL,NULL,NULL,NULL,NULL,NULL);
INSERT INTO finding VALUES(687,'-0000-00-00-------','','0',310,1,'0,0,0','',NULL,'',NULL,NULL,NULL,1,NULL,NULL,NULL,NULL,NULL,NULL,NULL,NULL);
INSERT INTO finding VALUES(688,'-0000-00-00-------','','0',311,1,'0,0,0','',NULL,'',NULL,NULL,NULL,1,NULL,NULL,NULL,NULL,NULL,NULL,NULL,NULL);
INSERT INTO finding VALUES(689,'-0000-00-00-------','','0',312,1,'0,0,0','',NULL,'',NULL,NULL,NULL,1,NULL,NULL,NULL,NULL,NULL,NULL,NULL,NULL);
INSERT INTO finding VALUES(690,'-1842-f-9-------','','0',322,1,'1842,2,9','',2,'',1,5588,5779,1,NULL,NULL,NULL,NULL,NULL,NULL,NULL,NULL);
INSERT INTO finding VALUES(691,'-0000-00-00-------','','0',324,1,'0,0,0','',NULL,'',NULL,NULL,NULL,1,NULL,NULL,NULL,NULL,NULL,NULL,NULL,NULL);
INSERT INTO finding VALUES(692,'-0000-00-00-------','','0',379,1,'0,0,0','',NULL,'',NULL,NULL,NULL,1,NULL,NULL,NULL,NULL,NULL,NULL,NULL,NULL);
INSERT INTO finding VALUES(693,'-0000-00-00-------','','0',380,1,'0,0,0','',NULL,'',NULL,NULL,NULL,1,NULL,NULL,NULL,NULL,NULL,NULL,NULL,NULL);
INSERT INTO finding VALUES(694,'-0000-00-00-------','','0',381,1,'0,0,0','',NULL,'',NULL,NULL,NULL,1,NULL,NULL,NULL,NULL,NULL,NULL,NULL,NULL);
INSERT INTO finding VALUES(695,'-0000-00-00-------','','0',382,1,'0,0,0','',NULL,'',NULL,NULL,NULL,1,NULL,NULL,NULL,NULL,NULL,NULL,NULL,NULL);
INSERT INTO finding VALUES(696,'-0000-00-00-------','','0',383,1,'0,0,0','',NULL,'',NULL,NULL,NULL,1,NULL,NULL,NULL,NULL,NULL,NULL,NULL,NULL);
INSERT INTO finding VALUES(697,'-0000-00-00-------','','0',386,1,'0,0,0','',NULL,'',NULL,NULL,NULL,1,NULL,NULL,NULL,NULL,NULL,NULL,NULL,NULL);
INSERT INTO finding VALUES(698,'-0000-00-00-------','','0',387,1,'0,0,0','',NULL,'',NULL,NULL,NULL,1,NULL,NULL,NULL,NULL,NULL,NULL,NULL,NULL);
INSERT INTO finding VALUES(699,'-0000-00-00-------','','0',389,1,'0,0,0','',2,'',1,NULL,NULL,1,NULL,NULL,NULL,NULL,NULL,NULL,NULL,NULL);
INSERT INTO finding VALUES(700,'-0000-00-00-------','','0',390,1,'0,0,0','',NULL,'',NULL,NULL,NULL,1,NULL,NULL,NULL,NULL,NULL,NULL,NULL,NULL);
INSERT INTO finding VALUES(701,'-0000-00-00-------','','0',391,1,'0,0,0','',NULL,'',NULL,NULL,NULL,1,NULL,NULL,NULL,NULL,NULL,NULL,NULL,NULL);
INSERT INTO finding VALUES(702,'-0000-00-00-------','','0',393,1,'0,0,0','',NULL,'',NULL,NULL,NULL,1,NULL,NULL,NULL,NULL,NULL,NULL,NULL,NULL);
INSERT INTO finding VALUES(703,'-0000-00-00-------','','0',394,1,'0,0,0','',NULL,'',NULL,NULL,NULL,1,NULL,NULL,NULL,NULL,NULL,NULL,NULL,NULL);
INSERT INTO finding VALUES(704,'-0000-00-00-------','','0',395,1,'0,0,0','',NULL,'',NULL,NULL,NULL,1,NULL,NULL,NULL,NULL,NULL,NULL,NULL,NULL);
INSERT INTO finding VALUES(706,'-0000-00-00-------','','0',398,1,'0,0,0','',NULL,'',NULL,NULL,NULL,1,NULL,NULL,NULL,NULL,NULL,NULL,NULL,NULL);
INSERT INTO finding VALUES(707,'-0000-00-00-------','','0',399,1,'0,0,0','',NULL,'',NULL,NULL,NULL,1,NULL,NULL,NULL,NULL,NULL,NULL,NULL,NULL);
INSERT INTO finding VALUES(708,'-0000-00-00-------','','0',400,1,'0,0,0','',NULL,'',NULL,NULL,NULL,1,NULL,NULL,NULL,NULL,NULL,NULL,NULL,NULL);
INSERT INTO finding VALUES(709,'-0000-00-00-------','','0',401,1,'0,0,0','',NULL,'',NULL,NULL,NULL,1,NULL,NULL,NULL,NULL,NULL,NULL,NULL,NULL);
INSERT INTO finding VALUES(710,'-0000-00-00-------','','0',402,1,'0,0,0','',NULL,'',NULL,NULL,NULL,1,NULL,NULL,NULL,NULL,NULL,NULL,NULL,NULL);
INSERT INTO finding VALUES(711,'-0000-00-00-------','','0',403,1,'0,0,0','',NULL,'',NULL,NULL,NULL,1,NULL,NULL,NULL,NULL,NULL,NULL,NULL,NULL);
INSERT INTO finding VALUES(712,'-0000-00-00-------','','0',404,1,'0,0,0','',NULL,'',NULL,NULL,NULL,1,NULL,NULL,NULL,NULL,NULL,NULL,NULL,NULL);
INSERT INTO finding VALUES(713,'-0000-00-00-------','','0',405,1,'0,0,0','',NULL,'',NULL,NULL,NULL,1,NULL,NULL,NULL,NULL,NULL,NULL,NULL,NULL);
INSERT INTO finding VALUES(714,'-0000-00-00-------','','0',406,1,'0,0,0','',NULL,'',NULL,NULL,NULL,1,NULL,NULL,NULL,NULL,NULL,NULL,NULL,NULL);
INSERT INTO finding VALUES(715,'-0000-00-00-------','','0',407,1,'0,0,0','',NULL,'',NULL,NULL,NULL,1,NULL,NULL,NULL,NULL,NULL,NULL,NULL,NULL);
INSERT INTO finding VALUES(716,'-0000-00-00-------','','0',408,1,'0,0,0','',NULL,'',NULL,NULL,NULL,1,NULL,NULL,NULL,NULL,NULL,NULL,NULL,NULL);
INSERT INTO finding VALUES(717,'-0000-00-00-------','','0',409,1,'0,0,0','',NULL,'',NULL,NULL,NULL,1,NULL,NULL,NULL,NULL,NULL,NULL,NULL,NULL);
INSERT INTO finding VALUES(718,'-0000-00-00-------','','0',410,1,'0,0,0','',NULL,'',NULL,NULL,NULL,1,NULL,NULL,NULL,NULL,NULL,NULL,NULL,NULL);
INSERT INTO finding VALUES(719,'-0000-00-00-------','','0',411,1,'0,0,0','',NULL,'',NULL,NULL,NULL,1,NULL,NULL,NULL,NULL,NULL,NULL,NULL,NULL);
INSERT INTO finding VALUES(720,'-0000-00-00-------','','0',412,1,'0,0,0','',NULL,'',NULL,NULL,NULL,1,NULL,NULL,NULL,NULL,NULL,NULL,NULL,NULL);
INSERT INTO finding VALUES(721,'-0000-00-00-------','','0',413,1,'0,0,0','',NULL,'',NULL,NULL,NULL,1,NULL,NULL,NULL,NULL,NULL,NULL,NULL,NULL);
INSERT INTO finding VALUES(722,'-0000-00-00-------','','0',414,1,'0,0,0','',NULL,'',NULL,NULL,NULL,1,NULL,NULL,NULL,NULL,NULL,NULL,NULL,NULL);
INSERT INTO finding VALUES(723,'-0000-00-00-------','','0',415,1,'0,0,0','',NULL,'',NULL,NULL,NULL,1,NULL,NULL,NULL,NULL,NULL,NULL,NULL,NULL);
INSERT INTO finding VALUES(724,'-0000-00-00-------','','0',416,1,'0,0,0','',2,'',1,6049,6050,1,NULL,NULL,NULL,NULL,NULL,NULL,NULL,NULL);
INSERT INTO finding VALUES(726,'-0000-00-00-------','','0',418,1,'0,0,0','',NULL,'',NULL,NULL,NULL,1,NULL,NULL,NULL,NULL,NULL,NULL,NULL,NULL);
INSERT INTO finding VALUES(727,'-0000-00-00-------','','0',419,1,'0,0,0','',NULL,'',NULL,NULL,NULL,1,NULL,NULL,NULL,NULL,NULL,NULL,NULL,NULL);
INSERT INTO finding VALUES(728,'-0000-00-00-------','','0',420,1,'0,0,0','',NULL,'',NULL,NULL,NULL,1,NULL,NULL,NULL,NULL,NULL,NULL,NULL,NULL);
INSERT INTO finding VALUES(729,'-0000-00-00-------','','0',422,1,'0,0,0','',NULL,'',NULL,NULL,NULL,1,NULL,NULL,NULL,NULL,NULL,NULL,NULL,NULL);
INSERT INTO finding VALUES(730,'-0000-00-00-------','','0',423,1,'0,0,0','',NULL,'',NULL,NULL,NULL,1,NULL,NULL,NULL,NULL,NULL,NULL,NULL,NULL);
INSERT INTO finding VALUES(731,'-0000-00-00-------','','0',424,1,'0,0,0','',NULL,'',NULL,NULL,NULL,1,NULL,NULL,NULL,NULL,NULL,NULL,NULL,NULL);
INSERT INTO finding VALUES(732,'-0000-00-00-------','','0',425,1,'0,0,0','',NULL,'',NULL,NULL,NULL,1,NULL,NULL,NULL,NULL,NULL,NULL,NULL,NULL);
INSERT INTO finding VALUES(733,'-0000-00-00-------','','0',426,1,'0,0,0','',NULL,'',NULL,NULL,NULL,1,NULL,NULL,NULL,NULL,NULL,NULL,NULL,NULL);
INSERT INTO finding VALUES(734,'-0000-00-00-------','','0',427,1,'0,0,0','',NULL,'',NULL,NULL,NULL,1,NULL,NULL,NULL,NULL,NULL,NULL,NULL,NULL);
INSERT INTO finding VALUES(735,'-0000-00-00-------','','0',428,1,'0,0,0','',NULL,'',NULL,NULL,NULL,1,NULL,NULL,NULL,NULL,NULL,NULL,NULL,NULL);
INSERT INTO finding VALUES(736,'-0000-00-00-------','','0',429,1,'0,0,0','',NULL,'',NULL,NULL,NULL,1,NULL,NULL,NULL,NULL,NULL,NULL,NULL,NULL);
INSERT INTO finding VALUES(737,'-0000-00-00-------','','0',430,1,'0,0,0','',NULL,'',NULL,NULL,NULL,1,NULL,NULL,NULL,NULL,NULL,NULL,NULL,NULL);
INSERT INTO finding VALUES(738,'-0000-00-00-------','','0',431,1,'0,0,0','',NULL,'',NULL,NULL,NULL,1,NULL,NULL,NULL,NULL,NULL,NULL,NULL,NULL);
INSERT INTO finding VALUES(739,'-0000-00-00-------','','0',432,1,'0,0,0','',NULL,'',NULL,NULL,NULL,1,NULL,NULL,NULL,NULL,NULL,NULL,NULL,NULL);
INSERT INTO finding VALUES(740,'-0000-00-00-------','','0',433,1,'0,0,0','',NULL,'',NULL,NULL,NULL,1,NULL,NULL,NULL,NULL,NULL,NULL,NULL,NULL);
INSERT INTO finding VALUES(741,'-0000-00-00-------','','0',434,1,'0,0,0','',NULL,'',NULL,NULL,NULL,1,NULL,NULL,NULL,NULL,NULL,NULL,NULL,NULL);
INSERT INTO finding VALUES(742,'-0000-00-00-------','','0',435,1,'0,0,0','',NULL,'',NULL,NULL,NULL,1,NULL,NULL,NULL,NULL,NULL,NULL,NULL,NULL);
INSERT INTO finding VALUES(744,'-0000-00-00-------','','0',437,1,'0,0,0','',NULL,'',NULL,NULL,NULL,1,NULL,NULL,NULL,NULL,NULL,NULL,NULL,NULL);
INSERT INTO finding VALUES(745,'-0000-00-00-------','','0',438,1,'0,0,0','',NULL,'',NULL,NULL,NULL,1,NULL,NULL,NULL,NULL,NULL,NULL,NULL,NULL);
INSERT INTO finding VALUES(747,'-0000-00-00-------','','0',440,1,'0,0,0','',NULL,'',NULL,NULL,NULL,1,NULL,NULL,NULL,NULL,NULL,NULL,NULL,NULL);
INSERT INTO finding VALUES(749,'-0000-00-00-------','','0',442,1,'0,0,0','',NULL,'',NULL,NULL,NULL,1,NULL,NULL,NULL,NULL,NULL,NULL,NULL,NULL);
INSERT INTO finding VALUES(750,'-0000-00-00-------','','0',443,1,'0,0,0','',NULL,'',NULL,NULL,NULL,1,NULL,NULL,NULL,NULL,NULL,NULL,NULL,NULL);
INSERT INTO finding VALUES(751,'-0000-00-00-------','','0',444,1,'0,0,0','',NULL,'',NULL,NULL,NULL,1,NULL,NULL,NULL,NULL,NULL,NULL,NULL,NULL);
INSERT INTO finding VALUES(753,'-0000-00-00-------','','0',448,1,'0,0,0','',NULL,'',NULL,NULL,NULL,1,NULL,NULL,NULL,NULL,NULL,NULL,NULL,NULL);
INSERT INTO finding VALUES(754,'-0000-00-00-------','','0',449,1,'0,0,0','',NULL,'',NULL,NULL,NULL,1,NULL,NULL,NULL,NULL,NULL,NULL,NULL,NULL);
INSERT INTO finding VALUES(755,'-0000-00-00-------','','0',450,1,'0,0,0','',NULL,'',NULL,NULL,NULL,1,NULL,NULL,NULL,NULL,NULL,NULL,NULL,NULL);
INSERT INTO finding VALUES(756,'-0000-00-00-------','','0',451,1,'0,0,0','',NULL,'',NULL,NULL,NULL,1,NULL,NULL,NULL,NULL,NULL,NULL,NULL,NULL);
INSERT INTO finding VALUES(757,'-0000-00-00-------','','0',452,1,'0,0,0','',NULL,'',NULL,NULL,NULL,1,NULL,NULL,NULL,NULL,NULL,NULL,NULL,NULL);
INSERT INTO finding VALUES(758,'-0000-00-00-------','','0',453,1,'0,0,0','',NULL,'',NULL,NULL,NULL,1,NULL,NULL,NULL,NULL,NULL,NULL,NULL,NULL);
INSERT INTO finding VALUES(759,'-0000-00-00-------','','0',454,1,'0,0,0','',NULL,'',NULL,NULL,NULL,1,NULL,NULL,NULL,NULL,NULL,NULL,NULL,NULL);
INSERT INTO finding VALUES(760,'-0000-00-00-------','','0',455,1,'0,0,0','',NULL,'',NULL,NULL,NULL,1,NULL,NULL,NULL,NULL,NULL,NULL,NULL,NULL);
INSERT INTO finding VALUES(761,'-0000-00-00-------','','0',456,1,'0,0,0','',NULL,'',NULL,NULL,NULL,1,NULL,NULL,NULL,NULL,NULL,NULL,NULL,NULL);
INSERT INTO finding VALUES(762,'-0000-00-00-------','','0',457,1,'0,0,0','',NULL,'',NULL,NULL,NULL,1,NULL,NULL,NULL,NULL,NULL,NULL,NULL,NULL);
INSERT INTO finding VALUES(763,'-0000-00-00-------','','0',556,1,'0,0,0','',NULL,'',NULL,NULL,NULL,1,NULL,NULL,NULL,NULL,NULL,NULL,NULL,NULL);
INSERT INTO finding VALUES(764,'-0000-00-00-------','','0',557,1,'0,0,0','',NULL,'',NULL,NULL,NULL,1,NULL,NULL,NULL,NULL,NULL,NULL,NULL,NULL);
INSERT INTO finding VALUES(765,'-0000-00-00-------','','0',558,1,'0,0,0','',NULL,'',NULL,NULL,NULL,1,NULL,NULL,NULL,NULL,NULL,NULL,NULL,NULL);
INSERT INTO finding VALUES(766,'-0000-00-00-------','','0',559,1,'0,0,0','',NULL,'',NULL,NULL,NULL,1,NULL,NULL,NULL,NULL,NULL,NULL,NULL,NULL);
INSERT INTO finding VALUES(767,'-0000-00-00-------','','0',560,1,'0,0,0','',NULL,'',NULL,NULL,NULL,1,NULL,NULL,NULL,NULL,NULL,NULL,NULL,NULL);
INSERT INTO finding VALUES(768,'-0000-00-00-------','','0',561,1,'0,0,0','',NULL,'',NULL,NULL,NULL,1,NULL,NULL,NULL,NULL,NULL,NULL,NULL,NULL);
INSERT INTO finding VALUES(769,'-0000-00-00-------','','0',562,1,'0,0,0','',NULL,'',NULL,NULL,NULL,1,NULL,NULL,NULL,NULL,NULL,NULL,NULL,NULL);
INSERT INTO finding VALUES(770,'-0000-00-00-------','','0',563,1,'0,0,0','',NULL,'',NULL,NULL,NULL,1,NULL,NULL,NULL,NULL,NULL,NULL,NULL,NULL);
INSERT INTO finding VALUES(771,'-0000-00-00-------','','0',564,1,'0,0,0','',NULL,'',NULL,NULL,NULL,1,NULL,NULL,NULL,NULL,NULL,NULL,NULL,NULL);
INSERT INTO finding VALUES(772,'-0000-00-00-------','','0',565,1,'0,0,0','',NULL,'',NULL,NULL,NULL,1,NULL,NULL,NULL,NULL,NULL,NULL,NULL,NULL);
INSERT INTO finding VALUES(773,'-0000-00-00-------','','0',566,1,'0,0,0','',NULL,'',NULL,NULL,NULL,1,NULL,NULL,NULL,NULL,NULL,NULL,NULL,NULL);
INSERT INTO finding VALUES(774,'-0000-00-00-------','','0',567,1,'0,0,0','',NULL,'',NULL,NULL,NULL,1,NULL,NULL,NULL,NULL,NULL,NULL,NULL,NULL);
INSERT INTO finding VALUES(775,'-0000-00-00-------','','0',568,1,'0,0,0','',NULL,'',NULL,NULL,NULL,1,NULL,NULL,NULL,NULL,NULL,NULL,NULL,NULL);
INSERT INTO finding VALUES(776,'-0000-00-00-------','','0',569,1,'0,0,0','',NULL,'',NULL,NULL,NULL,1,NULL,NULL,NULL,NULL,NULL,NULL,NULL,NULL);
INSERT INTO finding VALUES(777,'-0000-00-00-------','','0',570,1,'0,0,0','',NULL,'',NULL,NULL,NULL,1,NULL,NULL,NULL,NULL,NULL,NULL,NULL,NULL);
INSERT INTO finding VALUES(778,'-0000-00-00-------','','0',571,1,'0,0,0','',NULL,'',NULL,NULL,NULL,1,NULL,NULL,NULL,NULL,NULL,NULL,NULL,NULL);
INSERT INTO finding VALUES(779,'-0000-00-00-------','','0',572,1,'0,0,0','',NULL,'',NULL,NULL,NULL,1,NULL,NULL,NULL,NULL,NULL,NULL,NULL,NULL);
INSERT INTO finding VALUES(780,'-0000-00-00-------','','0',573,1,'0,0,0','',NULL,'',NULL,NULL,NULL,1,NULL,NULL,NULL,NULL,NULL,NULL,NULL,NULL);
INSERT INTO finding VALUES(781,'-0000-00-00-------','','0',574,1,'0,0,0','',NULL,'',NULL,NULL,NULL,1,NULL,NULL,NULL,NULL,NULL,NULL,NULL,NULL);
INSERT INTO finding VALUES(782,'-0000-00-00-------','','0',575,1,'0,0,0','',NULL,'',NULL,NULL,NULL,1,NULL,NULL,NULL,NULL,NULL,NULL,NULL,NULL);
INSERT INTO finding VALUES(783,'-0000-00-00-------','','0',576,1,'0,0,0','',NULL,'',NULL,NULL,NULL,1,NULL,NULL,NULL,NULL,NULL,NULL,NULL,NULL);
INSERT INTO finding VALUES(784,'-0000-00-00-------','','0',577,1,'0,0,0','',NULL,'',NULL,NULL,NULL,1,NULL,NULL,NULL,NULL,NULL,NULL,NULL,NULL);
INSERT INTO finding VALUES(785,'-0000-00-00-------','','0',578,1,'0,0,0','',NULL,'',NULL,NULL,NULL,1,NULL,NULL,NULL,NULL,NULL,NULL,NULL,NULL);
INSERT INTO finding VALUES(786,'-0000-00-00-------','','0',579,1,'0,0,0','',NULL,'',NULL,NULL,NULL,1,NULL,NULL,NULL,NULL,NULL,NULL,NULL,NULL);
INSERT INTO finding VALUES(787,'-0000-00-00-------','','0',580,1,'0,0,0','',NULL,'',NULL,NULL,NULL,1,NULL,NULL,NULL,NULL,NULL,NULL,NULL,NULL);
INSERT INTO finding VALUES(788,'-0000-00-00-------','','0',581,1,'0,0,0','',2,'',1,620,584,1,NULL,NULL,NULL,NULL,NULL,NULL,NULL,NULL);
INSERT INTO finding VALUES(789,'-0000-00-00-------','','0',582,1,'0,0,0','',NULL,'',NULL,NULL,NULL,1,NULL,NULL,NULL,NULL,NULL,NULL,NULL,NULL);
INSERT INTO finding VALUES(790,'-0000-00-00-------','','0',583,1,'0,0,0','',NULL,'',NULL,NULL,NULL,1,NULL,NULL,NULL,NULL,NULL,NULL,NULL,NULL);
INSERT INTO finding VALUES(791,'-0000-00-00-------','','0',584,1,'0,0,0','',2,'',1,5688,NULL,1,NULL,NULL,NULL,NULL,NULL,NULL,NULL,NULL);
INSERT INTO finding VALUES(792,'-0000-00-00-------','','0',585,1,'0,0,0','',NULL,'',NULL,NULL,NULL,1,NULL,NULL,NULL,NULL,NULL,NULL,NULL,NULL);
INSERT INTO finding VALUES(793,'-0000-00-00-------','','0',586,1,'0,0,0','',NULL,'',NULL,NULL,NULL,1,NULL,NULL,NULL,NULL,NULL,NULL,NULL,NULL);
INSERT INTO finding VALUES(794,'-0000-00-00-------','','0',587,1,'0,0,0','',NULL,'',NULL,NULL,NULL,1,NULL,NULL,NULL,NULL,NULL,NULL,NULL,NULL);
INSERT INTO finding VALUES(795,'-0000-00-00-------','','0',588,1,'0,0,0','',NULL,'',NULL,NULL,NULL,1,NULL,NULL,NULL,NULL,NULL,NULL,NULL,NULL);
INSERT INTO finding VALUES(796,'-0000-00-00-------','','0',589,1,'0,0,0','',NULL,'',NULL,NULL,NULL,1,NULL,NULL,NULL,NULL,NULL,NULL,NULL,NULL);
INSERT INTO finding VALUES(797,'-0000-00-00-------','','0',590,1,'0,0,0','',NULL,'',NULL,NULL,NULL,1,NULL,NULL,NULL,NULL,NULL,NULL,NULL,NULL);
INSERT INTO finding VALUES(798,'-0000-00-00-------','','0',591,1,'0,0,0','',NULL,'',NULL,NULL,NULL,1,NULL,NULL,NULL,NULL,NULL,NULL,NULL,NULL);
INSERT INTO finding VALUES(799,'-0000-00-00-------','','0',592,1,'0,0,0','',NULL,'',NULL,NULL,NULL,1,NULL,NULL,NULL,NULL,NULL,NULL,NULL,NULL);
INSERT INTO finding VALUES(800,'-0000-00-00-------','','0',593,1,'0,0,0','',NULL,'',NULL,NULL,NULL,1,NULL,NULL,NULL,NULL,NULL,NULL,NULL,NULL);
INSERT INTO finding VALUES(801,'-0000-00-00-------','','0',594,1,'0,0,0','',NULL,'',NULL,NULL,NULL,1,NULL,NULL,NULL,NULL,NULL,NULL,NULL,NULL);
INSERT INTO finding VALUES(802,'-0000-00-00-------','','0',595,1,'0,0,0','',NULL,'',NULL,NULL,NULL,1,NULL,NULL,NULL,NULL,NULL,NULL,NULL,NULL);
INSERT INTO finding VALUES(803,'-0000-00-00-------','','0',596,1,'0,0,0','',NULL,'',NULL,NULL,NULL,1,NULL,NULL,NULL,NULL,NULL,NULL,NULL,NULL);
INSERT INTO finding VALUES(804,'-0000-00-00-------','','0',597,1,'0,0,0','',NULL,'',NULL,NULL,NULL,1,NULL,NULL,NULL,NULL,NULL,NULL,NULL,NULL);
INSERT INTO finding VALUES(805,'-0000-00-00-------','','0',598,1,'0,0,0','',NULL,'',NULL,NULL,NULL,1,NULL,NULL,NULL,NULL,NULL,NULL,NULL,NULL);
INSERT INTO finding VALUES(806,'-0000-00-00-------','','0',599,1,'0,0,0','',NULL,'',NULL,NULL,NULL,1,NULL,NULL,NULL,NULL,NULL,NULL,NULL,NULL);
INSERT INTO finding VALUES(807,'-0000-00-00-------','','0',600,1,'0,0,0','',NULL,'',NULL,NULL,NULL,1,NULL,NULL,NULL,NULL,NULL,NULL,NULL,NULL);
INSERT INTO finding VALUES(808,'-0000-00-00-------','','0',601,1,'0,0,0','',NULL,'',NULL,NULL,NULL,1,NULL,NULL,NULL,NULL,NULL,NULL,NULL,NULL);
INSERT INTO finding VALUES(809,'-0000-00-00-------','','0',602,1,'0,0,0','',NULL,'',NULL,NULL,NULL,1,NULL,NULL,NULL,NULL,NULL,NULL,NULL,NULL);
INSERT INTO finding VALUES(810,'-0000-00-00-------','','0',603,1,'0,0,0','',NULL,'',NULL,NULL,NULL,1,NULL,NULL,NULL,NULL,NULL,NULL,NULL,NULL);
INSERT INTO finding VALUES(811,'-0000-00-00-------','','0',604,1,'0,0,0','',NULL,'',NULL,NULL,NULL,1,NULL,NULL,NULL,NULL,NULL,NULL,NULL,NULL);
INSERT INTO finding VALUES(812,'-0000-00-00-------','','0',605,1,'0,0,0','',NULL,'',NULL,NULL,NULL,1,NULL,NULL,NULL,NULL,NULL,NULL,NULL,NULL);
INSERT INTO finding VALUES(813,'-0000-00-00-------','','0',606,1,'0,0,0','',NULL,'',NULL,NULL,NULL,1,NULL,NULL,NULL,NULL,NULL,NULL,NULL,NULL);
INSERT INTO finding VALUES(814,'-0000-00-00-------','','0',607,1,'0,0,0','',NULL,'',NULL,NULL,NULL,1,NULL,NULL,NULL,NULL,NULL,NULL,NULL,NULL);
INSERT INTO finding VALUES(815,'-0000-00-00-------','','0',608,1,'0,0,0','',NULL,'',NULL,NULL,NULL,1,NULL,NULL,NULL,NULL,NULL,NULL,NULL,NULL);
INSERT INTO finding VALUES(816,'-0000-00-00-------','','0',609,1,'0,0,0','',NULL,'',NULL,NULL,NULL,1,NULL,NULL,NULL,NULL,NULL,NULL,NULL,NULL);
INSERT INTO finding VALUES(817,'-0000-00-00-------','','0',610,1,'0,0,0','',NULL,'',NULL,NULL,NULL,1,NULL,NULL,NULL,NULL,NULL,NULL,NULL,NULL);
INSERT INTO finding VALUES(818,'-0000-00-00-------','','0',611,1,'0,0,0','',NULL,'',NULL,NULL,NULL,1,NULL,NULL,NULL,NULL,NULL,NULL,NULL,NULL);
INSERT INTO finding VALUES(819,'-0000-00-00-------','','0',612,1,'0,0,0','',NULL,'',NULL,NULL,NULL,1,NULL,NULL,NULL,NULL,NULL,NULL,NULL,NULL);
INSERT INTO finding VALUES(820,'-0000-00-00-------','','0',613,1,'0,0,0','',NULL,'',NULL,NULL,NULL,1,NULL,NULL,NULL,NULL,NULL,NULL,NULL,NULL);
INSERT INTO finding VALUES(821,'-0000-00-00-------','','0',614,1,'0,0,0','',NULL,'',NULL,NULL,NULL,1,NULL,NULL,NULL,NULL,NULL,NULL,NULL,NULL);
INSERT INTO finding VALUES(822,'-0000-00-00-------','','0',615,1,'0,0,0','',NULL,'',NULL,NULL,NULL,1,NULL,NULL,NULL,NULL,NULL,NULL,NULL,NULL);
INSERT INTO finding VALUES(823,'-0000-00-00-------','','0',616,1,'0,0,0','',NULL,'',NULL,NULL,NULL,1,NULL,NULL,NULL,NULL,NULL,NULL,NULL,NULL);
INSERT INTO finding VALUES(824,'-0000-00-00-------','','0',617,1,'0,0,0','',NULL,'',NULL,NULL,NULL,1,NULL,NULL,NULL,NULL,NULL,NULL,NULL,NULL);
INSERT INTO finding VALUES(825,'-0000-00-00-------','','0',618,1,'0,0,0','',NULL,'',NULL,NULL,NULL,1,NULL,NULL,NULL,NULL,NULL,NULL,NULL,NULL);
INSERT INTO finding VALUES(826,'-0000-00-00-------','','0',619,1,'0,0,0','',NULL,'',1,NULL,5639,1,NULL,NULL,NULL,NULL,NULL,NULL,NULL,NULL);
INSERT INTO finding VALUES(827,'-0000-00-00-------','','0',620,1,'0,0,0','',NULL,'',NULL,NULL,NULL,1,NULL,NULL,NULL,NULL,NULL,NULL,NULL,NULL);
INSERT INTO finding VALUES(828,'-0000-00-00-------','','0',621,1,'0,0,0','',NULL,'',NULL,NULL,NULL,1,NULL,NULL,NULL,NULL,NULL,NULL,NULL,NULL);
INSERT INTO finding VALUES(829,'-0000-00-00-------','','0',622,1,'0,0,0','',NULL,'',1,NULL,NULL,1,NULL,NULL,NULL,NULL,NULL,NULL,NULL,NULL);
INSERT INTO finding VALUES(830,'-0000-00-00-------','','0',624,1,'0,0,0','',NULL,'',NULL,NULL,NULL,1,NULL,NULL,NULL,NULL,NULL,NULL,NULL,NULL);
INSERT INTO finding VALUES(831,'-0000-00-00-------','','0',625,1,'0,0,0','',NULL,'',NULL,NULL,NULL,1,NULL,NULL,NULL,NULL,NULL,NULL,NULL,NULL);
INSERT INTO finding VALUES(832,'-0000-00-00-------','','0',626,1,'0,0,0','',NULL,'',NULL,NULL,NULL,1,NULL,NULL,NULL,NULL,NULL,NULL,NULL,NULL);
INSERT INTO finding VALUES(834,'-0000-00-00-------','','0',628,1,'0,0,0','',NULL,'',NULL,NULL,NULL,1,NULL,NULL,NULL,NULL,NULL,NULL,NULL,NULL);
INSERT INTO finding VALUES(835,'-0000-00-00-------','','0',629,1,'0,0,0','',NULL,'',NULL,NULL,NULL,1,NULL,NULL,NULL,NULL,NULL,NULL,NULL,NULL);
INSERT INTO finding VALUES(836,'-0000-00-00-------','','0',630,1,'0,0,0','',NULL,'',NULL,NULL,NULL,1,NULL,NULL,NULL,NULL,NULL,NULL,NULL,NULL);
INSERT INTO finding VALUES(837,'-0000-00-00-------','','0',632,1,'0,0,0','',NULL,'',NULL,NULL,NULL,1,NULL,NULL,NULL,NULL,NULL,NULL,NULL,NULL);
INSERT INTO finding VALUES(838,'-0000-00-00-------','','0',633,1,'0,0,0','',NULL,'',NULL,NULL,NULL,1,NULL,NULL,NULL,NULL,NULL,NULL,NULL,NULL);
INSERT INTO finding VALUES(839,'-0000-00-00-------','','0',634,1,'0,0,0','',NULL,'',NULL,NULL,NULL,1,NULL,NULL,NULL,NULL,NULL,NULL,NULL,NULL);
INSERT INTO finding VALUES(840,'-0000-00-00-------','','0',635,1,'0,0,0','',NULL,'',NULL,NULL,NULL,1,NULL,NULL,NULL,NULL,NULL,NULL,NULL,NULL);
INSERT INTO finding VALUES(841,'-0000-00-00-------','','0',636,1,'0,0,0','',NULL,'',NULL,NULL,NULL,1,NULL,NULL,NULL,NULL,NULL,NULL,NULL,NULL);
INSERT INTO finding VALUES(842,'-0000-00-00-------','','0',637,1,'0,0,0','',NULL,'',NULL,NULL,NULL,1,NULL,NULL,NULL,NULL,NULL,NULL,NULL,NULL);
INSERT INTO finding VALUES(843,'-0000-00-00-------','','0',638,1,'0,0,0','',NULL,'',NULL,NULL,NULL,1,NULL,NULL,NULL,NULL,NULL,NULL,NULL,NULL);
INSERT INTO finding VALUES(844,'-0000-00-00-------','','0',5554,1,'0,0,0','',NULL,'',NULL,NULL,NULL,1,NULL,NULL,NULL,NULL,NULL,NULL,NULL,NULL);
INSERT INTO finding VALUES(845,'-0000-00-00-------','','0',5556,1,'0,0,0','',NULL,'',NULL,NULL,NULL,1,NULL,NULL,NULL,NULL,NULL,NULL,NULL,NULL);
INSERT INTO finding VALUES(846,'-0000-00-00-------','','0',5558,1,'0,0,0','',NULL,'',NULL,NULL,NULL,1,NULL,NULL,NULL,NULL,NULL,NULL,NULL,NULL);
INSERT INTO finding VALUES(847,'-0000-00-00-------','','0',5559,1,'0,0,0','',NULL,'',NULL,NULL,NULL,1,NULL,NULL,NULL,NULL,NULL,NULL,NULL,NULL);
INSERT INTO finding VALUES(848,'-0000-00-00-------','','0',5560,1,'0,0,0','',NULL,'',NULL,NULL,NULL,1,NULL,NULL,NULL,NULL,NULL,NULL,NULL,NULL);
INSERT INTO finding VALUES(849,'-0000-00-00-------','','0',5562,1,'0,0,0','',NULL,'',NULL,NULL,NULL,1,NULL,NULL,NULL,NULL,NULL,NULL,NULL,NULL);
INSERT INTO finding VALUES(850,'-0000-00-00-------','','0',5563,1,'0,0,0','',NULL,'',NULL,NULL,NULL,1,NULL,NULL,NULL,NULL,NULL,NULL,NULL,NULL);
INSERT INTO finding VALUES(851,'-0000-00-00-------','','0',5564,1,'0,0,0','',NULL,'',NULL,NULL,NULL,1,NULL,NULL,NULL,NULL,NULL,NULL,NULL,NULL);
INSERT INTO finding VALUES(852,'-0000-00-00-------','','0',5565,1,'0,0,0','',NULL,'',NULL,NULL,NULL,1,NULL,NULL,NULL,NULL,NULL,NULL,NULL,NULL);
INSERT INTO finding VALUES(853,'-0000-00-00-------','','0',5566,1,'0,0,0','',NULL,'',NULL,NULL,NULL,1,NULL,NULL,NULL,NULL,NULL,NULL,NULL,NULL);
INSERT INTO finding VALUES(854,'-0000-00-00-------','','0',5567,1,'0,0,0','',NULL,'',NULL,NULL,NULL,1,NULL,NULL,NULL,NULL,NULL,NULL,NULL,NULL);
INSERT INTO finding VALUES(855,'-0000-00-00-------','','0',5568,1,'0,0,0','',2,'',1,5829,5831,1,NULL,NULL,NULL,NULL,NULL,NULL,NULL,NULL);
INSERT INTO finding VALUES(856,'-0000-00-00-------','','0',5569,1,'0,0,0','',NULL,'',NULL,NULL,NULL,1,NULL,NULL,NULL,NULL,NULL,NULL,NULL,NULL);
INSERT INTO finding VALUES(857,'-0000-00-00-------','','0',5570,1,'0,0,0','',NULL,'',NULL,NULL,NULL,1,NULL,NULL,NULL,NULL,NULL,NULL,NULL,NULL);
INSERT INTO finding VALUES(858,'-0000-00-00-------','','0',5571,1,'0,0,0','',NULL,'',NULL,NULL,NULL,1,NULL,NULL,NULL,NULL,NULL,NULL,NULL,NULL);
INSERT INTO finding VALUES(859,'-0000-00-00-------','','0',5573,1,'0,0,0','',NULL,'',NULL,NULL,NULL,1,NULL,NULL,NULL,NULL,NULL,NULL,NULL,NULL);
INSERT INTO finding VALUES(861,'-0000-00-00-------','','0',5576,1,'0,0,0','',2,'',1,NULL,NULL,1,NULL,NULL,NULL,NULL,NULL,NULL,NULL,NULL);
INSERT INTO finding VALUES(865,'-0000-00-00-------','','0',5580,1,'0,0,0','',NULL,'',NULL,NULL,NULL,1,NULL,NULL,NULL,NULL,NULL,NULL,NULL,NULL);
INSERT INTO finding VALUES(866,'-0000-00-00-------','','0',5581,1,'0,0,0','',NULL,'',NULL,NULL,NULL,1,NULL,NULL,NULL,NULL,NULL,NULL,NULL,NULL);
INSERT INTO finding VALUES(867,'-0000-00-00-------','','0',5582,1,'0,0,0','',NULL,'',NULL,NULL,NULL,1,NULL,NULL,NULL,NULL,NULL,NULL,NULL,NULL);
INSERT INTO finding VALUES(868,'-0000-00-00-------','','0',5583,1,'0,0,0','',NULL,'',NULL,NULL,NULL,1,NULL,NULL,NULL,NULL,NULL,NULL,NULL,NULL);
INSERT INTO finding VALUES(869,'-0000-00-00-------','','0',5584,1,'0,0,0','',NULL,'',NULL,NULL,NULL,1,NULL,NULL,NULL,NULL,NULL,NULL,NULL,NULL);
INSERT INTO finding VALUES(870,'-0000-00-00-------','','0',5585,1,'0,0,0','',NULL,'',NULL,NULL,NULL,1,NULL,NULL,NULL,NULL,NULL,NULL,NULL,NULL);
INSERT INTO finding VALUES(871,'-0000-00-00-------','','0',5586,1,'0,0,0','',2,'',1,12,450,1,NULL,NULL,NULL,NULL,NULL,NULL,NULL,NULL);
INSERT INTO finding VALUES(872,'-1925---------','','0',5587,1,'1925,0,0','',2,'',1,12,5735,1,NULL,NULL,NULL,NULL,NULL,NULL,NULL,NULL);
INSERT INTO finding VALUES(873,'est-1810-f-1-ad------','','0',5588,1,'1810,2,1','',2,'',1,5719,5773,1,NULL,NULL,NULL,NULL,NULL,NULL,NULL,NULL);
INSERT INTO finding VALUES(874,'-0000-00-00-------','','0',5589,1,'0,0,0','',NULL,'',NULL,NULL,NULL,1,NULL,NULL,NULL,NULL,NULL,NULL,NULL,NULL);
INSERT INTO finding VALUES(875,'-0000-00-00-------','','0',5590,1,'0,0,0','',NULL,'',NULL,NULL,NULL,1,NULL,NULL,NULL,NULL,NULL,NULL,NULL,NULL);
INSERT INTO finding VALUES(877,'-0000-00-00-------','','0',5593,1,'0,0,0','',NULL,'',NULL,NULL,NULL,1,NULL,NULL,NULL,NULL,NULL,NULL,NULL,NULL);
INSERT INTO finding VALUES(878,'-0000-00-00-------','','0',5594,1,'0,0,0','',NULL,'',NULL,NULL,NULL,1,NULL,NULL,NULL,NULL,NULL,NULL,NULL,NULL);
INSERT INTO finding VALUES(879,'-0000-00-00-------','','0',5597,1,'0,0,0','',NULL,'',NULL,NULL,NULL,1,NULL,NULL,NULL,NULL,NULL,NULL,NULL,NULL);
INSERT INTO finding VALUES(880,'-0000-00-00-------','','0',5601,1,'0,0,0','',NULL,'',NULL,NULL,NULL,1,NULL,NULL,NULL,NULL,NULL,NULL,NULL,NULL);
INSERT INTO finding VALUES(881,'-0000-00-00-------','','0',5602,1,'0,0,0','',NULL,'',NULL,NULL,NULL,1,NULL,NULL,NULL,NULL,NULL,NULL,NULL,NULL);
INSERT INTO finding VALUES(882,'-0000-00-00-------','','0',5603,1,'0,0,0','',NULL,'',NULL,NULL,NULL,1,NULL,NULL,NULL,NULL,NULL,NULL,NULL,NULL);
INSERT INTO finding VALUES(883,'-0000-00-00-------','','0',5604,1,'0,0,0','',NULL,'',NULL,NULL,NULL,1,NULL,NULL,NULL,NULL,NULL,NULL,NULL,NULL);
INSERT INTO finding VALUES(884,'-0000-00-00-------','','0',5605,1,'0,0,0','',NULL,'',NULL,NULL,NULL,1,NULL,NULL,NULL,NULL,NULL,NULL,NULL,NULL);
INSERT INTO finding VALUES(885,'-0000-00-00-------','','0',5606,1,'0,0,0','',NULL,'',NULL,NULL,NULL,1,NULL,NULL,NULL,NULL,NULL,NULL,NULL,NULL);
INSERT INTO finding VALUES(887,'-0000-00-00-------','','0',5608,1,'0,0,0','',NULL,'',NULL,NULL,NULL,1,NULL,NULL,NULL,NULL,NULL,NULL,NULL,NULL);
INSERT INTO finding VALUES(889,'-0000-00-00-------','','0',5610,1,'0,0,0','',NULL,'',NULL,NULL,NULL,1,NULL,NULL,NULL,NULL,NULL,NULL,NULL,NULL);
INSERT INTO finding VALUES(890,'-0000-00-00-------','','0',5622,1,'0,0,0','',NULL,'',NULL,NULL,NULL,1,NULL,NULL,NULL,NULL,NULL,NULL,NULL,NULL);
INSERT INTO finding VALUES(891,'-0000-00-00-------','','0',5623,1,'0,0,0','',NULL,'',NULL,NULL,NULL,1,NULL,NULL,NULL,NULL,NULL,NULL,NULL,NULL);
INSERT INTO finding VALUES(892,'-0000-00-00-------','','0',5624,1,'0,0,0','',NULL,'',NULL,NULL,NULL,1,NULL,NULL,NULL,NULL,NULL,NULL,NULL,NULL);
INSERT INTO finding VALUES(893,'-0000-00-00-------','','0',5625,1,'0,0,0','',NULL,'',NULL,NULL,NULL,1,NULL,NULL,NULL,NULL,NULL,NULL,NULL,NULL);
INSERT INTO finding VALUES(894,'-0000-00-00-------','','0',5626,1,'0,0,0','',NULL,'',NULL,NULL,NULL,1,NULL,NULL,NULL,NULL,NULL,NULL,NULL,NULL);
INSERT INTO finding VALUES(895,'-0000-00-00-------','','0',5627,1,'0,0,0','',NULL,'',NULL,NULL,NULL,1,NULL,NULL,NULL,NULL,NULL,NULL,NULL,NULL);
INSERT INTO finding VALUES(897,'-0000-00-00-------','','0',5629,1,'0,0,0','',NULL,'',NULL,NULL,NULL,1,NULL,NULL,NULL,NULL,NULL,NULL,NULL,NULL);
INSERT INTO finding VALUES(898,'-0000-00-00-------','','0',5630,1,'0,0,0','',NULL,'',NULL,NULL,NULL,1,NULL,NULL,NULL,NULL,NULL,NULL,NULL,NULL);
INSERT INTO finding VALUES(899,'-0000-00-00-------','','0',5631,1,'0,0,0','',NULL,'',NULL,NULL,NULL,1,NULL,NULL,NULL,NULL,NULL,NULL,NULL,NULL);
INSERT INTO finding VALUES(902,'-0000-00-00-------','','0',5634,1,'0,0,0','',NULL,'',NULL,NULL,NULL,1,NULL,NULL,NULL,NULL,NULL,NULL,NULL,NULL);
INSERT INTO finding VALUES(903,'-0000-00-00-------','','0',5636,1,'0,0,0','',NULL,'',NULL,NULL,NULL,1,NULL,NULL,NULL,NULL,NULL,NULL,NULL,NULL);
INSERT INTO finding VALUES(904,'-0000-00-00-------','','0',5637,1,'0,0,0','',NULL,'',NULL,NULL,NULL,1,NULL,NULL,NULL,NULL,NULL,NULL,NULL,NULL);
INSERT INTO finding VALUES(905,'-0000-00-00-------','','0',5638,1,'0,0,0','',NULL,'',NULL,NULL,NULL,1,NULL,NULL,NULL,NULL,NULL,NULL,NULL,NULL);
INSERT INTO finding VALUES(906,'-0000-00-00-------','','0',5639,1,'0,0,0','',NULL,'',NULL,NULL,NULL,1,NULL,NULL,NULL,NULL,NULL,NULL,NULL,NULL);
INSERT INTO finding VALUES(907,'-0000-00-00-------','','0',5640,1,'0,0,0','',NULL,'',NULL,NULL,NULL,1,NULL,NULL,NULL,NULL,NULL,NULL,NULL,NULL);
INSERT INTO finding VALUES(908,'-0000-00-00-------','','0',5641,1,'0,0,0','',NULL,'',NULL,NULL,NULL,1,NULL,NULL,NULL,NULL,NULL,NULL,NULL,NULL);
INSERT INTO finding VALUES(909,'-0000-00-00-------','','0',5642,1,'0,0,0','',NULL,'',NULL,NULL,NULL,1,NULL,NULL,NULL,NULL,NULL,NULL,NULL,NULL);
INSERT INTO finding VALUES(910,'-0000-00-00-------','','0',5643,1,'0,0,0','',NULL,'',NULL,NULL,NULL,1,NULL,NULL,NULL,NULL,NULL,NULL,NULL,NULL);
INSERT INTO finding VALUES(911,'-0000-00-00-------','','0',5644,1,'0,0,0','',NULL,'',NULL,NULL,NULL,1,NULL,NULL,NULL,NULL,NULL,NULL,NULL,NULL);
INSERT INTO finding VALUES(912,'-0000-00-00-------','','0',5645,1,'0,0,0','',NULL,'',NULL,NULL,NULL,1,NULL,NULL,NULL,NULL,NULL,NULL,NULL,NULL);
INSERT INTO finding VALUES(913,'-0000-00-00-------','','0',5646,1,'0,0,0','',NULL,'',NULL,NULL,NULL,1,NULL,NULL,NULL,NULL,NULL,NULL,NULL,NULL);
INSERT INTO finding VALUES(914,'-0000-00-00-------','','0',5647,1,'0,0,0','',NULL,'',NULL,NULL,NULL,1,NULL,NULL,NULL,NULL,NULL,NULL,NULL,NULL);
INSERT INTO finding VALUES(917,'-0000-00-00-------','','0',5650,1,'0,0,0','',NULL,'',NULL,NULL,NULL,1,NULL,NULL,NULL,NULL,NULL,NULL,NULL,NULL);
INSERT INTO finding VALUES(918,'-0000-00-00-------','','0',5651,1,'0,0,0','',NULL,'',NULL,NULL,NULL,1,NULL,NULL,NULL,NULL,NULL,NULL,NULL,NULL);
INSERT INTO finding VALUES(919,'-0000-00-00-------','','0',5652,1,'0,0,0','',NULL,'',NULL,NULL,NULL,1,NULL,NULL,NULL,NULL,NULL,NULL,NULL,NULL);
INSERT INTO finding VALUES(920,'-0000-00-00-------','','0',5653,1,'0,0,0','',NULL,'',NULL,NULL,NULL,1,NULL,NULL,NULL,NULL,NULL,NULL,NULL,NULL);
INSERT INTO finding VALUES(921,'-0000-00-00-------','','0',5654,1,'0,0,0','',NULL,'',NULL,NULL,NULL,1,NULL,NULL,NULL,NULL,NULL,NULL,NULL,NULL);
INSERT INTO finding VALUES(922,'-0000-00-00-------','','0',5655,1,'0,0,0','',NULL,'',NULL,NULL,NULL,1,NULL,NULL,NULL,NULL,NULL,NULL,NULL,NULL);
INSERT INTO finding VALUES(923,'-0000-00-00-------','','0',5656,1,'0,0,0','',NULL,'',NULL,NULL,NULL,1,NULL,NULL,NULL,NULL,NULL,NULL,NULL,NULL);
INSERT INTO finding VALUES(924,'-0000-00-00-------','','0',5657,1,'0,0,0','',NULL,'',NULL,NULL,NULL,1,NULL,NULL,NULL,NULL,NULL,NULL,NULL,NULL);
INSERT INTO finding VALUES(925,'-0000-00-00-------','','0',5658,1,'0,0,0','',NULL,'',NULL,NULL,NULL,1,NULL,NULL,NULL,NULL,NULL,NULL,NULL,NULL);
INSERT INTO finding VALUES(926,'-0000-00-00-------','','0',5659,1,'0,0,0','',NULL,'',NULL,NULL,NULL,1,NULL,NULL,NULL,NULL,NULL,NULL,NULL,NULL);
INSERT INTO finding VALUES(927,'-0000-00-00-------','','0',5660,1,'0,0,0','',2,'',1,NULL,NULL,1,NULL,NULL,NULL,NULL,NULL,NULL,NULL,NULL);
INSERT INTO finding VALUES(928,'-0000-00-00-------','','0',5661,1,'0,0,0','',NULL,'',NULL,NULL,NULL,1,NULL,NULL,NULL,NULL,NULL,NULL,NULL,NULL);
INSERT INTO finding VALUES(929,'-0000-00-00-------','','0',5662,1,'0,0,0','',NULL,'',NULL,NULL,NULL,1,NULL,NULL,NULL,NULL,NULL,NULL,NULL,NULL);
INSERT INTO finding VALUES(930,'-0000-00-00-------','','0',5663,1,'0,0,0','',NULL,'',NULL,NULL,NULL,1,NULL,NULL,NULL,NULL,NULL,NULL,NULL,NULL);
INSERT INTO finding VALUES(931,'-0000-00-00-------','','0',5664,1,'0,0,0','',NULL,'',NULL,NULL,NULL,1,NULL,NULL,NULL,NULL,NULL,NULL,NULL,NULL);
INSERT INTO finding VALUES(932,'-0000-00-00-------','','0',5665,1,'0,0,0','',NULL,'',NULL,NULL,NULL,1,NULL,NULL,NULL,NULL,NULL,NULL,NULL,NULL);
INSERT INTO finding VALUES(933,'-0000-00-00-------','','0',5667,1,'0,0,0','',NULL,'',NULL,NULL,NULL,1,NULL,NULL,NULL,NULL,NULL,NULL,NULL,NULL);
INSERT INTO finding VALUES(934,'-0000-00-00-------','','0',5668,1,'0,0,0','',NULL,'',NULL,NULL,NULL,1,NULL,NULL,NULL,NULL,NULL,NULL,NULL,NULL);
INSERT INTO finding VALUES(935,'-0000-00-00-------','','0',5669,1,'0,0,0','',NULL,'',NULL,NULL,NULL,1,NULL,NULL,NULL,NULL,NULL,NULL,NULL,NULL);
INSERT INTO finding VALUES(936,'-0000-00-00-------','','0',5670,1,'0,0,0','',NULL,'',NULL,NULL,NULL,1,NULL,NULL,NULL,NULL,NULL,NULL,NULL,NULL);
INSERT INTO finding VALUES(937,'-0000-00-00-------','','0',5671,1,'0,0,0','',NULL,'',NULL,NULL,NULL,1,NULL,NULL,NULL,NULL,NULL,NULL,NULL,NULL);
INSERT INTO finding VALUES(938,'-0000-00-00-------','','0',5672,1,'0,0,0','',NULL,'',NULL,NULL,NULL,1,NULL,NULL,NULL,NULL,NULL,NULL,NULL,NULL);
INSERT INTO finding VALUES(939,'-0000-00-00-------','','0',5673,1,'0,0,0','',NULL,'',NULL,NULL,NULL,1,NULL,NULL,NULL,NULL,NULL,NULL,NULL,NULL);
INSERT INTO finding VALUES(940,'-0000-00-00-------','','0',5674,1,'0,0,0','',NULL,'',NULL,NULL,NULL,1,NULL,NULL,NULL,NULL,NULL,NULL,NULL,NULL);
INSERT INTO finding VALUES(941,'-0000-00-00-------','','0',5676,1,'0,0,0','',NULL,'',NULL,NULL,NULL,1,NULL,NULL,NULL,NULL,NULL,NULL,NULL,NULL);
INSERT INTO finding VALUES(942,'-0000-00-00-------','','0',5678,1,'0,0,0','',NULL,'',NULL,NULL,NULL,1,NULL,NULL,NULL,NULL,NULL,NULL,NULL,NULL);
INSERT INTO finding VALUES(943,'-0000-00-00-------','','0',5679,1,'0,0,0','',NULL,'',NULL,NULL,NULL,1,NULL,NULL,NULL,NULL,NULL,NULL,NULL,NULL);
INSERT INTO finding VALUES(944,'-0000-00-00-------','','0',5680,1,'0,0,0','',NULL,'',NULL,NULL,NULL,1,NULL,NULL,NULL,NULL,NULL,NULL,NULL,NULL);
INSERT INTO finding VALUES(945,'-0000-00-00-------','','0',5681,1,'0,0,0','',NULL,'',NULL,NULL,NULL,1,NULL,NULL,NULL,NULL,NULL,NULL,NULL,NULL);
INSERT INTO finding VALUES(947,'-0000-00-00-------','','0',5683,1,'0,0,0','',NULL,'',NULL,NULL,NULL,1,NULL,NULL,NULL,NULL,NULL,NULL,NULL,NULL);
INSERT INTO finding VALUES(948,'-0000-00-00-------','','0',5684,1,'0,0,0','',NULL,'',NULL,NULL,NULL,1,NULL,NULL,NULL,NULL,NULL,NULL,NULL,NULL);
INSERT INTO finding VALUES(949,'-0000-00-00-------','','0',5686,1,'0,0,0','',NULL,'',NULL,NULL,NULL,1,NULL,NULL,NULL,NULL,NULL,NULL,NULL,NULL);
INSERT INTO finding VALUES(950,'-0000-00-00-------','','0',5687,1,'0,0,0','',NULL,'',NULL,NULL,NULL,1,NULL,NULL,NULL,NULL,NULL,NULL,NULL,NULL);
INSERT INTO finding VALUES(951,'-0000-00-00-------','','0',5688,1,'0,0,0','',2,'',1,5851,435,1,NULL,NULL,NULL,NULL,NULL,NULL,NULL,NULL);
INSERT INTO finding VALUES(952,'-0000-00-00-------','','0',5689,1,'0,0,0','',NULL,'',NULL,NULL,NULL,1,NULL,NULL,NULL,NULL,NULL,NULL,NULL,NULL);
INSERT INTO finding VALUES(953,'-0000-00-00-------','','0',5690,1,'0,0,0','',NULL,'',NULL,NULL,NULL,1,NULL,NULL,NULL,NULL,NULL,NULL,NULL,NULL);
INSERT INTO finding VALUES(954,'-0000-00-00-------','','0',5691,1,'0,0,0','',NULL,'',NULL,NULL,NULL,1,NULL,NULL,NULL,NULL,NULL,NULL,NULL,NULL);
INSERT INTO finding VALUES(955,'-0000-00-00-------','','0',5692,1,'0,0,0','',NULL,'',NULL,NULL,NULL,1,NULL,NULL,NULL,NULL,NULL,NULL,NULL,NULL);
INSERT INTO finding VALUES(956,'-0000-00-00-------','','0',5693,1,'0,0,0','',NULL,'',NULL,NULL,NULL,1,NULL,NULL,NULL,NULL,NULL,NULL,NULL,NULL);
INSERT INTO finding VALUES(957,'-0000-00-00-------','','0',5694,1,'0,0,0','',NULL,'',NULL,NULL,NULL,1,NULL,NULL,NULL,NULL,NULL,NULL,NULL,NULL);
INSERT INTO finding VALUES(958,'-0000-00-00-------','','0',5695,1,'0,0,0','',NULL,'',NULL,NULL,NULL,1,NULL,NULL,NULL,NULL,NULL,NULL,NULL,NULL);
INSERT INTO finding VALUES(959,'-0000-00-00-------','','0',5696,1,'0,0,0','',NULL,'',NULL,NULL,NULL,1,NULL,NULL,NULL,NULL,NULL,NULL,NULL,NULL);
INSERT INTO finding VALUES(960,'-0000-00-00-------','','0',5697,1,'0,0,0','',NULL,'',NULL,NULL,NULL,1,NULL,NULL,NULL,NULL,NULL,NULL,NULL,NULL);
INSERT INTO finding VALUES(961,'-0000-00-00-------','','0',5698,1,'0,0,0','',NULL,'',NULL,NULL,NULL,1,NULL,NULL,NULL,NULL,NULL,NULL,NULL,NULL);
INSERT INTO finding VALUES(962,'-0000-00-00-------','','0',5699,1,'0,0,0','',NULL,'',NULL,NULL,NULL,1,NULL,NULL,NULL,NULL,NULL,NULL,NULL,NULL);
INSERT INTO finding VALUES(963,'-0000-00-00-------','','0',5700,1,'0,0,0','',NULL,'',NULL,NULL,NULL,1,NULL,NULL,NULL,NULL,NULL,NULL,NULL,NULL);
INSERT INTO finding VALUES(964,'-0000-00-00-------','','0',5701,1,'0,0,0','',NULL,'',NULL,NULL,NULL,1,NULL,NULL,NULL,NULL,NULL,NULL,NULL,NULL);
INSERT INTO finding VALUES(965,'-0000-00-00-------','','0',5702,1,'0,0,0','',NULL,'',NULL,NULL,NULL,1,NULL,NULL,NULL,NULL,NULL,NULL,NULL,NULL);
INSERT INTO finding VALUES(966,'-0000-00-00-------','','0',5703,1,'0,0,0','',NULL,'',NULL,NULL,NULL,1,NULL,NULL,NULL,NULL,NULL,NULL,NULL,NULL);
INSERT INTO finding VALUES(967,'-0000-00-00-------','','0',5704,1,'0,0,0','',NULL,'',NULL,NULL,NULL,1,NULL,NULL,NULL,NULL,NULL,NULL,NULL,NULL);
INSERT INTO finding VALUES(968,'-0000-00-00-------','','0',5705,1,'0,0,0','',NULL,'',NULL,NULL,NULL,1,NULL,NULL,NULL,NULL,NULL,NULL,NULL,NULL);
INSERT INTO finding VALUES(969,'-0000-00-00-------','','0',5706,1,'0,0,0','',NULL,'',NULL,NULL,NULL,1,NULL,NULL,NULL,NULL,NULL,NULL,NULL,NULL);
INSERT INTO finding VALUES(970,'-0000-00-00-------','','0',5707,1,'0,0,0','',2,'',1,NULL,NULL,1,NULL,NULL,NULL,NULL,NULL,NULL,NULL,NULL);
INSERT INTO finding VALUES(971,'-0000-00-00-------','','0',5708,1,'0,0,0','',NULL,'',NULL,NULL,NULL,1,NULL,NULL,NULL,NULL,NULL,NULL,NULL,NULL);
INSERT INTO finding VALUES(972,'-0000-00-00-------','','0',5709,1,'0,0,0','',NULL,'',NULL,NULL,NULL,1,NULL,NULL,NULL,NULL,NULL,NULL,NULL,NULL);
INSERT INTO finding VALUES(973,'-0000-00-00-------','','0',5710,1,'0,0,0','',NULL,'',NULL,NULL,NULL,1,NULL,NULL,NULL,NULL,NULL,NULL,NULL,NULL);
INSERT INTO finding VALUES(974,'-0000-00-00-------','','0',5712,1,'0,0,0','',NULL,'',NULL,NULL,NULL,1,NULL,NULL,NULL,NULL,NULL,NULL,NULL,NULL);
INSERT INTO finding VALUES(975,'-0000-00-00-------','','0',5713,1,'0,0,0','',NULL,'',NULL,NULL,NULL,1,NULL,NULL,NULL,NULL,NULL,NULL,NULL,NULL);
INSERT INTO finding VALUES(976,'-0000-00-00-------','','0',5714,1,'0,0,0','',NULL,'',NULL,NULL,NULL,1,NULL,NULL,NULL,NULL,NULL,NULL,NULL,NULL);
INSERT INTO finding VALUES(977,'-0000-00-00-------','','0',5715,1,'0,0,0','',NULL,'',NULL,NULL,NULL,1,NULL,NULL,NULL,NULL,NULL,NULL,NULL,NULL);
INSERT INTO finding VALUES(978,'-0000-00-00-------','','0',5716,1,'0,0,0','',NULL,'',NULL,NULL,NULL,1,NULL,NULL,NULL,NULL,NULL,NULL,NULL,NULL);
INSERT INTO finding VALUES(979,'-0000-00-00-------','','0',5717,1,'0,0,0','',NULL,'',NULL,NULL,NULL,1,NULL,NULL,NULL,NULL,NULL,NULL,NULL,NULL);
INSERT INTO finding VALUES(980,'-0000-00-00-------','','0',5718,1,'0,0,0','',NULL,'',NULL,NULL,NULL,1,NULL,NULL,NULL,NULL,NULL,NULL,NULL,NULL);
INSERT INTO finding VALUES(981,'-0000-00-00-------','','0',5719,1,'0,0,0','',2,'',1,NULL,NULL,1,NULL,NULL,NULL,NULL,NULL,NULL,NULL,NULL);
INSERT INTO finding VALUES(982,'-0000-00-00-------','','0',5720,1,'0,0,0','',NULL,'',NULL,NULL,NULL,1,NULL,NULL,NULL,NULL,NULL,NULL,NULL,NULL);
INSERT INTO finding VALUES(983,'-0000-00-00-------','','0',5721,1,'0,0,0','',NULL,'',NULL,NULL,NULL,1,NULL,NULL,NULL,NULL,NULL,NULL,NULL,NULL);
INSERT INTO finding VALUES(984,'-1894-f-12-------','jjjjjjjjj','0',5722,1,'1894,2,12','',NULL,'',NULL,NULL,NULL,863,18,7,8,NULL,NULL,NULL,NULL,NULL);
INSERT INTO finding VALUES(985,'-0000-00-00-------','','0',5733,1,'0,0,0','',NULL,'',NULL,NULL,NULL,1,NULL,NULL,NULL,NULL,NULL,NULL,NULL,NULL);
INSERT INTO finding VALUES(986,'-0000-00-00-------','','0',5734,1,'0,0,0','',NULL,'',NULL,NULL,NULL,1,NULL,NULL,NULL,NULL,NULL,NULL,NULL,NULL);
INSERT INTO finding VALUES(987,'-0000-00-00-------','','0',5735,1,'0,0,0','',NULL,'',NULL,NULL,NULL,1,NULL,NULL,NULL,NULL,NULL,NULL,NULL,NULL);
INSERT INTO finding VALUES(988,'-0000-00-00-------','','0',5736,1,'0,0,0','',NULL,'',NULL,NULL,NULL,1,NULL,NULL,NULL,NULL,NULL,NULL,NULL,NULL);
INSERT INTO finding VALUES(989,'-0000-00-00-------','','0',5737,1,'0,0,0','',NULL,'',NULL,NULL,NULL,1,NULL,NULL,NULL,NULL,NULL,NULL,NULL,NULL);
INSERT INTO finding VALUES(990,'-0000-00-00-------','','0',5738,1,'0,0,0','',2,'',NULL,5755,NULL,1,NULL,NULL,NULL,NULL,NULL,NULL,NULL,NULL);
INSERT INTO finding VALUES(991,'-0000-00-00-------','','0',5739,1,'0,0,0','',NULL,'',NULL,NULL,NULL,1,NULL,NULL,NULL,NULL,NULL,NULL,NULL,NULL);
INSERT INTO finding VALUES(992,'-0000-00-00-------','','0',5741,1,'0,0,0','',NULL,'',NULL,NULL,NULL,1,NULL,NULL,NULL,NULL,NULL,NULL,NULL,NULL);
INSERT INTO finding VALUES(993,'-0000-00-00-------','','0',5742,1,'0,0,0','',NULL,'',NULL,NULL,NULL,1,NULL,NULL,NULL,NULL,NULL,NULL,NULL,NULL);
INSERT INTO finding VALUES(994,'-0000-00-00-------','','0',5743,1,'0,0,0','',NULL,'',NULL,NULL,NULL,1,NULL,NULL,NULL,NULL,NULL,NULL,NULL,NULL);
INSERT INTO finding VALUES(995,'-0000-00-00-------','','0',5744,1,'0,0,0','',NULL,'',NULL,NULL,NULL,1,NULL,NULL,NULL,NULL,NULL,NULL,NULL,NULL);
INSERT INTO finding VALUES(996,'-0000-00-00-------','','0',5745,1,'0,0,0','',NULL,'',NULL,NULL,NULL,1,NULL,NULL,NULL,NULL,NULL,NULL,NULL,NULL);
INSERT INTO finding VALUES(997,'-0000-00-00-------','','0',5746,1,'0,0,0','',NULL,'',NULL,NULL,NULL,1,NULL,NULL,NULL,NULL,NULL,NULL,NULL,NULL);
INSERT INTO finding VALUES(999,'-0000-00-00-------','','0',5748,1,'0,0,0','',NULL,'',NULL,NULL,NULL,1,NULL,NULL,NULL,NULL,NULL,NULL,NULL,NULL);
INSERT INTO finding VALUES(1000,'-0000-00-00-------','','0',5749,1,'0,0,0','',NULL,'',NULL,NULL,NULL,1,NULL,NULL,NULL,NULL,NULL,NULL,NULL,NULL);
INSERT INTO finding VALUES(1001,'-0000-00-00-------','','0',5750,1,'0,0,0','',NULL,'',NULL,NULL,NULL,1,NULL,NULL,NULL,NULL,NULL,NULL,NULL,NULL);
INSERT INTO finding VALUES(1002,'-0000-00-00-------','','0',5751,1,'0,0,0','',NULL,'',NULL,NULL,NULL,1,NULL,NULL,NULL,NULL,NULL,NULL,NULL,NULL);
INSERT INTO finding VALUES(1003,'-0000-00-00-------','','0',5752,1,'0,0,0','',NULL,'',NULL,NULL,NULL,1,NULL,NULL,NULL,NULL,NULL,NULL,NULL,NULL);
INSERT INTO finding VALUES(1004,'-0000-00-00-------','','0',5753,1,'0,0,0','',NULL,'',NULL,NULL,NULL,1,NULL,NULL,NULL,NULL,NULL,NULL,NULL,NULL);
INSERT INTO finding VALUES(1005,'-0000-00-00-------','','0',5754,1,'0,0,0','',NULL,'',NULL,NULL,NULL,1,NULL,NULL,NULL,NULL,NULL,NULL,NULL,NULL);
INSERT INTO finding VALUES(1006,'-0000-00-00-------','','0',5755,1,'0,0,0','',2,'',NULL,NULL,NULL,1,NULL,NULL,NULL,NULL,NULL,NULL,NULL,NULL);
INSERT INTO finding VALUES(1007,'-0000-00-00-------','','0',5756,1,'0,0,0','',NULL,'',NULL,NULL,NULL,1,NULL,NULL,NULL,NULL,NULL,NULL,NULL,NULL);
INSERT INTO finding VALUES(1008,'-0000-00-00-------','','0',5757,1,'0,0,0','',NULL,'',NULL,NULL,NULL,1,NULL,NULL,NULL,NULL,NULL,NULL,NULL,NULL);
INSERT INTO finding VALUES(1009,'-0000-00-00-------','','0',5758,1,'0,0,0','',NULL,'',NULL,NULL,NULL,1,NULL,NULL,NULL,NULL,NULL,NULL,NULL,NULL);
INSERT INTO finding VALUES(1010,'-0000-00-00-------','','0',5759,1,'0,0,0','',NULL,'',NULL,NULL,NULL,1,NULL,NULL,NULL,NULL,NULL,NULL,NULL,NULL);
INSERT INTO finding VALUES(1011,'-0000-00-00-------','','0',5760,1,'0,0,0','',NULL,'',NULL,NULL,NULL,1,NULL,NULL,NULL,NULL,NULL,NULL,NULL,NULL);
INSERT INTO finding VALUES(1013,'-0000-00-00-------','','0',5762,1,'0,0,0','',NULL,'',NULL,NULL,NULL,1,NULL,NULL,NULL,NULL,NULL,NULL,NULL,NULL);
INSERT INTO finding VALUES(1014,'-0000-00-00-------','','0',5763,1,'0,0,0','',NULL,'',NULL,NULL,NULL,1,NULL,NULL,NULL,NULL,NULL,NULL,NULL,NULL);
INSERT INTO finding VALUES(1015,'-0000-00-00-------','','0',5764,1,'0,0,0','',NULL,'',NULL,NULL,NULL,1,NULL,NULL,NULL,NULL,NULL,NULL,NULL,NULL);
INSERT INTO finding VALUES(1016,'-0000-00-00-------','','0',5765,1,'0,0,0','',NULL,'',NULL,NULL,NULL,1,NULL,NULL,NULL,NULL,NULL,NULL,NULL,NULL);
INSERT INTO finding VALUES(1017,'-0000-00-00-------','','0',5767,1,'0,0,0','',NULL,'',NULL,NULL,NULL,1,NULL,NULL,NULL,NULL,NULL,NULL,NULL,NULL);
INSERT INTO finding VALUES(1018,'-0000-00-00-------','','0',5768,1,'0,0,0','',NULL,'',NULL,NULL,NULL,1,NULL,NULL,NULL,NULL,NULL,NULL,NULL,NULL);
INSERT INTO finding VALUES(1019,'-0000-00-00-------','','0',5769,1,'0,0,0','',NULL,'',NULL,NULL,NULL,1,NULL,NULL,NULL,NULL,NULL,NULL,NULL,NULL);
INSERT INTO finding VALUES(1020,'-0000-00-00-------','','0',5770,1,'0,0,0','',NULL,'',NULL,NULL,NULL,1,NULL,NULL,NULL,NULL,NULL,NULL,NULL,NULL);
INSERT INTO finding VALUES(1021,'-0000-00-00-------','','0',5771,1,'0,0,0','',NULL,'',NULL,NULL,NULL,1,NULL,NULL,NULL,NULL,NULL,NULL,NULL,NULL);
INSERT INTO finding VALUES(1022,'-0000-00-00-------','','0',5772,1,'0,0,0','',NULL,'',NULL,NULL,NULL,1,NULL,NULL,NULL,NULL,NULL,NULL,NULL,NULL);
INSERT INTO finding VALUES(1023,'-0000-00-00-------','','0',5773,1,'0,0,0','',2,'',1,6024,5999,1,NULL,NULL,NULL,NULL,NULL,NULL,NULL,NULL);
INSERT INTO finding VALUES(1024,'-0000-00-00-------','','0',5774,1,'0,0,0','',NULL,'',NULL,NULL,NULL,1,NULL,NULL,NULL,NULL,NULL,NULL,NULL,NULL);
INSERT INTO finding VALUES(1025,'-0000-00-00-------','','0',5775,1,'0,0,0','',NULL,'',NULL,NULL,NULL,1,NULL,NULL,NULL,NULL,NULL,NULL,NULL,NULL);
INSERT INTO finding VALUES(1026,'-0000-00-00-------','','0',5776,1,'0,0,0','',NULL,'',NULL,NULL,NULL,1,NULL,NULL,NULL,NULL,NULL,NULL,NULL,NULL);
INSERT INTO finding VALUES(1027,'-0000-00-00-------','','0',5780,1,'0,0,0','',NULL,'',NULL,NULL,NULL,1,NULL,NULL,NULL,NULL,NULL,NULL,NULL,NULL);
INSERT INTO finding VALUES(1028,'-0000-00-00-------','','0',5781,1,'0,0,0','',NULL,'',NULL,NULL,NULL,1,NULL,NULL,NULL,NULL,NULL,NULL,NULL,NULL);
INSERT INTO finding VALUES(1029,'-0000-00-00-------','','0',5782,1,'0,0,0','',NULL,'',NULL,NULL,NULL,1,NULL,NULL,NULL,NULL,NULL,NULL,NULL,NULL);
INSERT INTO finding VALUES(1030,'-0000-00-00-------','','0',5784,1,'0,0,0','',NULL,'',NULL,NULL,NULL,1,NULL,NULL,NULL,NULL,NULL,NULL,NULL,NULL);
INSERT INTO finding VALUES(1031,'-0000-00-00-------','','0',5785,1,'0,0,0','',NULL,'',NULL,NULL,NULL,1,NULL,NULL,NULL,NULL,NULL,NULL,NULL,NULL);
INSERT INTO finding VALUES(1032,'-0000-00-00-------','','0',5786,1,'0,0,0','',NULL,'',NULL,NULL,NULL,1,NULL,NULL,NULL,NULL,NULL,NULL,NULL,NULL);
INSERT INTO finding VALUES(1033,'-0000-00-00-------','','0',5787,1,'0,0,0','',NULL,'',NULL,NULL,NULL,1,NULL,NULL,NULL,NULL,NULL,NULL,NULL,NULL);
INSERT INTO finding VALUES(1034,'-0000-00-00-------','','0',5788,1,'0,0,0','',NULL,'',NULL,NULL,NULL,1,NULL,NULL,NULL,NULL,NULL,NULL,NULL,NULL);
INSERT INTO finding VALUES(1035,'-0000-00-00-------','','0',5789,1,'0,0,0','',NULL,'',NULL,NULL,NULL,1,NULL,NULL,NULL,NULL,NULL,NULL,NULL,NULL);
INSERT INTO finding VALUES(1036,'-0000-00-00-------','','0',5790,1,'0,0,0','',NULL,'',NULL,NULL,NULL,1,NULL,NULL,NULL,NULL,NULL,NULL,NULL,NULL);
INSERT INTO finding VALUES(1037,'-0000-00-00-------','','0',5791,1,'0,0,0','',NULL,'',NULL,NULL,NULL,1,NULL,NULL,NULL,NULL,NULL,NULL,NULL,NULL);
INSERT INTO finding VALUES(1038,'-0000-00-00-------','','0',5792,1,'0,0,0','',NULL,'',NULL,NULL,NULL,1,NULL,NULL,NULL,NULL,NULL,NULL,NULL,NULL);
INSERT INTO finding VALUES(1039,'-0000-00-00-------','','0',5793,1,'0,0,0','',NULL,'',NULL,NULL,NULL,1,NULL,NULL,NULL,NULL,NULL,NULL,NULL,NULL);
INSERT INTO finding VALUES(1040,'-0000-00-00-------','','0',5794,1,'0,0,0','',2,'',1,NULL,NULL,1,NULL,NULL,NULL,NULL,NULL,NULL,NULL,NULL);
INSERT INTO finding VALUES(1041,'-0000-00-00-------','','0',5795,1,'0,0,0','',NULL,'',NULL,NULL,NULL,1,NULL,NULL,NULL,NULL,NULL,NULL,NULL,NULL);
INSERT INTO finding VALUES(1042,'-0000-00-00-------','','0',5796,1,'0,0,0','',NULL,'',NULL,NULL,NULL,1,NULL,NULL,NULL,NULL,NULL,NULL,NULL,NULL);
INSERT INTO finding VALUES(1043,'-0000-00-00-------','','0',5797,1,'0,0,0','',NULL,'',NULL,NULL,NULL,1,NULL,NULL,NULL,NULL,NULL,NULL,NULL,NULL);
INSERT INTO finding VALUES(1044,'-0000-00-00-------','','0',5798,1,'0,0,0','',NULL,'',NULL,NULL,NULL,1,NULL,NULL,NULL,NULL,NULL,NULL,NULL,NULL);
INSERT INTO finding VALUES(1045,'-0000-00-00-------','','0',5799,1,'0,0,0','',NULL,'',NULL,NULL,NULL,1,NULL,NULL,NULL,NULL,NULL,NULL,NULL,NULL);
INSERT INTO finding VALUES(1046,'-0000-00-00-------','','0',5800,1,'0,0,0','',NULL,'',NULL,NULL,NULL,1,NULL,NULL,NULL,NULL,NULL,NULL,NULL,NULL);
INSERT INTO finding VALUES(1047,'-0000-00-00-------','','0',5801,1,'0,0,0','',NULL,'',NULL,NULL,NULL,1,NULL,NULL,NULL,NULL,NULL,NULL,NULL,NULL);
INSERT INTO finding VALUES(1048,'-0000-00-00-------','','0',5802,1,'0,0,0','',NULL,'',NULL,NULL,NULL,1,NULL,NULL,NULL,NULL,NULL,NULL,NULL,NULL);
INSERT INTO finding VALUES(1049,'-0000-00-00-------','','0',5803,1,'0,0,0','',NULL,'',NULL,NULL,NULL,1,NULL,NULL,NULL,NULL,NULL,NULL,NULL,NULL);
INSERT INTO finding VALUES(1050,'-0000-00-00-------','','0',5804,1,'0,0,0','',NULL,'',NULL,NULL,NULL,1,NULL,NULL,NULL,NULL,NULL,NULL,NULL,NULL);
INSERT INTO finding VALUES(1051,'-0000-00-00-------','','0',5805,1,'0,0,0','',NULL,'',NULL,NULL,NULL,1,NULL,NULL,NULL,NULL,NULL,NULL,NULL,NULL);
INSERT INTO finding VALUES(1052,'-0000-00-00-------','','0',5806,1,'0,0,0','',NULL,'',NULL,NULL,NULL,1,NULL,NULL,NULL,NULL,NULL,NULL,NULL,NULL);
INSERT INTO finding VALUES(1053,'-0000-00-00-------','','0',5807,1,'0,0,0','',NULL,'',NULL,NULL,NULL,1,NULL,NULL,NULL,NULL,NULL,NULL,NULL,NULL);
INSERT INTO finding VALUES(1054,'-0000-00-00-------','','0',5808,1,'0,0,0','',NULL,'',NULL,NULL,NULL,1,NULL,NULL,NULL,NULL,NULL,NULL,NULL,NULL);
INSERT INTO finding VALUES(1055,'-0000-00-00-------','','0',5809,1,'0,0,0','',NULL,'',NULL,NULL,NULL,1,NULL,NULL,NULL,NULL,NULL,NULL,NULL,NULL);
INSERT INTO finding VALUES(1056,'-0000-00-00-------','','0',5810,1,'0,0,0','',NULL,'',NULL,NULL,NULL,1,NULL,NULL,NULL,NULL,NULL,NULL,NULL,NULL);
INSERT INTO finding VALUES(1057,'-0000-00-00-------','','0',5811,1,'0,0,0','',NULL,'',NULL,NULL,NULL,1,NULL,NULL,NULL,NULL,NULL,NULL,NULL,NULL);
INSERT INTO finding VALUES(1058,'-0000-00-00-------','','0',5812,1,'0,0,0','',NULL,'',NULL,NULL,NULL,1,NULL,NULL,NULL,NULL,NULL,NULL,NULL,NULL);
INSERT INTO finding VALUES(1059,'-0000-00-00-------','','0',5813,1,'0,0,0','',NULL,'',NULL,NULL,NULL,1,NULL,NULL,NULL,NULL,NULL,NULL,NULL,NULL);
INSERT INTO finding VALUES(1060,'-0000-00-00-------','','0',5814,1,'0,0,0','',NULL,'',NULL,NULL,NULL,1,NULL,NULL,NULL,NULL,NULL,NULL,NULL,NULL);
INSERT INTO finding VALUES(1061,'-0000-00-00-------','','0',5815,1,'0,0,0','',NULL,'',NULL,NULL,NULL,1,NULL,NULL,NULL,NULL,NULL,NULL,NULL,NULL);
INSERT INTO finding VALUES(1062,'-0000-00-00-------','','0',5816,1,'0,0,0','',NULL,'',NULL,NULL,NULL,1,NULL,NULL,NULL,NULL,NULL,NULL,NULL,NULL);
INSERT INTO finding VALUES(1063,'-0000-00-00-------','','0',5817,1,'0,0,0','',NULL,'',NULL,NULL,NULL,1,NULL,NULL,NULL,NULL,NULL,NULL,NULL,NULL);
INSERT INTO finding VALUES(1064,'-0000-00-00-------','','0',5818,1,'0,0,0','',NULL,'',NULL,NULL,NULL,1,NULL,NULL,NULL,NULL,NULL,NULL,NULL,NULL);
INSERT INTO finding VALUES(1065,'-0000-00-00-------','','0',5819,1,'0,0,0','',NULL,'',NULL,NULL,NULL,1,NULL,NULL,NULL,NULL,NULL,NULL,NULL,NULL);
INSERT INTO finding VALUES(1066,'-0000-00-00-------','','0',5820,1,'0,0,0','',NULL,'',NULL,NULL,NULL,1,NULL,NULL,NULL,NULL,NULL,NULL,NULL,NULL);
INSERT INTO finding VALUES(1067,'-0000-00-00-------','','0',5821,1,'0,0,0','',NULL,'',NULL,NULL,NULL,1,NULL,NULL,NULL,NULL,NULL,NULL,NULL,NULL);
INSERT INTO finding VALUES(1068,'-0000-00-00-------','','0',5822,1,'0,0,0','',2,'',1,NULL,NULL,1,NULL,NULL,NULL,NULL,NULL,NULL,NULL,NULL);
INSERT INTO finding VALUES(1069,'-1888---------','details not recorded','1',12,83,'1888,0,0','',111,'',112,5807,5808,907,185,122,8,NULL,NULL,NULL,NULL,NULL);
INSERT INTO finding VALUES(1070,'est-1900-may-31-------','records lost in 1935 fire','10',12,95,'1900,5,31','25',121,'24',122,5806,5696,1,NULL,NULL,NULL,NULL,NULL,NULL,NULL,NULL);
INSERT INTO finding VALUES(1071,'-0000-00-00-------','','0',5823,1,'0,0,0','',NULL,'',NULL,NULL,NULL,1,NULL,NULL,NULL,NULL,NULL,NULL,NULL,NULL);
INSERT INTO finding VALUES(1072,'-0000-00-00-------','','0',5824,1,'0,0,0','',NULL,'',NULL,NULL,NULL,1,NULL,NULL,NULL,NULL,NULL,NULL,NULL,NULL);
INSERT INTO finding VALUES(1073,'-0000-00-00-------','','0',5825,1,'0,0,0','',NULL,'',NULL,NULL,NULL,1,NULL,NULL,NULL,NULL,NULL,NULL,NULL,NULL);
INSERT INTO finding VALUES(1074,'-0000-00-00-------','','0',5826,1,'0,0,0','',NULL,'',NULL,NULL,NULL,1,NULL,NULL,NULL,NULL,NULL,NULL,NULL,NULL);
INSERT INTO finding VALUES(1075,'-0000-00-00-------','','0',5827,1,'0,0,0','',2,'',1,5848,5849,1,NULL,NULL,NULL,NULL,NULL,NULL,NULL,NULL);
INSERT INTO finding VALUES(1076,'-0000-00-00-------','','0',5828,1,'0,0,0','',NULL,'',NULL,NULL,NULL,1,NULL,NULL,NULL,NULL,NULL,NULL,NULL,NULL);
INSERT INTO finding VALUES(1077,'-0000-00-00-------','','0',5829,1,'0,0,0','',2,'',NULL,5832,NULL,1,NULL,NULL,NULL,NULL,NULL,NULL,NULL,NULL);
INSERT INTO finding VALUES(1078,'-0000-00-00-------','','0',5830,1,'0,0,0','',NULL,'',NULL,NULL,NULL,1,NULL,NULL,NULL,NULL,NULL,NULL,NULL,NULL);
INSERT INTO finding VALUES(1079,'-0000-00-00-------','','0',5831,1,'0,0,0','',NULL,'',NULL,NULL,NULL,1,NULL,NULL,NULL,NULL,NULL,NULL,NULL,NULL);
INSERT INTO finding VALUES(1080,'-0000-00-00-------','','0',5832,1,'0,0,0','',2,'',1,5833,5836,1,NULL,NULL,NULL,NULL,NULL,NULL,NULL,NULL);
INSERT INTO finding VALUES(1081,'-0000-00-00-------','','0',5833,1,'0,0,0','',2,'',NULL,5851,5835,1,NULL,NULL,NULL,NULL,NULL,NULL,NULL,NULL);
INSERT INTO finding VALUES(1082,'-0000-00-00-------','','0',5834,1,'0,0,0','',NULL,'',NULL,NULL,NULL,1,NULL,NULL,NULL,NULL,NULL,NULL,NULL,NULL);
INSERT INTO finding VALUES(1083,'-0000-00-00-------','','0',5835,1,'0,0,0','',NULL,'',NULL,NULL,NULL,1,NULL,NULL,NULL,NULL,NULL,NULL,NULL,NULL);
INSERT INTO finding VALUES(1084,'-0000-00-00-------','','0',5836,1,'0,0,0','',NULL,'',NULL,NULL,NULL,1,NULL,NULL,NULL,NULL,NULL,NULL,NULL,NULL);
INSERT INTO finding VALUES(1085,'-1888---------','asdf','8',584,83,'1888,0,0','',110,'',110,NULL,NULL,2,8,NULL,NULL,NULL,NULL,NULL,NULL,NULL);
INSERT INTO finding VALUES(1086,'-1877---------','lkj','2',584,48,'1877,0,0','',130,'',130,NULL,NULL,2,8,NULL,NULL,NULL,NULL,NULL,NULL,NULL);
INSERT INTO finding VALUES(1087,'-1880---------','asdf','5',584,95,'1880,0,0','',120,'',120,NULL,NULL,2,8,NULL,NULL,NULL,NULL,NULL,NULL,NULL);
INSERT INTO finding VALUES(1088,'-1855---------','adsf','4',292,83,'1855,0,0','',110,'',110,NULL,NULL,6,11,7,8,NULL,NULL,NULL,NULL,NULL);
INSERT INTO finding VALUES(1089,'-1853---------','adf','3',292,95,'1853,0,0','',120,'',120,NULL,NULL,6,11,7,8,NULL,NULL,NULL,NULL,NULL);
INSERT INTO finding VALUES(1090,'-1895---------','adsf','5',295,95,'1895,0,0','',120,'',120,5810,5842,7,8,NULL,NULL,NULL,NULL,NULL,NULL,NULL);
INSERT INTO finding VALUES(1091,'-0000-00-00-------','','0',5837,1,'0,0,0','',NULL,'',NULL,NULL,NULL,1,NULL,NULL,NULL,NULL,NULL,NULL,NULL,NULL);
INSERT INTO finding VALUES(1092,'-0000-00-00-------','','0',5838,1,'0,0,0','',NULL,'',NULL,NULL,NULL,1,NULL,NULL,NULL,NULL,NULL,NULL,NULL,NULL);
INSERT INTO finding VALUES(1093,'-0000-00-00-------','','0',5839,1,'0,0,0','',NULL,'',NULL,NULL,NULL,1,NULL,NULL,NULL,NULL,NULL,NULL,NULL,NULL);
INSERT INTO finding VALUES(1094,'-0000-00-00-------','','0',5840,1,'0,0,0','',NULL,'',NULL,NULL,NULL,1,NULL,NULL,NULL,NULL,NULL,NULL,NULL,NULL);
INSERT INTO finding VALUES(1095,'-0000-00-00-------','','0',5841,1,'0,0,0','',NULL,'',NULL,NULL,NULL,1,NULL,NULL,NULL,NULL,NULL,NULL,NULL,NULL);
INSERT INTO finding VALUES(1096,'-0000-00-00-------','','0',5842,1,'0,0,0','',NULL,'',NULL,NULL,NULL,1,NULL,NULL,NULL,NULL,NULL,NULL,NULL,NULL);
INSERT INTO finding VALUES(1097,'-1844---------','asdfklj','5',5837,48,'1844,0,0','',111,'',112,5843,NULL,128,8,NULL,NULL,NULL,NULL,NULL,NULL,NULL);
INSERT INTO finding VALUES(1098,'-0000-00-00-------','','0',5843,1,'0,0,0','',NULL,'',NULL,NULL,NULL,1,NULL,NULL,NULL,NULL,NULL,NULL,NULL,NULL);
INSERT INTO finding VALUES(1099,'-1889---------','asdf','2',5843,83,'1889,0,0','',110,'',110,5844,NULL,13,12,NULL,NULL,NULL,NULL,NULL,NULL,NULL);
INSERT INTO finding VALUES(1100,'-0000-00-00-------','','0',5844,1,'0,0,0','',NULL,'',NULL,NULL,NULL,1,NULL,NULL,NULL,NULL,NULL,NULL,NULL,NULL);
INSERT INTO finding VALUES(1101,'-1863---------','','',5779,95,'1863,0,0','',121,'',122,5826,5830,1,NULL,NULL,NULL,NULL,NULL,NULL,NULL,NULL);
INSERT INTO finding VALUES(1102,'-0000-00-00-------','','0',5845,1,'0,0,0','',NULL,'',NULL,NULL,NULL,1,NULL,NULL,NULL,NULL,NULL,NULL,NULL,NULL);
INSERT INTO finding VALUES(1103,'-1862---------','','',5779,48,'1862,0,0','',130,'',130,5823,5798,1,NULL,NULL,NULL,NULL,NULL,NULL,NULL,NULL);
INSERT INTO finding VALUES(1104,'-1865---------','','',5779,83,'1865,0,0','',110,'',112,5819,5792,1,NULL,NULL,NULL,NULL,NULL,NULL,NULL,NULL);
INSERT INTO finding VALUES(1105,'-1881---------','','',12,95,'1881,0,0','',121,'',122,587,5739,1,NULL,NULL,NULL,NULL,NULL,NULL,NULL,NULL);
INSERT INTO finding VALUES(1106,'-0000-00-00-------','','0',5846,1,'0,0,0','',NULL,'',NULL,NULL,NULL,1,NULL,NULL,NULL,NULL,NULL,NULL,NULL,NULL);
INSERT INTO finding VALUES(1107,'-0000-00-00-------','','0',5847,1,'0,0,0','',NULL,'',NULL,NULL,NULL,1,NULL,NULL,NULL,NULL,NULL,NULL,NULL,NULL);
INSERT INTO finding VALUES(1108,'-0000-00-00-------','','0',5848,1,'0,0,0','',NULL,'',NULL,NULL,NULL,1,NULL,NULL,NULL,NULL,NULL,NULL,NULL,NULL);
INSERT INTO finding VALUES(1109,'-0000-00-00-------','','0',5849,1,'0,0,0','',2,'',NULL,5850,NULL,1,NULL,NULL,NULL,NULL,NULL,NULL,NULL,NULL);
INSERT INTO finding VALUES(1110,'-0000-00-00-------','','0',5850,1,'0,0,0','',NULL,'',NULL,NULL,NULL,1,NULL,NULL,NULL,NULL,NULL,NULL,NULL,NULL);
INSERT INTO finding VALUES(1111,'-1888---------','','12',5850,83,'1888,0,0','',110,'',110,5851,NULL,677,12,NULL,NULL,NULL,NULL,NULL,NULL,NULL);
INSERT INTO finding VALUES(1112,'-0000-00-00-------','','0',5851,1,'0,0,0','',NULL,'',NULL,NULL,NULL,1,NULL,NULL,NULL,NULL,NULL,NULL,NULL,NULL);
INSERT INTO finding VALUES(1113,'-0000-00-00-------','','0',5852,1,'0,0,0','',NULL,'',NULL,NULL,NULL,1,NULL,NULL,NULL,NULL,NULL,NULL,NULL,NULL);
INSERT INTO finding VALUES(1115,'-0000-00-00-------','','0',5853,1,'0,0,0','',NULL,'',NULL,NULL,NULL,1,NULL,NULL,NULL,NULL,NULL,NULL,NULL,NULL);
INSERT INTO finding VALUES(1117,'-0000-00-00-------','','0',5854,1,'0,0,0','',NULL,'',NULL,NULL,NULL,1,NULL,NULL,NULL,NULL,NULL,NULL,NULL,NULL);
INSERT INTO finding VALUES(1118,'-0000-00-00-------','','0',5855,1,'0,0,0','',2,'',1,5858,5859,1,NULL,NULL,NULL,NULL,NULL,NULL,NULL,NULL);
INSERT INTO finding VALUES(1119,'-0000-00-00-------','','0',5856,1,'0,0,0','',NULL,'',NULL,NULL,NULL,1,NULL,NULL,NULL,NULL,NULL,NULL,NULL,NULL);
INSERT INTO finding VALUES(1120,'-0000-00-00-------','','0',5857,1,'0,0,0','',2,'',1,5855,5854,1,NULL,NULL,NULL,NULL,NULL,NULL,NULL,NULL);
INSERT INTO finding VALUES(1121,'-1958---------','','3',5857,83,'1958,0,0','',110,'',110,5856,NULL,7,8,NULL,NULL,NULL,NULL,NULL,NULL,NULL);
INSERT INTO finding VALUES(1122,'-0000-00-00-------','','',NULL,2,'0, 0, 0','',NULL,'',NULL,NULL,NULL,1,NULL,NULL,NULL,NULL,NULL,NULL,NULL,NULL);
INSERT INTO finding VALUES(1123,'-1957---------','','',NULL,2,'1957,0,0','',128,'',129,5854,5856,7,8,NULL,NULL,NULL,NULL,NULL,NULL,NULL);
INSERT INTO finding VALUES(1125,'-0000-00-00-------','','0',5858,1,'0,0,0','',NULL,'',NULL,NULL,NULL,1,NULL,NULL,NULL,NULL,NULL,NULL,NULL,NULL);
INSERT INTO finding VALUES(1126,'-0000-00-00-------','','0',5859,1,'0,0,0','',2,'',1,5861,5862,1,NULL,NULL,NULL,NULL,NULL,NULL,NULL,NULL);
INSERT INTO finding VALUES(1127,'-0000-00-00-------','','0',5860,1,'0,0,0','',2,'',1,5858,5859,1,NULL,NULL,NULL,NULL,NULL,NULL,NULL,NULL);
INSERT INTO finding VALUES(1128,'-0000-00-00-------','','0',5861,1,'0,0,0','',2,'',1,5863,5864,1,NULL,NULL,NULL,NULL,NULL,NULL,NULL,NULL);
INSERT INTO finding VALUES(1129,'-0000-00-00-------','','0',5862,1,'0,0,0','',NULL,'',NULL,NULL,NULL,1,NULL,NULL,NULL,NULL,NULL,NULL,NULL,NULL);
INSERT INTO finding VALUES(1130,'-0000-00-00-------','','0',5863,1,'0,0,0','',NULL,'',NULL,NULL,NULL,1,NULL,NULL,NULL,NULL,NULL,NULL,NULL,NULL);
INSERT INTO finding VALUES(1131,'-0000-00-00-------','','0',5864,1,'0,0,0','',2,'',1,5865,5866,1,NULL,NULL,NULL,NULL,NULL,NULL,NULL,NULL);
INSERT INTO finding VALUES(1132,'-0000-00-00-------','','0',5865,1,'0,0,0','',NULL,'',NULL,NULL,NULL,1,NULL,NULL,NULL,NULL,NULL,NULL,NULL,NULL);
INSERT INTO finding VALUES(1133,'-0000-00-00-------','','0',5866,1,'0,0,0','',2,'',1,5867,5868,1,NULL,NULL,NULL,NULL,NULL,NULL,NULL,NULL);
INSERT INTO finding VALUES(1134,'-0000-00-00-------','','0',5867,1,'0,0,0','',NULL,'',NULL,NULL,NULL,1,NULL,NULL,NULL,NULL,NULL,NULL,NULL,NULL);
INSERT INTO finding VALUES(1135,'-0000-00-00-------','','0',5868,1,'0,0,0','',2,'',1,5869,5870,1,NULL,NULL,NULL,NULL,NULL,NULL,NULL,NULL);
INSERT INTO finding VALUES(1136,'-0000-00-00-------','','0',5869,1,'0,0,0','',NULL,'',NULL,NULL,NULL,1,NULL,NULL,NULL,NULL,NULL,NULL,NULL,NULL);
INSERT INTO finding VALUES(1137,'-0000-00-00-------','','0',5870,1,'0,0,0','',2,'',1,5872,5871,1,NULL,NULL,NULL,NULL,NULL,NULL,NULL,NULL);
INSERT INTO finding VALUES(1138,'-0000-00-00-------','','0',5871,1,'0,0,0','',2,'',1,5873,6088,1,NULL,NULL,NULL,NULL,NULL,NULL,NULL,NULL);
INSERT INTO finding VALUES(1139,'-0000-00-00-------','','0',5872,1,'0,0,0','',NULL,'',NULL,NULL,NULL,1,NULL,NULL,NULL,NULL,NULL,NULL,NULL,NULL);
INSERT INTO finding VALUES(1140,'-0000-00-00-------','','0',5873,1,'0,0,0','',NULL,'',NULL,NULL,NULL,1,NULL,NULL,NULL,NULL,NULL,NULL,NULL,NULL);
INSERT INTO finding VALUES(1141,'-0000-00-00-------','','0',5874,1,'0,0,0','',2,'',1,5875,5876,1,NULL,NULL,NULL,NULL,NULL,NULL,NULL,NULL);
INSERT INTO finding VALUES(1142,'-0000-00-00-------','','0',5875,1,'0,0,0','',2,'',1,5877,5878,1,NULL,NULL,NULL,NULL,NULL,NULL,NULL,NULL);
INSERT INTO finding VALUES(1143,'-0000-00-00-------','','0',5876,1,'0,0,0','',NULL,'',NULL,NULL,NULL,1,NULL,NULL,NULL,NULL,NULL,NULL,NULL,NULL);
INSERT INTO finding VALUES(1144,'-0000-00-00-------','','0',5877,1,'0,0,0','',NULL,'',NULL,NULL,NULL,1,NULL,NULL,NULL,NULL,NULL,NULL,NULL,NULL);
INSERT INTO finding VALUES(1145,'-0000-00-00-------','','0',5878,1,'0,0,0','',2,'',1,5880,5879,1,NULL,NULL,NULL,NULL,NULL,NULL,NULL,NULL);
INSERT INTO finding VALUES(1146,'-0000-00-00-------','','0',5879,1,'0,0,0','',2,'',NULL,5881,NULL,1,NULL,NULL,NULL,NULL,NULL,NULL,NULL,NULL);
INSERT INTO finding VALUES(1147,'-0000-00-00-------','','0',5880,1,'0,0,0','',NULL,'',NULL,NULL,NULL,1,NULL,NULL,NULL,NULL,NULL,NULL,NULL,NULL);
INSERT INTO finding VALUES(1148,'-0000-00-00-------','','0',5881,1,'0,0,0','',NULL,'',NULL,NULL,NULL,1,NULL,NULL,NULL,NULL,NULL,NULL,NULL,NULL);
INSERT INTO finding VALUES(1149,'-1894-f-2-------','ddkkjjuu','0',5882,1,'1894,2,2','',2,'',1,5856,5854,863,18,7,8,NULL,NULL,NULL,NULL,NULL);
INSERT INTO finding VALUES(1150,'-0000-00-00-------','','0',5883,1,'0,0,0','',2,'',1,12,303,1,NULL,NULL,NULL,NULL,NULL,NULL,NULL,NULL);
INSERT INTO finding VALUES(1151,'-0000-00-00-------','','0',5884,1,'0,0,0','',NULL,'',NULL,NULL,NULL,1,NULL,NULL,NULL,NULL,NULL,NULL,NULL,NULL);
INSERT INTO finding VALUES(1152,'-0000-00-00-------','','0',5885,1,'0,0,0','',NULL,'',NULL,NULL,NULL,1,NULL,NULL,NULL,NULL,NULL,NULL,NULL,NULL);
INSERT INTO finding VALUES(1153,'-0000-00-00-------','','0',5886,1,'0,0,0','',NULL,'',NULL,NULL,NULL,1,NULL,NULL,NULL,NULL,NULL,NULL,NULL,NULL);
INSERT INTO finding VALUES(1160,'-0000-00-00-------','','0',5888,1,'0,0,0','',NULL,'',NULL,NULL,NULL,1,NULL,NULL,NULL,NULL,NULL,NULL,NULL,NULL);
INSERT INTO finding VALUES(1161,'-0000-00-00-------','','0',5889,1,'0,0,0','',NULL,'',NULL,NULL,NULL,1,NULL,NULL,NULL,NULL,NULL,NULL,NULL,NULL);
INSERT INTO finding VALUES(1162,'-0000-00-00-------','','0',5890,1,'0,0,0','',NULL,'',NULL,NULL,NULL,1,NULL,NULL,NULL,NULL,NULL,NULL,NULL,NULL);
INSERT INTO finding VALUES(1163,'-0000-00-00-------','','0',5891,1,'0,0,0','',NULL,'',NULL,NULL,NULL,1,NULL,NULL,NULL,NULL,NULL,NULL,NULL,NULL);
INSERT INTO finding VALUES(1164,'-0000-00-00-------','','0',5892,1,'0,0,0','',NULL,'',NULL,NULL,NULL,1,NULL,NULL,NULL,NULL,NULL,NULL,NULL,NULL);
INSERT INTO finding VALUES(1165,'-0000-00-00-------','','0',5893,1,'0,0,0','',NULL,'',NULL,NULL,NULL,1,NULL,NULL,NULL,NULL,NULL,NULL,NULL,NULL);
INSERT INTO finding VALUES(1166,'-0000-00-00-------','','0',5894,1,'0,0,0','',NULL,'',NULL,NULL,NULL,1,NULL,NULL,NULL,NULL,NULL,NULL,NULL,NULL);
INSERT INTO finding VALUES(1167,'-0000-00-00-------','','0',5895,1,'0,0,0','',NULL,'',NULL,NULL,NULL,1,NULL,NULL,NULL,NULL,NULL,NULL,NULL,NULL);
INSERT INTO finding VALUES(1168,'-0000-00-00-------','','0',5896,1,'0,0,0','',NULL,'',NULL,NULL,NULL,1,NULL,NULL,NULL,NULL,NULL,NULL,NULL,NULL);
INSERT INTO finding VALUES(1169,'-0000-00-00-------','','0',5897,1,'0,0,0','',NULL,'',NULL,NULL,NULL,1,NULL,NULL,NULL,NULL,NULL,NULL,NULL,NULL);
INSERT INTO finding VALUES(1170,'-0000-00-00-------','','0',5898,1,'0,0,0','',NULL,'',NULL,NULL,NULL,1,NULL,NULL,NULL,NULL,NULL,NULL,NULL,NULL);
INSERT INTO finding VALUES(1171,'-0000-00-00-------','','0',5899,1,'0,0,0','',NULL,'',NULL,NULL,NULL,1,NULL,NULL,NULL,NULL,NULL,NULL,NULL,NULL);
INSERT INTO finding VALUES(1172,'-0000-00-00-------','','0',5900,1,'0,0,0','',NULL,'',NULL,NULL,NULL,1,NULL,NULL,NULL,NULL,NULL,NULL,NULL,NULL);
INSERT INTO finding VALUES(1173,'-0000-00-00-------','','0',5901,1,'0,0,0','',NULL,'',NULL,NULL,NULL,1,NULL,NULL,NULL,NULL,NULL,NULL,NULL,NULL);
INSERT INTO finding VALUES(1174,'-0000-00-00-------','','0',5902,1,'0,0,0','',NULL,'',NULL,NULL,NULL,1,NULL,NULL,NULL,NULL,NULL,NULL,NULL,NULL);
INSERT INTO finding VALUES(1175,'-0000-00-00-------','','0',5903,1,'0,0,0','',NULL,'',NULL,NULL,NULL,1,NULL,NULL,NULL,NULL,NULL,NULL,NULL,NULL);
INSERT INTO finding VALUES(1176,'-0000-00-00-------','','0',5904,1,'0,0,0','',NULL,'',NULL,NULL,NULL,1,NULL,NULL,NULL,NULL,NULL,NULL,NULL,NULL);
INSERT INTO finding VALUES(1177,'-0000-00-00-------','','0',5905,1,'0,0,0','',NULL,'',NULL,NULL,NULL,1,NULL,NULL,NULL,NULL,NULL,NULL,NULL,NULL);
INSERT INTO finding VALUES(1178,'-0000-00-00-------','','0',5906,1,'0,0,0','',NULL,'',NULL,NULL,NULL,1,NULL,NULL,NULL,NULL,NULL,NULL,NULL,NULL);
INSERT INTO finding VALUES(1179,'-0000-00-00-------','','0',5907,1,'0,0,0','',NULL,'',NULL,NULL,NULL,1,NULL,NULL,NULL,NULL,NULL,NULL,NULL,NULL);
INSERT INTO finding VALUES(1180,'-0000-00-00-------','','0',5908,1,'0,0,0','',NULL,'',NULL,NULL,NULL,1,NULL,NULL,NULL,NULL,NULL,NULL,NULL,NULL);
INSERT INTO finding VALUES(1181,'-0000-00-00-------','','0',5909,1,'0,0,0','',NULL,'',NULL,NULL,NULL,1,NULL,NULL,NULL,NULL,NULL,NULL,NULL,NULL);
INSERT INTO finding VALUES(1182,'-0000-00-00-------','','0',5910,1,'0,0,0','',NULL,'',NULL,NULL,NULL,1,NULL,NULL,NULL,NULL,NULL,NULL,NULL,NULL);
INSERT INTO finding VALUES(1183,'-0000-00-00-------','','0',5911,1,'0,0,0','',NULL,'',NULL,NULL,NULL,1,NULL,NULL,NULL,NULL,NULL,NULL,NULL,NULL);
INSERT INTO finding VALUES(1184,'-0000-00-00-------','','0',5912,1,'0,0,0','',NULL,'',NULL,NULL,NULL,1,NULL,NULL,NULL,NULL,NULL,NULL,NULL,NULL);
INSERT INTO finding VALUES(1185,'-0000-00-00-------','','0',5913,1,'0,0,0','',NULL,'',NULL,NULL,NULL,1,NULL,NULL,NULL,NULL,NULL,NULL,NULL,NULL);
INSERT INTO finding VALUES(1186,'-0000-00-00-------','','0',5914,1,'0,0,0','',NULL,'',NULL,NULL,NULL,1,NULL,NULL,NULL,NULL,NULL,NULL,NULL,NULL);
INSERT INTO finding VALUES(1187,'-0000-00-00-------','','0',5915,1,'0,0,0','',NULL,'',NULL,NULL,NULL,1,NULL,NULL,NULL,NULL,NULL,NULL,NULL,NULL);
INSERT INTO finding VALUES(1188,'-0000-00-00-------','','0',5916,1,'0,0,0','',NULL,'',NULL,NULL,NULL,1,NULL,NULL,NULL,NULL,NULL,NULL,NULL,NULL);
INSERT INTO finding VALUES(1189,'-0000-00-00-------','','0',5917,1,'0,0,0','',NULL,'',NULL,NULL,NULL,1,NULL,NULL,NULL,NULL,NULL,NULL,NULL,NULL);
INSERT INTO finding VALUES(1190,'-0000-00-00-------','','0',5918,1,'0,0,0','',NULL,'',NULL,NULL,NULL,1,NULL,NULL,NULL,NULL,NULL,NULL,NULL,NULL);
INSERT INTO finding VALUES(1191,'-0000-00-00-------','','0',5919,1,'0,0,0','',NULL,'',NULL,NULL,NULL,1,NULL,NULL,NULL,NULL,NULL,NULL,NULL,NULL);
INSERT INTO finding VALUES(1192,'-0000-00-00-------','','0',5920,1,'0,0,0','',NULL,'',NULL,NULL,NULL,1,NULL,NULL,NULL,NULL,NULL,NULL,NULL,NULL);
INSERT INTO finding VALUES(1193,'-0000-00-00-------','','0',5921,1,'0,0,0','',NULL,'',NULL,NULL,NULL,1,NULL,NULL,NULL,NULL,NULL,NULL,NULL,NULL);
INSERT INTO finding VALUES(1194,'-0000-00-00-------','','0',5922,1,'0,0,0','',NULL,'',NULL,NULL,NULL,1,NULL,NULL,NULL,NULL,NULL,NULL,NULL,NULL);
INSERT INTO finding VALUES(1195,'-0000-00-00-------','','0',5923,1,'0,0,0','',NULL,'',NULL,NULL,NULL,1,NULL,NULL,NULL,NULL,NULL,NULL,NULL,NULL);
INSERT INTO finding VALUES(1196,'-0000-00-00-------','','0',5924,1,'0,0,0','',NULL,'',NULL,NULL,NULL,1,NULL,NULL,NULL,NULL,NULL,NULL,NULL,NULL);
INSERT INTO finding VALUES(1197,'-0000-00-00-------','','0',5925,1,'0,0,0','',NULL,'',NULL,NULL,NULL,1,NULL,NULL,NULL,NULL,NULL,NULL,NULL,NULL);
INSERT INTO finding VALUES(1198,'-0000-00-00-------','','0',5926,1,'0,0,0','',NULL,'',NULL,NULL,NULL,1,NULL,NULL,NULL,NULL,NULL,NULL,NULL,NULL);
INSERT INTO finding VALUES(1199,'-0000-00-00-------','','0',5927,1,'0,0,0','',NULL,'',NULL,NULL,NULL,1,NULL,NULL,NULL,NULL,NULL,NULL,NULL,NULL);
INSERT INTO finding VALUES(1200,'-0000-00-00-------','','0',5928,1,'0,0,0','',NULL,'',NULL,NULL,NULL,1,NULL,NULL,NULL,NULL,NULL,NULL,NULL,NULL);
INSERT INTO finding VALUES(1201,'-0000-00-00-------','','0',5929,1,'0,0,0','',NULL,'',NULL,NULL,NULL,1,NULL,NULL,NULL,NULL,NULL,NULL,NULL,NULL);
INSERT INTO finding VALUES(1202,'-0000-00-00-------','','0',5930,1,'0,0,0','',NULL,'',NULL,NULL,NULL,1,NULL,NULL,NULL,NULL,NULL,NULL,NULL,NULL);
INSERT INTO finding VALUES(1203,'-0000-00-00-------','','0',5931,1,'0,0,0','',NULL,'',NULL,NULL,NULL,1,NULL,NULL,NULL,NULL,NULL,NULL,NULL,NULL);
INSERT INTO finding VALUES(1204,'-0000-00-00-------','','0',5932,1,'0,0,0','',NULL,'',NULL,NULL,NULL,1,NULL,NULL,NULL,NULL,NULL,NULL,NULL,NULL);
INSERT INTO finding VALUES(1205,'-0000-00-00-------','','0',5933,1,'0,0,0','',NULL,'',NULL,NULL,NULL,1,NULL,NULL,NULL,NULL,NULL,NULL,NULL,NULL);
INSERT INTO finding VALUES(1206,'-0000-00-00-------','','0',5934,1,'0,0,0','',NULL,'',NULL,NULL,NULL,1,NULL,NULL,NULL,NULL,NULL,NULL,NULL,NULL);
INSERT INTO finding VALUES(1207,'-0000-00-00-------','','0',5935,1,'0,0,0','',NULL,'',NULL,NULL,NULL,1,NULL,NULL,NULL,NULL,NULL,NULL,NULL,NULL);
INSERT INTO finding VALUES(1208,'-1824-oc-19-------','','0',5936,1,'1824,10,19','',2,'',1,5588,5777,1,NULL,NULL,NULL,NULL,NULL,NULL,NULL,NULL);
INSERT INTO finding VALUES(1209,'-0000-00-00-------','','0',5937,1,'0,0,0','',NULL,'',NULL,NULL,NULL,1,NULL,NULL,NULL,NULL,NULL,NULL,NULL,NULL);
INSERT INTO finding VALUES(1210,'-0000-00-00-------','','0',5938,1,'0,0,0','',NULL,'',NULL,NULL,NULL,1,NULL,NULL,NULL,NULL,NULL,NULL,NULL,NULL);
INSERT INTO finding VALUES(1211,'-0000-00-00-------','','0',5939,1,'0,0,0','',NULL,'',NULL,NULL,NULL,1,NULL,NULL,NULL,NULL,NULL,NULL,NULL,NULL);
INSERT INTO finding VALUES(1212,'-0000-00-00-------','','0',5940,1,'0,0,0','',NULL,'',NULL,NULL,NULL,1,NULL,NULL,NULL,NULL,NULL,NULL,NULL,NULL);
INSERT INTO finding VALUES(1213,'-0000-00-00-------','','0',5941,1,'0,0,0','',NULL,'',NULL,NULL,NULL,1,NULL,NULL,NULL,NULL,NULL,NULL,NULL,NULL);
INSERT INTO finding VALUES(1214,'-0000-00-00-------','','0',5942,1,'0,0,0','',NULL,'',NULL,NULL,NULL,1,NULL,NULL,NULL,NULL,NULL,NULL,NULL,NULL);
INSERT INTO finding VALUES(1215,'-0000-00-00-------','','0',5943,1,'0,0,0','',NULL,'',NULL,NULL,NULL,1,NULL,NULL,NULL,NULL,NULL,NULL,NULL,NULL);
INSERT INTO finding VALUES(1216,'-1820-jul-3-------','','0',5944,1,'1820,7,3','',2,'',1,5588,5766,1,NULL,NULL,NULL,NULL,NULL,NULL,NULL,NULL);
INSERT INTO finding VALUES(1217,'-0000-00-00-------','','0',5945,1,'0,0,0','',NULL,'',NULL,NULL,NULL,1,NULL,NULL,NULL,NULL,NULL,NULL,NULL,NULL);
INSERT INTO finding VALUES(1218,'-1800-s-1-------','','0',5946,1,'1800,9,1','',2,'',1,5588,5779,1,NULL,NULL,NULL,NULL,NULL,NULL,NULL,NULL);
INSERT INTO finding VALUES(1219,'-0000-00-00-------','','0',5947,1,'0,0,0','',NULL,'',NULL,NULL,NULL,1,NULL,NULL,NULL,NULL,NULL,NULL,NULL,NULL);
INSERT INTO finding VALUES(1220,'-0000-00-00-------','','0',5948,1,'0,0,0','',NULL,'',NULL,NULL,NULL,1,NULL,NULL,NULL,NULL,NULL,NULL,NULL,NULL);
INSERT INTO finding VALUES(1221,'-0000-00-00-------','','0',5949,1,'0,0,0','',NULL,'',NULL,NULL,NULL,1,NULL,NULL,NULL,NULL,NULL,NULL,NULL,NULL);
INSERT INTO finding VALUES(1222,'-0000-00-00-------','','0',5950,1,'0,0,0','',NULL,'',NULL,NULL,NULL,1,NULL,NULL,NULL,NULL,NULL,NULL,NULL,NULL);
INSERT INTO finding VALUES(1223,'-0000-00-00-------','','0',5951,1,'0,0,0','',NULL,'',NULL,NULL,NULL,1,NULL,NULL,NULL,NULL,NULL,NULL,NULL,NULL);
INSERT INTO finding VALUES(1224,'-0000-00-00-------','','0',5952,1,'0,0,0','',2,'',1,5588,5779,1,NULL,NULL,NULL,NULL,NULL,NULL,NULL,NULL);
INSERT INTO finding VALUES(1225,'-1888---------','','28',5808,13,'1888,0,0','',NULL,'',NULL,NULL,NULL,7,8,NULL,NULL,NULL,NULL,NULL,NULL,NULL);
INSERT INTO finding VALUES(1227,'-0000-00-00-------','','0',5953,1,'0,0,0','',NULL,'',NULL,NULL,NULL,1,NULL,NULL,NULL,NULL,NULL,NULL,NULL,NULL);
INSERT INTO finding VALUES(1228,'-0000-00-00-------','','0',5954,1,'0,0,0','',NULL,'',NULL,NULL,NULL,1,NULL,NULL,NULL,NULL,NULL,NULL,NULL,NULL);
INSERT INTO finding VALUES(1229,'-0000-00-00-------','','0',5955,1,'0,0,0','',NULL,'',NULL,NULL,NULL,1,NULL,NULL,NULL,NULL,NULL,NULL,NULL,NULL);
INSERT INTO finding VALUES(1230,'-0000-00-00-------','','0',5956,1,'0,0,0','',NULL,'',NULL,NULL,NULL,1,NULL,NULL,NULL,NULL,NULL,NULL,NULL,NULL);
INSERT INTO finding VALUES(1231,'-0000-00-00-------','','0',5957,1,'0,0,0','',NULL,'',NULL,NULL,NULL,1,NULL,NULL,NULL,NULL,NULL,NULL,NULL,NULL);
INSERT INTO finding VALUES(1232,'-0000-00-00-------','','0',5958,1,'0,0,0','',NULL,'',NULL,NULL,NULL,1,NULL,NULL,NULL,NULL,NULL,NULL,NULL,NULL);
INSERT INTO finding VALUES(1233,'-0000-00-00-------','','0',5959,1,'0,0,0','',NULL,'',NULL,NULL,NULL,1,NULL,NULL,NULL,NULL,NULL,NULL,NULL,NULL);
INSERT INTO finding VALUES(1234,'-0000-00-00-------','','0',5960,1,'0,0,0','',NULL,'',NULL,NULL,NULL,1,NULL,NULL,NULL,NULL,NULL,NULL,NULL,NULL);
INSERT INTO finding VALUES(1235,'-0000-00-00-------','','',NULL,15,'0, 0, 0','',NULL,'',NULL,NULL,NULL,1,NULL,NULL,NULL,NULL,NULL,NULL,NULL,NULL);
INSERT INTO finding VALUES(1236,'-1914---------','sdgfg','',NULL,15,'1914,0,0','25',128,'24',129,5635,12,7,8,NULL,NULL,NULL,NULL,NULL,NULL,NULL);
INSERT INTO finding VALUES(1237,'-0000-00-00-------','','0',5961,1,'0,0,0','',NULL,'',NULL,NULL,NULL,1,NULL,NULL,NULL,NULL,NULL,NULL,NULL,NULL);
INSERT INTO finding VALUES(1238,'-0000-00-00-------','','0',5962,1,'0,0,0','',NULL,'',NULL,NULL,NULL,1,NULL,NULL,NULL,NULL,NULL,NULL,NULL,NULL);
INSERT INTO finding VALUES(1239,'-0000-00-00-------','','0',5963,1,'0,0,0','',NULL,'',NULL,NULL,NULL,1,NULL,NULL,NULL,NULL,NULL,NULL,NULL,NULL);
INSERT INTO finding VALUES(1240,'-0000-00-00-------','','0',5964,1,'0,0,0','',NULL,'',NULL,NULL,NULL,1,NULL,NULL,NULL,NULL,NULL,NULL,NULL,NULL);
INSERT INTO finding VALUES(1241,'-0000-00-00-------','','0',5965,1,'0,0,0','',NULL,'',NULL,NULL,NULL,1,NULL,NULL,NULL,NULL,NULL,NULL,NULL,NULL);
INSERT INTO finding VALUES(1242,'-0000-00-00-------','','0',5966,1,'0,0,0','',NULL,'',NULL,NULL,NULL,1,NULL,NULL,NULL,NULL,NULL,NULL,NULL,NULL);
INSERT INTO finding VALUES(1243,'-0000-00-00-------','','0',5967,1,'0,0,0','',2,'',NULL,2,NULL,1,NULL,NULL,NULL,NULL,NULL,NULL,NULL,NULL);
INSERT INTO finding VALUES(1244,'-0000-00-00-------','','0',5968,1,'0,0,0','',NULL,'',NULL,NULL,NULL,1,NULL,NULL,NULL,NULL,NULL,NULL,NULL,NULL);
INSERT INTO finding VALUES(1245,'-0000-00-00-------','','0',5969,1,'0,0,0','',2,'',1,2,5971,1,NULL,NULL,NULL,NULL,NULL,NULL,NULL,NULL);
INSERT INTO finding VALUES(1246,'-0000-00-00-------','','0',5970,1,'0,0,0','',NULL,'',NULL,NULL,NULL,1,NULL,NULL,NULL,NULL,NULL,NULL,NULL,NULL);
INSERT INTO finding VALUES(1247,'-0000-00-00-------','','0',5971,1,'0,0,0','',NULL,'',1,NULL,NULL,1,NULL,NULL,NULL,NULL,NULL,NULL,NULL,NULL);
INSERT INTO finding VALUES(1248,'-0000-00-00-------','','0',5972,1,'0,0,0','',2,'',NULL,NULL,NULL,1,NULL,NULL,NULL,NULL,NULL,NULL,NULL,NULL);
INSERT INTO finding VALUES(1249,'-0000-00-00-------','','0',5973,1,'0,0,0','',2,'',1,5974,5975,1,NULL,NULL,NULL,NULL,NULL,NULL,NULL,NULL);
INSERT INTO finding VALUES(1250,'-0000-00-00-------','','0',5974,1,'0,0,0','',2,'',1,5983,5977,1,NULL,NULL,NULL,NULL,NULL,NULL,NULL,NULL);
INSERT INTO finding VALUES(1251,'-0000-00-00-------','','0',5975,1,'0,0,0','',NULL,'',NULL,NULL,NULL,1,NULL,NULL,NULL,NULL,NULL,NULL,NULL,NULL);
INSERT INTO finding VALUES(1252,'-0000-00-00-------','','0',5976,1,'0,0,0','',NULL,'',NULL,NULL,NULL,1,NULL,NULL,NULL,NULL,NULL,NULL,NULL,NULL);
INSERT INTO finding VALUES(1253,'-0000-00-00-------','','0',5977,1,'0,0,0','',2,'',NULL,5978,NULL,1,NULL,NULL,NULL,NULL,NULL,NULL,NULL,NULL);
INSERT INTO finding VALUES(1254,'-0000-00-00-------','','0',5978,1,'0,0,0','',NULL,'',NULL,NULL,NULL,1,NULL,NULL,NULL,NULL,NULL,NULL,NULL,NULL);
INSERT INTO finding VALUES(1255,'-0000-00-00-------','','0',5979,1,'0,0,0','',NULL,'',NULL,NULL,NULL,1,NULL,NULL,NULL,NULL,NULL,NULL,NULL,NULL);
INSERT INTO finding VALUES(1256,'-0000-00-00-------','','0',5980,1,'0,0,0','',NULL,'',NULL,NULL,NULL,1,NULL,NULL,NULL,NULL,NULL,NULL,NULL,NULL);
INSERT INTO finding VALUES(1257,'-0000-00-00-------','','0',5981,1,'0,0,0','',NULL,'',NULL,NULL,NULL,1,NULL,NULL,NULL,NULL,NULL,NULL,NULL,NULL);
INSERT INTO finding VALUES(1258,'-0000-00-00-------','','0',5982,1,'0,0,0','',NULL,'',NULL,NULL,NULL,1,NULL,NULL,NULL,NULL,NULL,NULL,NULL,NULL);
INSERT INTO finding VALUES(1259,'-0000-00-00-------','','0',5983,1,'0,0,0','',2,'',NULL,5799,NULL,1,NULL,NULL,NULL,NULL,NULL,NULL,NULL,NULL);
INSERT INTO finding VALUES(1260,'-0000-00-00-------','','0',5984,1,'0,0,0','',NULL,'',NULL,NULL,NULL,1,NULL,NULL,NULL,NULL,NULL,NULL,NULL,NULL);
INSERT INTO finding VALUES(1261,'-0000-00-00-------','','0',5985,1,'0,0,0','',2,'',NULL,NULL,NULL,1,NULL,NULL,NULL,NULL,NULL,NULL,NULL,NULL);
INSERT INTO finding VALUES(1262,'-0000-00-00-------','','0',5987,1,'0,0,0','',NULL,'',NULL,NULL,NULL,1,NULL,NULL,NULL,NULL,NULL,NULL,NULL,NULL);
INSERT INTO finding VALUES(1263,'-0000-00-00-------','','0',5988,1,'0,0,0','',NULL,'',NULL,NULL,NULL,1,NULL,NULL,NULL,NULL,NULL,NULL,NULL,NULL);
INSERT INTO finding VALUES(1264,'-0000-00-00-------','','0',5989,1,'0,0,0','',NULL,'',NULL,NULL,NULL,1,NULL,NULL,NULL,NULL,NULL,NULL,NULL,NULL);
INSERT INTO finding VALUES(1265,'-1920---------','','0',5990,1,'1920,0,0','',2,'',1,5588,5778,1,NULL,NULL,NULL,NULL,NULL,NULL,NULL,NULL);
INSERT INTO finding VALUES(1266,'-0000-00-00-------','','0',5991,1,'0,0,0','',NULL,'',NULL,NULL,NULL,1,NULL,NULL,NULL,NULL,NULL,NULL,NULL,NULL);
INSERT INTO finding VALUES(1267,'-0000-00-00-------','','0',5992,1,'0,0,0','',NULL,'',NULL,NULL,NULL,1,NULL,NULL,NULL,NULL,NULL,NULL,NULL,NULL);
INSERT INTO finding VALUES(1268,'-0000-00-00-------','','0',5993,1,'0,0,0','',NULL,'',NULL,NULL,NULL,1,NULL,NULL,NULL,NULL,NULL,NULL,NULL,NULL);
INSERT INTO finding VALUES(1269,'-0000-00-00-------','','0',5994,1,'0,0,0','',NULL,'',NULL,NULL,NULL,1,NULL,NULL,NULL,NULL,NULL,NULL,NULL,NULL);
INSERT INTO finding VALUES(1270,'-0000-00-00-------','','0',5995,1,'0,0,0','',NULL,'',NULL,NULL,NULL,1,NULL,NULL,NULL,NULL,NULL,NULL,NULL,NULL);
INSERT INTO finding VALUES(1271,'-0000-00-00-------','','0',5996,1,'0,0,0','',NULL,'',NULL,NULL,NULL,1,NULL,NULL,NULL,NULL,NULL,NULL,NULL,NULL);
INSERT INTO finding VALUES(1272,'-0000-00-00-------','','0',5997,1,'0,0,0','',NULL,'',NULL,NULL,NULL,1,NULL,NULL,NULL,NULL,NULL,NULL,NULL,NULL);
INSERT INTO finding VALUES(1273,'-0000-00-00-------','','0',5998,1,'0,0,0','',NULL,'',NULL,NULL,NULL,1,NULL,NULL,NULL,NULL,NULL,NULL,NULL,NULL);
INSERT INTO finding VALUES(1274,'-0000-00-00-------','','0',5999,1,'0,0,0','',NULL,'',NULL,NULL,NULL,1,NULL,NULL,NULL,NULL,NULL,NULL,NULL,NULL);
INSERT INTO finding VALUES(1275,'-0000-00-00-------','','0',6000,1,'0,0,0','',NULL,'',NULL,NULL,NULL,1,NULL,NULL,NULL,NULL,NULL,NULL,NULL,NULL);
INSERT INTO finding VALUES(1276,'-0000-00-00-------','','0',6001,1,'0,0,0','',NULL,'',NULL,NULL,NULL,1,NULL,NULL,NULL,NULL,NULL,NULL,NULL,NULL);
INSERT INTO finding VALUES(1277,'-0000-00-00-------','','0',6002,1,'0,0,0','',NULL,'',NULL,NULL,NULL,1,NULL,NULL,NULL,NULL,NULL,NULL,NULL,NULL);
INSERT INTO finding VALUES(1278,'-0000-00-00-------','','0',6003,1,'0,0,0','',NULL,'',NULL,NULL,NULL,1,NULL,NULL,NULL,NULL,NULL,NULL,NULL,NULL);
INSERT INTO finding VALUES(1279,'-0000-00-00-------','','0',6004,1,'0,0,0','',NULL,'',NULL,NULL,NULL,1,NULL,NULL,NULL,NULL,NULL,NULL,NULL,NULL);
INSERT INTO finding VALUES(1280,'-0000-00-00-------','','0',6005,1,'0,0,0','',NULL,'',NULL,NULL,NULL,1,NULL,NULL,NULL,NULL,NULL,NULL,NULL,NULL);
INSERT INTO finding VALUES(1281,'-0000-00-00-------','','0',6006,1,'0,0,0','',NULL,'',NULL,NULL,NULL,1,NULL,NULL,NULL,NULL,NULL,NULL,NULL,NULL);
INSERT INTO finding VALUES(1282,'-0000-00-00-------','','0',6007,1,'0,0,0','',NULL,'',NULL,NULL,NULL,1,NULL,NULL,NULL,NULL,NULL,NULL,NULL,NULL);
INSERT INTO finding VALUES(1283,'-0000-00-00-------','','0',6008,1,'0,0,0','',NULL,'',NULL,NULL,NULL,1,NULL,NULL,NULL,NULL,NULL,NULL,NULL,NULL);
INSERT INTO finding VALUES(1284,'-0000-00-00-------','','0',6009,1,'0,0,0','',NULL,'',NULL,NULL,NULL,1,NULL,NULL,NULL,NULL,NULL,NULL,NULL,NULL);
INSERT INTO finding VALUES(1285,'-0000-00-00-------','','0',6010,1,'0,0,0','',NULL,'',NULL,NULL,NULL,1,NULL,NULL,NULL,NULL,NULL,NULL,NULL,NULL);
INSERT INTO finding VALUES(1286,'-0000-00-00-------','','0',6011,1,'0,0,0','',NULL,'',NULL,NULL,NULL,1,NULL,NULL,NULL,NULL,NULL,NULL,NULL,NULL);
INSERT INTO finding VALUES(1295,'-0000-00-00-------','','0',6012,1,'0,0,0','',NULL,'',NULL,NULL,NULL,1,NULL,NULL,NULL,NULL,NULL,NULL,NULL,NULL);
INSERT INTO finding VALUES(1297,'-0000-00-00-------','','0',6013,1,'0,0,0','',NULL,'',NULL,NULL,NULL,1,NULL,NULL,NULL,NULL,NULL,NULL,NULL,NULL);
INSERT INTO finding VALUES(1298,'-0000-00-00-------','','0',6014,1,'0,0,0','',NULL,'',NULL,NULL,NULL,1,NULL,NULL,NULL,NULL,NULL,NULL,NULL,NULL);
INSERT INTO finding VALUES(1299,'-0000-00-00-------','','0',6015,1,'0,0,0','',NULL,'',NULL,NULL,NULL,1,NULL,NULL,NULL,NULL,NULL,NULL,NULL,NULL);
INSERT INTO finding VALUES(1300,'-0000-00-00-------','','0',6016,1,'0,0,0','',NULL,'',NULL,NULL,NULL,1,NULL,NULL,NULL,NULL,NULL,NULL,NULL,NULL);
INSERT INTO finding VALUES(1301,'-0000-00-00-------','','0',6017,1,'0,0,0','',NULL,'',NULL,NULL,NULL,1,NULL,NULL,NULL,NULL,NULL,NULL,NULL,NULL);
INSERT INTO finding VALUES(1302,'-0000-00-00-------','','0',6018,1,'0,0,0','',NULL,'',NULL,NULL,NULL,1,NULL,NULL,NULL,NULL,NULL,NULL,NULL,NULL);
INSERT INTO finding VALUES(1303,'-0000-00-00-------','','0',6019,1,'0,0,0','',NULL,'',NULL,NULL,NULL,1,NULL,NULL,NULL,NULL,NULL,NULL,NULL,NULL);
INSERT INTO finding VALUES(1304,'-0000-00-00-------','','0',6020,1,'0,0,0','',NULL,'',NULL,NULL,NULL,1,NULL,NULL,NULL,NULL,NULL,NULL,NULL,NULL);
INSERT INTO finding VALUES(1305,'-0000-00-00-------','','0',6021,1,'0,0,0','',NULL,'',NULL,NULL,NULL,1,NULL,NULL,NULL,NULL,NULL,NULL,NULL,NULL);
INSERT INTO finding VALUES(1306,'-0000-00-00-------','','0',6022,1,'0,0,0','',NULL,'',NULL,NULL,NULL,1,NULL,NULL,NULL,NULL,NULL,NULL,NULL,NULL);
INSERT INTO finding VALUES(1307,'-0000-00-00-------','','0',6023,1,'0,0,0','',NULL,'',NULL,NULL,NULL,1,NULL,NULL,NULL,NULL,NULL,NULL,NULL,NULL);
INSERT INTO finding VALUES(1308,'-0000-00-00-------','','0',6024,1,'0,0,0','',NULL,'',NULL,NULL,NULL,1,NULL,NULL,NULL,NULL,NULL,NULL,NULL,NULL);
INSERT INTO finding VALUES(1309,'-0000-00-00-------','','',NULL,2,'0, 0, 0','',NULL,'',NULL,NULL,NULL,1,NULL,NULL,NULL,NULL,NULL,NULL,NULL,NULL);
INSERT INTO finding VALUES(1310,'-0000-00-00-------','','0',6025,1,'0,0,0','',2,'',1,6042,311,1,NULL,NULL,NULL,NULL,NULL,NULL,NULL,NULL);
INSERT INTO finding VALUES(1311,'-0000-00-00-------','','',NULL,18,'0, 0, 0','',NULL,'',NULL,NULL,NULL,1,NULL,NULL,NULL,NULL,NULL,NULL,NULL,NULL);
INSERT INTO finding VALUES(1312,'-0000-00-00-------','','0',6026,1,'0,0,0','',128,'',129,NULL,NULL,1,NULL,NULL,NULL,NULL,NULL,NULL,NULL,NULL);
INSERT INTO finding VALUES(1313,'-0000-00-00-------','','',NULL,15,'0,0,0','',NULL,'',NULL,NULL,NULL,1,NULL,NULL,NULL,NULL,NULL,NULL,NULL,NULL);
INSERT INTO finding VALUES(1314,'-0000-00-00-------','','0',6027,1,'0,0,0','',NULL,'',NULL,NULL,NULL,1,NULL,NULL,NULL,NULL,NULL,NULL,NULL,NULL);
INSERT INTO finding VALUES(1316,'-0000-00-00-------','','0',6028,1,'0,0,0','',NULL,'',NULL,NULL,NULL,1,NULL,NULL,NULL,NULL,NULL,NULL,NULL,NULL);
INSERT INTO finding VALUES(1317,'-0000-00-00-------','','0',6029,1,'0,0,0','',NULL,'',NULL,NULL,NULL,1,NULL,NULL,NULL,NULL,NULL,NULL,NULL,NULL);
INSERT INTO finding VALUES(1318,'-1878---------','','',NULL,2,'1878,0,0','',128,'',129,5599,6029,1,NULL,NULL,NULL,NULL,NULL,NULL,NULL,NULL);
INSERT INTO finding VALUES(1319,'-0000-00-00-------','','0',6030,1,'0,0,0','',NULL,'',NULL,NULL,NULL,1,NULL,NULL,NULL,NULL,NULL,NULL,NULL,NULL);
INSERT INTO finding VALUES(1320,'-0000-00-00-------','','',NULL,2,'0,0,0','',128,'',129,5599,6030,1,NULL,NULL,NULL,NULL,NULL,NULL,NULL,NULL);
INSERT INTO finding VALUES(1321,'-0000-00-00-------','','0',6031,1,'0,0,0','',NULL,'',NULL,NULL,NULL,1,NULL,NULL,NULL,NULL,NULL,NULL,NULL,NULL);
INSERT INTO finding VALUES(1322,'-0000-00-00-------','','',NULL,15,'0,0,0','',128,'',129,5599,6031,1,NULL,NULL,NULL,NULL,NULL,NULL,NULL,NULL);
INSERT INTO finding VALUES(1323,'-0000-00-00-------','','0',6032,1,'0,0,0','',NULL,'',NULL,NULL,NULL,1,NULL,NULL,NULL,NULL,NULL,NULL,NULL,NULL);
INSERT INTO finding VALUES(1324,'-0000-00-00-------','','',NULL,18,'0,0,0','',128,'',129,5599,6032,1,NULL,NULL,NULL,NULL,NULL,NULL,NULL,NULL);
INSERT INTO finding VALUES(1325,'-0000-00-00-------','','0',6033,1,'0,0,0','',NULL,'',NULL,NULL,NULL,1,NULL,NULL,NULL,NULL,NULL,NULL,NULL,NULL);
INSERT INTO finding VALUES(1326,'-0000-00-00-------','','',NULL,2,'0,0,0','',128,'',129,5599,6033,1,NULL,NULL,NULL,NULL,NULL,NULL,NULL,NULL);
INSERT INTO finding VALUES(1327,'-0000-00-00-------','','0',6034,1,'0,0,0','',NULL,'',NULL,NULL,NULL,1,NULL,NULL,NULL,NULL,NULL,NULL,NULL,NULL);
INSERT INTO finding VALUES(1328,'-0000-00-00-------','','',NULL,2,'0,0,0','',128,'',129,5599,6034,1,NULL,NULL,NULL,NULL,NULL,NULL,NULL,NULL);
INSERT INTO finding VALUES(1329,'-0000-00-00-------','','0',6035,1,'0,0,0','',NULL,'',NULL,NULL,NULL,1,NULL,NULL,NULL,NULL,NULL,NULL,NULL,NULL);
INSERT INTO finding VALUES(1330,'-0000-00-00-------','','',NULL,2,'0,0,0','',128,'',129,5599,6035,1,NULL,NULL,NULL,NULL,NULL,NULL,NULL,NULL);
INSERT INTO finding VALUES(1331,'-0000-00-00-------','','',5599,13,'0,0,0','',NULL,'',NULL,NULL,NULL,816,8,NULL,NULL,NULL,NULL,NULL,NULL,NULL);
INSERT INTO finding VALUES(1332,'-0000-00-00-------','','',5599,6,'0,0,0','',NULL,'',NULL,NULL,NULL,816,8,NULL,NULL,NULL,NULL,NULL,NULL,NULL);
INSERT INTO finding VALUES(1333,'-1814---------','asdf','',NULL,56,'1814,0,0','25',128,'24',129,5599,293,211,NULL,NULL,NULL,NULL,NULL,NULL,NULL,NULL);
INSERT INTO finding VALUES(1334,'-0000-00-00-------','asdg','',NULL,18,'0,0,0','',128,'',129,5599,293,96,97,8,NULL,NULL,NULL,NULL,NULL,NULL);
INSERT INTO finding VALUES(1335,'-0000-00-00-------','','0',6036,1,'0,0,0','',NULL,'',NULL,NULL,NULL,1,NULL,NULL,NULL,NULL,NULL,NULL,NULL,NULL);
INSERT INTO finding VALUES(1336,'-1888---------','asdg','',NULL,2,'1888,0,0','25',128,'24',129,5599,6036,96,97,8,NULL,NULL,NULL,NULL,NULL,NULL);
INSERT INTO finding VALUES(1337,'-1842---------','','0',6037,1,'1842,0,0','',2,'',1,NULL,5696,1,NULL,NULL,NULL,NULL,NULL,NULL,NULL,NULL);
INSERT INTO finding VALUES(1338,'-0000-00-00-------','','0',6038,1,'0,0,0','',NULL,'',NULL,NULL,NULL,1,NULL,NULL,NULL,NULL,NULL,NULL,NULL,NULL);
INSERT INTO finding VALUES(1339,'-0000-00-00-------','','0',6039,1,'0,0,0','',NULL,'',NULL,NULL,NULL,1,NULL,NULL,NULL,NULL,NULL,NULL,NULL,NULL);
INSERT INTO finding VALUES(1340,'-0000-00-00-------','','0',6040,1,'0,0,0','',NULL,'',NULL,NULL,NULL,1,NULL,NULL,NULL,NULL,NULL,NULL,NULL,NULL);
INSERT INTO finding VALUES(1341,'-0000-00-00-------','','0',6041,1,'0,0,0','',NULL,'',NULL,NULL,NULL,1,NULL,NULL,NULL,NULL,NULL,NULL,NULL,NULL);
INSERT INTO finding VALUES(1342,'-0000-00-00-------','','0',6042,1,'0,0,0','',2,'',1,5959,NULL,1,NULL,NULL,NULL,NULL,NULL,NULL,NULL,NULL);
INSERT INTO finding VALUES(1343,'-0000-00-00-------','','0',6043,1,'0,0,0','',NULL,'',NULL,NULL,NULL,1,NULL,NULL,NULL,NULL,NULL,NULL,NULL,NULL);
INSERT INTO finding VALUES(1344,'-0000-00-00-------','','',6037,95,'0,0,0','',120,'',122,6046,NULL,1,NULL,NULL,NULL,NULL,NULL,NULL,NULL,NULL);
INSERT INTO finding VALUES(1345,'-0000-00-00-------','','',6037,48,'0,0,0','',130,'',130,6044,6045,1,NULL,NULL,NULL,NULL,NULL,NULL,NULL,NULL);
INSERT INTO finding VALUES(1346,'-0000-00-00-------','','0',6044,1,'0,0,0','',NULL,'',NULL,NULL,NULL,1,NULL,NULL,NULL,NULL,NULL,NULL,NULL,NULL);
INSERT INTO finding VALUES(1347,'-0000-00-00-------','','0',6045,1,'0,0,0','',NULL,'',NULL,NULL,NULL,1,NULL,NULL,NULL,NULL,NULL,NULL,NULL,NULL);
INSERT INTO finding VALUES(1348,'-0000-00-00-------','','0',6046,1,'0,0,0','',NULL,'',NULL,NULL,NULL,1,NULL,NULL,NULL,NULL,NULL,NULL,NULL,NULL);
INSERT INTO finding VALUES(1349,'-0000-00-00-------','','0',6047,1,'0,0,0','',NULL,'',NULL,NULL,NULL,1,NULL,NULL,NULL,NULL,NULL,NULL,NULL,NULL);
INSERT INTO finding VALUES(1353,'-0000-00-00-------','','0',6048,1,'0,0,0','',NULL,'',NULL,NULL,NULL,1,NULL,NULL,NULL,NULL,NULL,NULL,NULL,NULL);
INSERT INTO finding VALUES(1355,'-0000-00-00-------','','',NULL,15,'0,0,0','',128,'',129,306,293,1,NULL,NULL,NULL,NULL,NULL,NULL,NULL,NULL);
INSERT INTO finding VALUES(1359,'-0000-00-00-------','','',NULL,15,'0,0,0','',128,'',129,306,6042,1,NULL,NULL,NULL,NULL,NULL,NULL,NULL,NULL);
INSERT INTO finding VALUES(1360,'-0000-00-00-------','','',NULL,2,'0,0,0','',128,'',129,306,6042,1,NULL,NULL,NULL,NULL,NULL,NULL,NULL,NULL);
INSERT INTO finding VALUES(1361,'-1849---------','asdfdsfakjl','20',6042,13,'1849,0,0','',NULL,'',NULL,NULL,NULL,19,7,8,NULL,NULL,NULL,NULL,NULL,NULL);
INSERT INTO finding VALUES(1362,'-1850---------','asdfdddddddddd','',NULL,2,'1850,0,0','25',128,'24',129,293,5696,7,8,NULL,NULL,NULL,NULL,NULL,NULL,NULL);
INSERT INTO finding VALUES(1364,'-0000-00-00-------','janitor','',6042,6,'0,0,0','',NULL,'',NULL,NULL,NULL,1,NULL,NULL,NULL,NULL,NULL,NULL,NULL,NULL);
INSERT INTO finding VALUES(1365,'-1888---------','jjjjj','88',293,13,'1888,0,0','',NULL,'',NULL,NULL,NULL,19,7,8,NULL,NULL,NULL,NULL,NULL,NULL);
INSERT INTO finding VALUES(1366,'-1890---------','asdfaf','38',5696,13,'1890,0,0','',NULL,'',NULL,NULL,NULL,725,8,NULL,NULL,NULL,NULL,NULL,NULL,NULL);
INSERT INTO finding VALUES(1367,'-0000-00-00-------','','0',6049,1,'0,0,0','',NULL,'',NULL,NULL,NULL,1,NULL,NULL,NULL,NULL,NULL,NULL,NULL,NULL);
INSERT INTO finding VALUES(1368,'-0000-00-00-------','','0',6050,1,'0,0,0','',2,'',1,293,5587,1,NULL,NULL,NULL,NULL,NULL,NULL,NULL,NULL);
INSERT INTO finding VALUES(1369,'-1885---------','asdfasdf','3',6050,95,'1885,0,0','',120,'',120,617,11,7,8,NULL,NULL,NULL,NULL,NULL,NULL,NULL);
INSERT INTO finding VALUES(1370,'-0000-00-00-------','','',NULL,2,'0, 0, 0','',NULL,'',NULL,NULL,NULL,1,NULL,NULL,NULL,NULL,NULL,NULL,NULL,NULL);
INSERT INTO finding VALUES(1371,'-1890---------','sadfadsf','',NULL,2,'1890,0,0','25',128,'24',129,6050,NULL,18,7,8,NULL,NULL,NULL,NULL,NULL,NULL);
INSERT INTO finding VALUES(1372,'-1870---------','sadfasdf','',NULL,15,'1870,0,0','25',128,'24',129,6036,5599,97,8,NULL,NULL,NULL,NULL,NULL,NULL,NULL);
INSERT INTO finding VALUES(1373,'-0000-00-00-------','','',NULL,2,'0,0,0','25',128,'24',129,6036,6038,1,NULL,NULL,NULL,NULL,NULL,NULL,NULL,NULL);
INSERT INTO finding VALUES(1374,'-1842---------','asdgd','2',6025,95,'1842,0,0','',121,'',122,6052,6053,29,8,NULL,NULL,NULL,NULL,NULL,NULL,NULL);
INSERT INTO finding VALUES(1375,'-0000-00-00-------','','0',6051,1,'0,0,0','',NULL,'',NULL,NULL,NULL,1,NULL,NULL,NULL,NULL,NULL,NULL,NULL,NULL);
INSERT INTO finding VALUES(1376,'-0000-00-00-------','','0',6052,1,'0,0,0','',NULL,'',NULL,NULL,NULL,1,NULL,NULL,NULL,NULL,NULL,NULL,NULL,NULL);
INSERT INTO finding VALUES(1377,'-0000-00-00-------','','0',6053,1,'0,0,0','',NULL,'',NULL,NULL,NULL,1,NULL,NULL,NULL,NULL,NULL,NULL,NULL,NULL);
INSERT INTO finding VALUES(1378,'-1888---------','','',NULL,2,'1888,0,0','',128,'',129,6025,NULL,1,NULL,NULL,NULL,NULL,NULL,NULL,NULL,NULL);
INSERT INTO finding VALUES(1379,'-1890---------','','',NULL,2,'1890,0,0','',128,'',129,6025,NULL,1,NULL,NULL,NULL,NULL,NULL,NULL,NULL,NULL);
INSERT INTO finding VALUES(1380,'-1899---------','','',NULL,15,'1899,0,0','',128,'',129,6025,NULL,1,NULL,NULL,NULL,NULL,NULL,NULL,NULL,NULL);
INSERT INTO finding VALUES(1381,'-0000-00-00-------','','0',6054,1,'0,0,0','',NULL,'',NULL,NULL,NULL,1,NULL,NULL,NULL,NULL,NULL,NULL,NULL,NULL);
INSERT INTO finding VALUES(1382,'-0000-00-00-------','','0',6055,1,'0,0,0','',NULL,'',NULL,NULL,NULL,1,NULL,NULL,NULL,NULL,NULL,NULL,NULL,NULL);
INSERT INTO finding VALUES(1383,'-0000-00-00-------','','0',6056,1,'0,0,0','',NULL,'',NULL,NULL,NULL,1,NULL,NULL,NULL,NULL,NULL,NULL,NULL,NULL);
INSERT INTO finding VALUES(1384,'-0000-00-00-------','','',NULL,18,'0,0,0','',128,'',129,6025,6058,1,NULL,NULL,NULL,NULL,NULL,NULL,NULL,NULL);
INSERT INTO finding VALUES(1385,'-0000-00-00-------','','0',6057,1,'0,0,0','',NULL,'',NULL,NULL,NULL,1,NULL,NULL,NULL,NULL,NULL,NULL,NULL,NULL);
INSERT INTO finding VALUES(1386,'-0000-00-00-------','','0',6058,1,'0,0,0','',NULL,'',NULL,NULL,NULL,1,NULL,NULL,NULL,NULL,NULL,NULL,NULL,NULL);
INSERT INTO finding VALUES(1388,'-0000-00-00-------','','0',6059,1,'0,0,0','',NULL,'',NULL,NULL,NULL,1,NULL,NULL,NULL,NULL,NULL,NULL,NULL,NULL);
INSERT INTO finding VALUES(1389,'-1888---------','asdfsadfasdf','',NULL,2,'1888,0,0','25',128,'24',129,5739,12,7,8,NULL,NULL,NULL,NULL,NULL,NULL,NULL);
INSERT INTO finding VALUES(1390,'-0000-00-00-------','','0',6060,1,'0,0,0','',NULL,'',NULL,NULL,NULL,1,NULL,NULL,NULL,NULL,NULL,NULL,NULL,NULL);
INSERT INTO finding VALUES(1391,'-0000-00-00-------','','0',6061,1,'0,0,0','',NULL,'',NULL,NULL,NULL,1,NULL,NULL,NULL,NULL,NULL,NULL,NULL,NULL);
INSERT INTO finding VALUES(1392,'-0000-00-00-------','','0',6062,1,'0,0,0','',NULL,'',NULL,NULL,NULL,1,NULL,NULL,NULL,NULL,NULL,NULL,NULL,NULL);
INSERT INTO finding VALUES(1393,'-0000-00-00-------','','0',6063,1,'0,0,0','',NULL,'',NULL,NULL,NULL,1,NULL,NULL,NULL,NULL,NULL,NULL,NULL,NULL);
INSERT INTO finding VALUES(1394,'-0000-00-00-------','','0',6064,1,'0,0,0','',NULL,'',NULL,NULL,NULL,1,NULL,NULL,NULL,NULL,NULL,NULL,NULL,NULL);
INSERT INTO finding VALUES(1395,'-0000-00-00-------','','0',6065,1,'0,0,0','',NULL,'',NULL,NULL,NULL,1,NULL,NULL,NULL,NULL,NULL,NULL,NULL,NULL);
INSERT INTO finding VALUES(1396,'-0000-00-00-------','','0',6066,1,'0,0,0','',NULL,'',NULL,NULL,NULL,1,NULL,NULL,NULL,NULL,NULL,NULL,NULL,NULL);
INSERT INTO finding VALUES(1397,'-0000-00-00-------','','0',6067,1,'0,0,0','',NULL,'',NULL,NULL,NULL,1,NULL,NULL,NULL,NULL,NULL,NULL,NULL,NULL);
INSERT INTO finding VALUES(1398,'-0000-00-00-------','','0',6068,1,'0,0,0','',NULL,'',NULL,NULL,NULL,1,NULL,NULL,NULL,NULL,NULL,NULL,NULL,NULL);
INSERT INTO finding VALUES(1399,'-0000-00-00-------','','0',6069,1,'0,0,0','',NULL,'',NULL,NULL,NULL,1,NULL,NULL,NULL,NULL,NULL,NULL,NULL,NULL);
INSERT INTO finding VALUES(1400,'-0000-00-00-------','','0',6070,1,'0,0,0','',NULL,'',NULL,NULL,NULL,1,NULL,NULL,NULL,NULL,NULL,NULL,NULL,NULL);
INSERT INTO finding VALUES(1401,'-0000-00-00-------','','0',6071,1,'0,0,0','',NULL,'',NULL,NULL,NULL,1,NULL,NULL,NULL,NULL,NULL,NULL,NULL,NULL);
INSERT INTO finding VALUES(1402,'-0000-00-00-------','','0',6072,1,'0,0,0','',NULL,'',NULL,NULL,NULL,1,NULL,NULL,NULL,NULL,NULL,NULL,NULL,NULL);
INSERT INTO finding VALUES(1403,'-0000-00-00-------','','0',6073,1,'0,0,0','',NULL,'',NULL,NULL,NULL,1,NULL,NULL,NULL,NULL,NULL,NULL,NULL,NULL);
INSERT INTO finding VALUES(1404,'-0000-00-00-------','','0',6074,1,'0,0,0','',NULL,'',NULL,NULL,NULL,1,NULL,NULL,NULL,NULL,NULL,NULL,NULL,NULL);
INSERT INTO finding VALUES(1405,'-0000-00-00-------','','0',6075,1,'0,0,0','',2,'',NULL,6076,NULL,1,NULL,NULL,NULL,NULL,NULL,NULL,NULL,NULL);
INSERT INTO finding VALUES(1406,'-0000-00-00-------','','0',6076,1,'0,0,0','',NULL,'',NULL,NULL,NULL,1,NULL,NULL,NULL,NULL,NULL,NULL,NULL,NULL);
INSERT INTO finding VALUES(1407,'-1844---------','asdf','',NULL,2,'1844,0,0','25',128,'24',129,386,NULL,19,7,8,NULL,NULL,NULL,NULL,NULL,NULL);
INSERT INTO finding VALUES(1408,'-1855---------','sdf','',NULL,15,'1855,0,0','25',128,'24',129,386,NULL,19,7,8,NULL,NULL,NULL,NULL,NULL,NULL);
INSERT INTO finding VALUES(1409,'-1888---------','asdfasdf','',NULL,2,'1888,0,0','25',128,'24',129,295,5759,19,7,8,NULL,NULL,NULL,NULL,NULL,NULL);
INSERT INTO finding VALUES(1410,'-0000-00-00-------','','0',6077,1,'0,0,0','',NULL,'',1,NULL,5759,1,NULL,NULL,NULL,NULL,NULL,NULL,NULL,NULL);
INSERT INTO finding VALUES(1411,'-0000-00-00-------','','0',6078,1,'0,0,0','',2,'',1,6037,6041,1,NULL,NULL,NULL,NULL,NULL,NULL,NULL,NULL);
INSERT INTO finding VALUES(1412,'-1928---------','jjjjjjjjjjjjjjj','85',5882,4,'1928,0,0','',NULL,'',NULL,NULL,NULL,19,7,8,NULL,NULL,NULL,NULL,NULL,NULL);
INSERT INTO finding VALUES(1413,'-1935---------','iiiiiiiiiiiiii','83',5722,4,'1935,0,0','',NULL,'',NULL,NULL,NULL,2,8,NULL,NULL,NULL,NULL,NULL,NULL,NULL);
INSERT INTO finding VALUES(1414,'-1928---------','','',6037,4,'1928,0,0','',NULL,'',NULL,NULL,NULL,1,NULL,NULL,NULL,NULL,NULL,NULL,NULL,NULL);
INSERT INTO finding VALUES(1415,'est-1845-ap-19-ad------','','0',6079,1,'1845,4,19','',2,'',1,5588,5779,1,NULL,NULL,NULL,NULL,NULL,NULL,NULL,NULL);
INSERT INTO finding VALUES(1416,'-1888-may-1-------','','',5936,4,'1888,5,1','',NULL,'',NULL,NULL,NULL,1,NULL,NULL,NULL,NULL,NULL,NULL,NULL,NULL);
INSERT INTO finding VALUES(1417,'-1890-jun-30-------','','',5944,4,'1890,6,30','',NULL,'',NULL,NULL,NULL,1,NULL,NULL,NULL,NULL,NULL,NULL,NULL,NULL);
INSERT INTO finding VALUES(1418,'-1899---------','','',6079,4,'1899,0,0','',NULL,'',NULL,NULL,NULL,1,NULL,NULL,NULL,NULL,NULL,NULL,NULL,NULL);
INSERT INTO finding VALUES(1419,'-0000-00-00-------','','0',6080,1,'0,0,0','',NULL,'',NULL,NULL,NULL,1,NULL,NULL,NULL,NULL,NULL,NULL,NULL,NULL);
INSERT INTO finding VALUES(1420,'-0000-00-00-------','','0',6081,1,'0,0,0','',NULL,'',NULL,NULL,NULL,1,NULL,NULL,NULL,NULL,NULL,NULL,NULL,NULL);
INSERT INTO finding VALUES(1421,'-0000-00-00-------','','0',6082,1,'0,0,0','',NULL,'',NULL,NULL,NULL,1,NULL,NULL,NULL,NULL,NULL,NULL,NULL,NULL);
INSERT INTO finding VALUES(1422,'-0000-00-00-------','','0',6083,1,'0,0,0','',NULL,'',NULL,NULL,NULL,1,NULL,NULL,NULL,NULL,NULL,NULL,NULL,NULL);
INSERT INTO finding VALUES(1423,'-0000-00-00-------','','0',6084,1,'0,0,0','',NULL,'',NULL,NULL,NULL,1,NULL,NULL,NULL,NULL,NULL,NULL,NULL,NULL);
INSERT INTO finding VALUES(1424,'-0000-00-00-------','','0',6085,1,'0,0,0','',NULL,'',NULL,NULL,NULL,1,NULL,NULL,NULL,NULL,NULL,NULL,NULL,NULL);
INSERT INTO finding VALUES(1425,'-0000-00-00-------','','0',6086,1,'0,0,0','',NULL,'',NULL,NULL,NULL,1,NULL,NULL,NULL,NULL,NULL,NULL,NULL,NULL);
INSERT INTO finding VALUES(1426,'-0000-00-00-------','','0',6087,1,'0,0,0','',NULL,'',NULL,NULL,NULL,1,NULL,NULL,NULL,NULL,NULL,NULL,NULL,NULL);
INSERT INTO finding VALUES(1427,'-0000-00-00-------','','0',6088,1,'0,0,0','',NULL,'',NULL,NULL,NULL,1,NULL,NULL,NULL,NULL,NULL,NULL,NULL,NULL);
INSERT INTO finding VALUES(1428,'-0000-00-00-------','','0',6089,1,'0,0,0','',NULL,'',NULL,NULL,NULL,1,NULL,NULL,NULL,NULL,NULL,NULL,NULL,NULL);
INSERT INTO finding VALUES(1429,'-0000-00-00-------','','',NULL,2,'0, 0, 0','',NULL,'',NULL,NULL,NULL,1,NULL,NULL,NULL,NULL,NULL,NULL,NULL,NULL);
INSERT INTO finding VALUES(1430,'-0000-00-00-------','','28',5586,13,'0, 0, 0','',NULL,'',NULL,NULL,NULL,1,NULL,NULL,NULL,NULL,NULL,NULL,NULL,NULL);
INSERT INTO finding VALUES(1431,'-0000-00-00-------','','',5586,6,'0, 0, 0','',NULL,'',NULL,NULL,NULL,1,NULL,NULL,NULL,NULL,NULL,NULL,NULL,NULL);
INSERT INTO finding VALUES(1432,'-0000-00-00-------','','',5586,31,'0, 0, 0','',NULL,'',NULL,NULL,NULL,1,NULL,NULL,NULL,NULL,NULL,NULL,NULL,NULL);
INSERT INTO finding VALUES(1433,'-1845---------','','',NULL,2,'1845,0,0','',128,'',129,5586,294,1,NULL,NULL,NULL,NULL,NULL,NULL,NULL,NULL);
INSERT INTO finding VALUES(1434,'-1855---------','','',NULL,18,'1855,0,0','',128,'',129,5586,294,1,NULL,NULL,NULL,NULL,NULL,NULL,NULL,NULL);
INSERT INTO finding VALUES(1435,'-0000-00-00-------','','',NULL,15,'0, 0, 0','',128,'',129,5586,294,1,NULL,NULL,NULL,NULL,NULL,NULL,NULL,NULL);
INSERT INTO finding VALUES(1439,'-0000-00-00-------','','',5759,34,'0, 0, 0','',NULL,'',NULL,NULL,NULL,1,NULL,NULL,NULL,NULL,NULL,NULL,NULL,NULL);
INSERT INTO finding VALUES(1440,'-0000-00-00-------','','',NULL,15,'0, 0, 0','',128,'',129,5759,295,1,NULL,NULL,NULL,NULL,NULL,NULL,NULL,NULL);
INSERT INTO finding VALUES(1441,'-0000-00-00-------','','',NULL,15,'0, 0, 0','',128,'',129,5586,635,1,NULL,NULL,NULL,NULL,NULL,NULL,NULL,NULL);
INSERT INTO finding VALUES(1442,'-0000-00-00-------','','',NULL,2,'0, 0, 0','',128,'',129,6080,NULL,1,NULL,NULL,NULL,NULL,NULL,NULL,NULL,NULL);
INSERT INTO finding VALUES(1443,'-0000-00-00-------','','',633,13,'0, 0, 0','',NULL,'',NULL,NULL,NULL,1,NULL,NULL,NULL,NULL,NULL,NULL,NULL,NULL);
INSERT INTO finding VALUES(1444,'-0000-00-00-------','','',NULL,15,'0, 0, 0','',128,'',129,5599,6090,1,NULL,NULL,NULL,NULL,NULL,NULL,NULL,NULL);
INSERT INTO finding VALUES(1445,'-0000-00-00-------','','0',6090,1,'0,0,0','',NULL,'',NULL,NULL,NULL,1,NULL,NULL,NULL,NULL,NULL,NULL,NULL,NULL);
INSERT INTO finding VALUES(1446,'-0000-00-00-------','','',NULL,2,'0, 0, 0','',128,'',129,5589,NULL,1,NULL,NULL,NULL,NULL,NULL,NULL,NULL,NULL);
INSERT INTO finding VALUES(1447,'-0000-00-00-------','','',NULL,11,'0, 0, 0','',128,'',129,5589,NULL,1,NULL,NULL,NULL,NULL,NULL,NULL,NULL,NULL);
DELETE FROM sqlite_sequence;
INSERT INTO sqlite_sequence VALUES('source',29);
INSERT INTO sqlite_sequence VALUES('image',62);
INSERT INTO sqlite_sequence VALUES('event_type',105);
INSERT INTO sqlite_sequence VALUES('kin_type',131);
INSERT INTO sqlite_sequence VALUES('name_type',25);
INSERT INTO sqlite_sequence VALUES('person',6090);
INSERT INTO sqlite_sequence VALUES('role_type',116);
INSERT INTO sqlite_sequence VALUES('date_format',1);
INSERT INTO sqlite_sequence VALUES('place',910);
INSERT INTO sqlite_sequence VALUES('format',1);
INSERT INTO sqlite_sequence VALUES('color_scheme',330);
INSERT INTO sqlite_sequence VALUES('citation',10);
INSERT INTO sqlite_sequence VALUES('claim',8);
INSERT INTO sqlite_sequence VALUES('claims_findings',5);
INSERT INTO sqlite_sequence VALUES('claims_notes',5);
INSERT INTO sqlite_sequence VALUES('claims_roles',6);
INSERT INTO sqlite_sequence VALUES('current',1);
INSERT INTO sqlite_sequence VALUES('finding_places',1589);
INSERT INTO sqlite_sequence VALUES('findings_roles',297);
INSERT INTO sqlite_sequence VALUES('places_places',664);
INSERT INTO sqlite_sequence VALUES('setting',1);
INSERT INTO sqlite_sequence VALUES('findings_notes',200);
INSERT INTO sqlite_sequence VALUES('note',225);
INSERT INTO sqlite_sequence VALUES('report_type',3);
INSERT INTO sqlite_sequence VALUES('media_type',5);
INSERT INTO sqlite_sequence VALUES('chart_type',5);
INSERT INTO sqlite_sequence VALUES('images_elements',1119);
INSERT INTO sqlite_sequence VALUES('persons_persons',287);
INSERT INTO sqlite_sequence VALUES('findings_persons',348);
INSERT INTO sqlite_sequence VALUES('name',2152);
INSERT INTO sqlite_sequence VALUES('finding',1447);
COMMIT;
